code_commune,population,voix
85062,968.0,
58300,1839.0,
70137,218.0,
51649,13174.0,
78638,4749.0,
63089,1595.0,
57235,1113.0,
66026,1205.0,
27420,170.0,
42150,1235.0,
15088,505.0,
14541,106.0,
47066,812.0,
60032,753.0,
39478,10346.0,
73005,174.0,
50478,406.0,
25612,698.0,
70007,315.0,
12303,253.0,
59668,1766.0,
35287,2287.0,
40134,2682.0,
24075,289.0,
11319,68.0,
41112,252.0,
89059,748.0,
32233,1252.0,
21348,107.0,
09014,191.0,
43201,245.0,
30320,160.0,
76319,9937.0,
80549,682.0,
57014,386.0,
14066,2358.0,
37171,1149.0,
47068,1078.0,
81125,298.0,
65217,54.0,
62577,93.0,
27407,267.0,
27188,1296.0,
67310,1165.0,
55362,174.0,
10325,3750.0,
45214,249.0,
07126,1120.0,
08491,3343.0,
38474,11705.0,
11269,2277.0,
35155,657.0,
57072,634.0,
22254,1149.0,
31141,258.0,
55574,56.0,
71242,535.0,
80269,127.0,
57486,127.0,
63461,343.0,
54460,176.0,
43241,1239.0,
54128,712.0,
67095,1648.0,
42225,3897.0,
57002,74.0,
65013,58.0,
27033,328.0,
52156,443.0,
55514,621.0,
67460,1578.0,
44031,825.0,
55099,123.0,
62624,5269.0,
27667,396.0,
64161,879.0,
23021,844.0,
59588,6952.0,
02460,211.0,
36175,311.0,
39203,106.0,
82118,112.0,
64360,213.0,
46003,722.0,
973353,10477.0,
23064,688.0,
76524,129.0,
64474,153.0,
77295,1314.0,
64490,523.0,
26345,2023.0,
76210,522.0,
01408,694.0,
40054,276.0,
16031,387.0,
95301,301.0,
51264,539.0,
25627,259.0,
74190,658.0,
60317,679.0,
58055,825.0,
38174,1101.0,
28039,1536.0,
11178,1173.0,
60121,165.0,
68007,2217.0,
02063,382.0,
72334,2357.0,
14403,758.0,
78402,3626.0,
39141,283.0,
62112,517.0,
67558,783.0,
16095,144.0,
31540,247.0,
57287,2343.0,
80442,1121.0,
41121,30.0,
80236,542.0,
23202,242.0,
55556,52.0,
62573,3787.0,
38406,138.0,
74238,1278.0,
60648,351.0,
87105,911.0,
86217,327.0,
21055,21.0,
09292,38.0,
59627,992.0,
88224,382.0,
52128,125.0,
30341,11195.0,
57471,286.0,
43262,1236.0,
34126,2586.0,
50174,186.0,
27323,271.0,
84039,5489.0,
26133,168.0,
23232,222.0,
31465,14.0,
14042,871.0,
33174,1171.0,
80469,183.0,
24242,236.0,
16244,2453.0,
68336,494.0,
80458,457.0,
41236,106.0,
18119,205.0,
31351,4554.0,
90045,797.0,
32419,112.0,
43022,276.0,
55013,489.0,
15016,609.0,
21428,156.0,
62735,2163.0,
56083,15765.0,
04069,120.0,
38550,62.0,
45097,1167.0,
54584,1109.0,
76481,5797.0,
88394,47.0,
14714,766.0,
57402,134.0,
14483,190.0,
31369,35.0,
31134,71.0,
83122,252.0,
52090,113.0,
68374,7606.0,
40161,107.0,
37001,1127.0,
33104,4153.0,
22377,773.0,
67279,238.0,
60056,60.0,
05065,2345.0,
01194,6254.0,
35262,316.0,
04132,109.0,
25431,378.0,
02513,152.0,
63399,90.0,
58247,516.0,
59399,1042.0,
84022,271.0,
58240,73.0,
02118,118.0,
973313,2480.0,
91578,326.0,
62145,465.0,
72119,1017.0,
10046,99.0,
78576,1362.0,
71040,6515.0,
16181,557.0,
80619,725.0,
68386,1090.0,
45247,3628.0,
83046,2292.0,
06044,7815.0,
36217,102.0,
973358,150.0,
44202,1785.0,
17041,1467.0,
03093,1095.0,
971102,5114.0,
30284,4289.0,
88227,89.0,
27273,382.0,
47288,503.0,
24277,293.0,
73076,247.0,
31498,34.0,
89207,22.0,
33339,1394.0,
35243,2296.0,
62546,350.0,
66117,185.0,
67230,2220.0,
27198,2016.0,
32254,360.0,
65391,40.0,
72362,149.0,
69384,36336.0,
13206,42252.0,
40147,386.0,
47101,1283.0,
88076,470.0,
42212,815.0,
89321,838.0,
77416,231.0,
54248,94.0,
82148,670.0,
47008,109.0,
65145,56.0,
03063,961.0,
65085,101.0,
59008,10536.0,
70112,205.0,
84134,706.0,
71009,712.0,
33220,1253.0,
07282,409.0,
66214,968.0,
38089,208.0,
14283,226.0,
08268,71.0,
54383,1123.0,
13061,227.0,
62748,2172.0,
04203,438.0,
71319,795.0,
71580,432.0,
22345,841.0,
24052,129.0,
30306,552.0,
25125,326.0,
55327,287.0,
16399,346.0,
58087,777.0,
71270,33350.0,
64097,597.0,
41168,251.0,
24477,211.0,
70138,122.0,
02352,585.0,
11102,632.0,
18022,382.0,
68370,188.0,
59364,840.0,
45136,570.0,
40012,262.0,
78358,23194.0,
52431,159.0,
88189,152.0,
43104,206.0,
07176,133.0,
67507,1822.0,
73155,1616.0,
01125,617.0,
06085,18302.0,
84082,1886.0,
38243,248.0,
11258,1823.0,
82030,423.0,
68204,1071.0,
60347,271.0,
61217,48.0,
59508,13524.0,
17388,290.0,
21198,238.0,
63247,550.0,
76560,1019.0,
21590,1332.0,
01058,865.0,
74275,1733.0,
59191,633.0,
45255,455.0,
05066,10.0,
06012,13279.0,
13111,1040.0,
64365,405.0,
57254,1198.0,
21431,153.0,
79014,1639.0,
57655,1092.0,
49336,914.0,
50048,556.0,
36198,421.0,
50139,3374.0,
72135,618.0,
47229,219.0,
14684,241.0,
49182,799.0,
27363,190.0,
86211,844.0,
42207,35308.0,
76065,415.0,
03178,321.0,
71213,547.0,
28257,88.0,
17376,1412.0,
56107,8204.0,
34054,98.0,
39291,233.0,
88441,125.0,
52103,134.0,
57076,528.0,
51592,325.0,
45277,447.0,
51152,566.0,
23148,234.0,
62114,154.0,
10198,112.0,
19281,68.0,
71131,814.0,
51646,86.0,
18248,460.0,
25275,218.0,
64407,4825.0,
71330,768.0,
16103,125.0,
77128,2175.0,
40251,395.0,
10162,257.0,
67139,490.0,
62530,553.0,
17247,831.0,
95023,663.0,
85024,1903.0,
40042,270.0,
57457,144.0,
37149,434.0,
26204,150.0,
32044,346.0,
31282,7817.0,
88445,2342.0,
32070,233.0,
89483,487.0,
91111,3612.0,
34016,507.0,
17044,1134.0,
54318,5960.0,
41246,477.0,
55467,740.0,
68227,1119.0,
38075,2912.0,
04214,140.0,
61145,3687.0,
70052,134.0,
60404,1514.0,
50285,320.0,
64090,139.0,
46175,930.0,
17301,74.0,
22283,879.0,
61116,1343.0,
23091,178.0,
02229,63.0,
02573,68.0,
02657,230.0,
16312,826.0,
81200,455.0,
49369,1256.0,
71126,595.0,
61044,488.0,
33063,243626.0,
37084,529.0,
31292,67.0,
67364,911.0,
71293,409.0,
82049,1007.0,
79141,201.0,
17407,3906.0,
53201,7331.0,
36060,724.0,
91629,616.0,
55110,255.0,
24006,201.0,
59218,1408.0,
76681,28704.0,
92033,17769.0,
43136,206.0,
24081,627.0,
61171,109.0,
24337,149.0,
32378,482.0,
54505,687.0,
55460,148.0,
77078,1376.0,
02359,1212.0,
62494,61.0,
89065,36.0,
18014,161.0,
74169,5202.0,
18228,208.0,
55482,87.0,
68009,809.0,
24528,124.0,
14061,1039.0,
08207,245.0,
24151,121.0,
64332,170.0,
25438,437.0,
32264,194.0,
32466,99.0,
38132,66.0,
34282,1058.0,
62067,586.0,
88508,543.0,
72295,524.0,
30179,3187.0,
62428,500.0,
64176,175.0,
02267,290.0,
52350,82.0,
15091,98.0,
42215,1284.0,
67248,1715.0,
88446,262.0,
08315,57.0,
10410,122.0,
44208,823.0,
88052,105.0,
08480,3599.0,
32406,349.0,
25286,135.0,
11227,34.0,
72222,284.0,
50535,318.0,
33512,379.0,
08025,1202.0,
14110,119.0,
40217,5652.0,
62357,64.0,
31466,795.0,
89098,261.0,
60554,466.0,
68240,596.0,
35087,943.0,
52316,70.0,
86124,1123.0,
85011,1792.0,
76439,334.0,
02601,193.0,
21116,142.0,
03288,452.0,
33031,94.0,
02112,609.0,
60110,235.0,
65449,115.0,
09175,71.0,
51182,119.0,
07015,519.0,
49326,819.0,
63165,848.0,
35157,678.0,
62823,161.0,
74173,3313.0,
17362,245.0,
58122,430.0,
80094,444.0,
17484,1857.0,
14622,130.0,
31171,276.0,
28149,690.0,
33480,1444.0,
76599,3452.0,
55439,95.0,
58190,110.0,
75111,153461.0,
51218,129.0,
62786,326.0,
32307,2426.0,
14484,223.0,
49308,2044.0,
07012,361.0,
76062,249.0,
62079,80.0,
48098,89.0,
35010,1578.0,
12191,349.0,
08364,115.0,
85226,11169.0,
80512,860.0,
35265,2472.0,
56254,1195.0,
34072,32.0,
04158,441.0,
71561,234.0,
80625,630.0,
50549,321.0,
50372,196.0,
42137,762.0,
65189,252.0,
14744,290.0,
76572,140.0,
76684,1346.0,
12234,567.0,
31448,499.0,
16053,123.0,
25103,597.0,
77329,702.0,
60549,205.0,
36239,457.0,
71554,125.0,
69086,2337.0,
59431,7407.0,
36199,1211.0,
32028,111.0,
33293,3037.0,
57661,179.0,
57245,556.0,
25001,244.0,
11290,109.0,
74209,1391.0,
57177,3392.0,
22205,404.0,
84001,2683.0,
82142,1426.0,
80824,256.0,
81252,144.0,
43017,266.0,
27248,216.0,
46009,693.0,
61242,244.0,
57020,272.0,
07039,246.0,
10299,543.0,
02581,297.0,
76046,680.0,
29299,319.0,
52395,50.0,
76505,100.0,
88088,670.0,
42049,611.0,
33460,638.0,
02221,183.0,
24158,409.0,
61170,240.0,
12185,1646.0,
17313,407.0,
59617,604.0,
55389,248.0,
14243,1358.0,
38207,168.0,
70413,1969.0,
68326,155.0,
50533,165.0,
10131,353.0,
25572,96.0,
79223,65.0,
31525,509.0,
25162,191.0,
80420,183.0,
06051,98.0,
27310,451.0,
27180,1919.0,
74123,6968.0,
75103,35666.0,
28283,324.0,
51529,385.0,
87080,192.0,
71147,255.0,
57312,489.0,
84096,820.0,
2A018,142.0,
49008,968.0,
12038,153.0,
62150,513.0,
87082,1147.0,
33413,2168.0,
08415,347.0,
31052,1529.0,
10105,23.0,
57268,143.0,
07148,147.0,
49241,2335.0,
29278,1800.0,
80582,996.0,
54082,196.0,
25463,4261.0,
70256,744.0,
65112,145.0,
29023,3151.0,
65143,116.0,
80034,598.0,
38225,1357.0,
57371,570.0,
62725,127.0,
34333,3067.0,
37246,221.0,
70118,176.0,
44210,7298.0,
09313,146.0,
70178,510.0,
70102,276.0,
50417,1586.0,
60108,276.0,
89145,414.0,
39373,179.0,
03021,231.0,
57224,4147.0,
25039,888.0,
32065,216.0,
59517,747.0,
46236,124.0,
55572,80.0,
02070,444.0,
76095,8251.0,
27544,216.0,
42125,152.0,
63151,1345.0,
27419,726.0,
16298,422.0,
64366,129.0,
67192,909.0,
46136,242.0,
21136,28.0,
83086,9328.0,
52250,3443.0,
53077,3012.0,
78672,5127.0,
39066,168.0,
40237,686.0,
72005,959.0,
30091,1595.0,
90049,926.0,
03251,396.0,
33301,554.0,
10055,285.0,
60593,156.0,
27368,293.0,
65184,174.0,
78397,6605.0,
35356,1796.0,
57674,164.0,
62647,794.0,
57614,696.0,
59180,1433.0,
35353,4901.0,
05102,88.0,
02595,146.0,
63016,861.0,
63424,558.0,
62337,215.0,
01421,719.0,
35161,1728.0,
14488,9329.0,
21014,62.0,
2A189,1216.0,
64121,193.0,
65288,69.0,
86257,368.0,
63420,696.0,
05078,303.0,
25243,724.0,
27281,227.0,
14300,53.0,
46284,383.0,
08296,147.0,
50120,345.0,
25326,532.0,
83119,4402.0,
34237,1990.0,
08365,1431.0,
57416,638.0,
72006,1851.0,
72350,3044.0,
09235,870.0,
41241,1269.0,
10015,313.0,
57488,608.0,
54258,160.0,
66134,683.0,
54558,272.0,
48074,268.0,
02820,1762.0,
47115,254.0,
82040,275.0,
22024,210.0,
36178,295.0,
33326,221.0,
50493,1361.0,
41208,89.0,
15261,841.0,
50352,320.0,
70045,424.0,
10305,102.0,
45294,126.0,
77046,377.0,
68222,1050.0,
38133,4567.0,
24128,164.0,
2B121,329.0,
72246,232.0,
89245,811.0,
24143,738.0,
40044,882.0,
07254,837.0,
68215,885.0,
28235,284.0,
01057,508.0,
14623,2575.0,
02610,606.0,
2B316,1014.0,
19048,372.0,
02320,275.0,
52352,82.0,
23044,86.0,
28180,545.0,
45284,19571.0,
25009,179.0,
22240,1170.0,
61444,106.0,
25574,168.0,
57447,9861.0,
55583,192.0,
50276,552.0,
46049,211.0,
48105,206.0,
41198,2902.0,
17418,623.0,
971106,7446.0,
38503,2463.0,
28255,147.0,
2B059,96.0,
27325,165.0,
89209,514.0,
14715,4728.0,
59608,1108.0,
48064,371.0,
35308,2769.0,
44021,3586.0,
54134,264.0,
08444,93.0,
66095,424.0,
88274,83.0,
25282,727.0,
42086,560.0,
23239,677.0,
76728,948.0,
54557,1671.0,
66124,1877.0,
25115,260.0,
63304,97.0,
89460,3366.0,
91085,3736.0,
09290,156.0,
22280,946.0,
41108,128.0,
70514,684.0,
52538,278.0,
32348,579.0,
59169,227.0,
65007,1420.0,
43027,56.0,
61055,620.0,
42142,312.0,
24154,344.0,
76287,1075.0,
51455,232.0,
65433,3033.0,
14396,992.0,
71105,6919.0,
71234,323.0,
21070,119.0,
29170,4168.0,
42325,348.0,
15126,98.0,
08395,141.0,
36045,2706.0,
89084,309.0,
35122,1718.0,
21239,761.0,
89283,635.0,
22267,392.0,
18118,1416.0,
32337,76.0,
28027,1234.0,
86174,5850.0,
21401,351.0,
36176,614.0,
57286,321.0,
67138,534.0,
54176,1227.0,
76008,697.0,
10345,395.0,
01159,3186.0,
77402,361.0,
68287,4528.0,
12082,178.0,
69027,11429.0,
33254,484.0,
56208,349.0,
90058,597.0,
39511,75.0,
38387,517.0,
57505,1221.0,
89131,285.0,
54430,4848.0,
17228,2831.0,
71035,209.0,
74117,754.0,
50198,421.0,
06023,2480.0,
14006,993.0,
25309,1018.0,
26091,45.0,
83066,1562.0,
06025,1405.0,
61413,148.0,
91619,265.0,
59570,930.0,
65164,99.0,
22085,314.0,
77480,903.0,
86034,563.0,
17353,1980.0,
53111,485.0,
50151,2207.0,
40016,248.0,
51398,160.0,
58079,3993.0,
33357,1533.0,
60104,4536.0,
77308,710.0,
28029,346.0,
37024,981.0,
25054,475.0,
81261,973.0,
56084,759.0,
60025,1865.0,
17171,719.0,
2B013,21.0,
59473,299.0,
88187,42.0,
22333,758.0,
45036,865.0,
10212,125.0,
38017,1371.0,
01107,136.0,
40125,1298.0,
42105,163.0,
2B147,124.0,
40133,5419.0,
78455,7684.0,
31326,82.0,
21369,285.0,
28276,205.0,
59565,677.0,
71411,148.0,
95424,20307.0,
17231,108.0,
09042,960.0,
76553,315.0,
25184,286.0,
86113,2853.0,
28351,438.0,
21028,778.0,
05081,58.0,
21323,142.0,
08010,125.0,
85139,454.0,
39545,161.0,
62308,472.0,
14603,473.0,
60019,416.0,
34161,4034.0,
29061,5845.0,
72333,441.0,
23110,53.0,
82125,6072.0,
92032,22378.0,
86269,181.0,
29079,1309.0,
70146,138.0,
29289,143.0,
41267,875.0,
50292,2250.0,
31149,38302.0,
50579,1333.0,
24341,968.0,
24286,515.0,
14104,169.0,
50152,244.0,
30224,587.0,
77008,1337.0,
57456,697.0,
70417,288.0,
64463,683.0,
64530,361.0,
38484,1659.0,
56120,1646.0,
70529,371.0,
95120,2241.0,
74030,278.0,
67543,2121.0,
03281,407.0,
28234,533.0,
69136,2693.0,
88236,124.0,
17096,97.0,
47217,958.0,
63460,325.0,
76155,329.0,
45120,179.0,
45260,264.0,
82031,1162.0,
26312,1184.0,
89032,97.0,
28290,292.0,
91477,31264.0,
45099,572.0,
14711,935.0,
59397,578.0,
77228,248.0,
55018,42.0,
12124,311.0,
54421,339.0,
26145,589.0,
07157,1335.0,
67552,357.0,
29257,2060.0,
79007,674.0,
30026,1099.0,
40103,589.0,
14308,190.0,
15114,506.0,
15008,285.0,
15106,176.0,
67159,247.0,
21395,92.0,
14735,704.0,
58068,209.0,
91136,2668.0,
94001,5388.0,
44104,864.0,
77004,284.0,
17482,659.0,
60221,742.0,
61443,637.0,
57110,459.0,
50169,99.0,
31056,5824.0,
25628,197.0,
56049,157.0,
21010,142.0,
2B166,615.0,
63290,397.0,
67306,650.0,
27382,324.0,
03059,364.0,
22299,1341.0,
01214,149.0,
68088,937.0,
42026,1721.0,
82176,785.0,
63463,555.0,
35229,1247.0,
52529,717.0,
80811,627.0,
43005,163.0,
06072,180.0,
76605,491.0,
62593,99.0,
12140,1002.0,
63436,89.0,
55107,52.0,
45037,450.0,
11017,80.0,
28014,572.0,
09250,95.0,
2B082,50.0,
57092,631.0,
51288,231.0,
92025,84577.0,
76425,282.0,
40317,2426.0,
21485,2711.0,
11242,166.0,
52371,153.0,
71537,150.0,
34073,2260.0,
01411,264.0,
17126,311.0,
25333,348.0,
80449,87.0,
42068,435.0,
01241,1303.0,
42148,496.0,
09210,362.0,
47180,612.0,
38382,15996.0,
67474,3035.0,
88151,1139.0,
49120,1398.0,
01203,1187.0,
77396,102.0,
58010,802.0,
37266,6098.0,
29237,1929.0,
78172,35213.0,
35035,595.0,
33419,73.0,
89310,140.0,
09206,588.0,
26207,635.0,
42182,2977.0,
39254,121.0,
32069,60.0,
27517,1821.0,
74171,1598.0,
33247,176.0,
76699,386.0,
32169,164.0,
69055,1440.0,
57098,278.0,
02126,516.0,
37096,578.0,
10020,506.0,
21498,63.0,
76025,330.0,
61389,1102.0,
60513,3207.0,
62426,191.0,
43123,345.0,
85054,953.0,
70575,805.0,
23147,103.0,
14524,299.0,
50551,2195.0,
55512,286.0,
01342,536.0,
27434,56.0,
47103,206.0,
43133,140.0,
89298,622.0,
60652,948.0,
69268,3207.0,
62274,5735.0,
16318,358.0,
83007,2122.0,
18076,457.0,
88358,2004.0,
2B037,7772.0,
80516,219.0,
54565,243.0,
88431,135.0,
70218,152.0,
62366,333.0,
86156,228.0,
39297,1184.0,
43025,2805.0,
08156,534.0,
81144,4468.0,
12265,503.0,
02071,636.0,
62789,264.0,
52475,63.0,
07195,58.0,
72101,682.0,
971128,24653.0,
30041,1174.0,
43121,225.0,
50556,650.0,
77278,397.0,
57635,328.0,
51199,425.0,
29142,461.0,
64239,124.0,
25018,655.0,
16382,784.0,
58159,206.0,
49247,2416.0,
76437,619.0,
62071,412.0,
77385,2202.0,
82022,391.0,
31059,109.0,
81181,187.0,
54155,420.0,
89374,83.0,
2B156,17.0,
48072,191.0,
68315,7201.0,
35086,601.0,
95651,866.0,
19161,478.0,
63126,1326.0,
45280,1118.0,
32046,211.0,
78620,1151.0,
71140,36.0,
87166,912.0,
72157,739.0,
80161,214.0,
66070,170.0,
10417,217.0,
39214,112.0,
60112,336.0,
37094,586.0,
93032,39276.0,
54579,348.0,
02209,650.0,
27107,975.0,
57115,106.0,
19250,659.0,
63440,143.0,
62460,250.0,
43098,100.0,
60241,367.0,
24328,1226.0,
51254,236.0,
07302,823.0,
70334,1416.0,
24410,516.0,
80788,173.0,
25432,1972.0,
43111,917.0,
24551,3031.0,
60130,1017.0,
89335,434.0,
59459,4852.0,
2A282,155.0,
54574,570.0,
13085,5321.0,
79306,202.0,
64383,109.0,
25611,442.0,
90084,319.0,
51603,176.0,
86078,2827.0,
39050,150.0,
54215,6773.0,
52289,316.0,
74045,237.0,
32181,263.0,
14059,480.0,
60240,268.0,
09019,573.0,
52453,126.0,
68072,1423.0,
09005,125.0,
54293,102.0,
16364,67.0,
85267,855.0,
02736,178.0,
07199,1199.0,
21015,117.0,
63435,252.0,
81262,209.0,
24030,716.0,
62363,370.0,
34093,148.0,
63201,1045.0,
43169,46.0,
38536,1223.0,
40334,390.0,
41110,857.0,
10194,101.0,
57755,86.0,
50435,629.0,
71010,826.0,
48157,72.0,
24200,528.0,
68352,2248.0,
71037,96.0,
88253,672.0,
39492,224.0,
14134,197.0,
18286,503.0,
50166,309.0,
33255,221.0,
07028,475.0,
30101,661.0,
64417,3308.0,
07144,30.0,
17161,2897.0,
33008,279.0,
61319,274.0,
61266,91.0,
19125,855.0,
89384,784.0,
25195,1365.0,
84017,3110.0,
51028,925.0,
19193,175.0,
76697,736.0,
59539,1015.0,
33493,393.0,
69161,461.0,
31258,203.0,
64466,250.0,
64532,75.0,
18001,376.0,
07042,7241.0,
85297,1089.0,
65035,511.0,
47062,413.0,
54313,251.0,
44133,2864.0,
33125,1926.0,
82183,245.0,
49007,150125.0,
37240,675.0,
80361,71.0,
08060,267.0,
80669,353.0,
85229,656.0,
88245,301.0,
09115,122.0,
12150,546.0,
53036,1073.0,
51032,486.0,
59466,2774.0,
07242,112.0,
39039,229.0,
79009,472.0,
35090,2588.0,
13093,357.0,
42280,379.0,
02422,817.0,
33052,1157.0,
80626,284.0,
07109,315.0,
46030,343.0,
26380,569.0,
45226,1289.0,
2A094,90.0,
76041,683.0,
55416,205.0,
31340,261.0,
71383,515.0,
52386,552.0,
65215,46.0,
31293,2609.0,
27142,237.0,
25597,202.0,
33474,2573.0,
46185,1640.0,
63389,101.0,
02306,574.0,
60665,2786.0,
86237,741.0,
56041,2912.0,
2B255,47.0,
70152,429.0,
73176,673.0,
60682,565.0,
76018,1465.0,
29295,535.0,
33322,6183.0,
19182,835.0,
38492,650.0,
49228,1879.0,
73170,523.0,
62315,367.0,
54453,169.0,
86133,3203.0,
30277,466.0,
17023,342.0,
28272,163.0,
57006,998.0,
53016,1264.0,
14168,207.0,
80124,706.0,
67293,682.0,
80340,192.0,
64105,242.0,
03058,209.0,
16102,18705.0,
35292,1329.0,
54309,363.0,
31071,425.0,
07286,544.0,
45183,146.0,
71163,82.0,
37049,1372.0,
52429,570.0,
50496,429.0,
36009,1220.0,
64549,1297.0,
88424,2386.0,
02376,166.0,
54300,5932.0,
80730,875.0,
69212,408.0,
91411,2006.0,
51236,160.0,
25329,34.0,
51627,312.0,
56005,2108.0,
12048,359.0,
27606,448.0,
87194,342.0,
10132,230.0,
15259,268.0,
08208,151.0,
76656,766.0,
70229,252.0,
28299,180.0,
22096,492.0,
89361,259.0,
88017,154.0,
63146,820.0,
80232,234.0,
78653,334.0,
30296,197.0,
07030,230.0,
80548,370.0,
2A212,482.0,
36020,105.0,
55262,271.0,
45297,998.0,
2A284,347.0,
01112,417.0,
74134,1258.0,
71425,276.0,
31255,325.0,
971103,30015.0,
2A308,444.0,
14107,154.0,
2B339,23.0,
60671,382.0,
31070,504.0,
81218,2951.0,
45179,2901.0,
65299,234.0,
59429,2631.0,
64100,2559.0,
63131,1111.0,
27249,1094.0,
26235,12936.0,
09331,652.0,
31452,49.0,
02600,402.0,
40085,428.0,
21550,101.0,
14248,220.0,
11052,343.0,
27666,560.0,
51451,93.0,
76322,24967.0,
95154,321.0,
09217,178.0,
57498,2522.0,
24293,275.0,
28140,5497.0,
08030,57.0,
57276,321.0,
49334,300.0,
52116,57.0,
59045,162.0,
62675,257.0,
15026,197.0,
46068,164.0,
13059,3743.0,
60635,1066.0,
73097,669.0,
38256,1696.0,
54028,2536.0,
87152,1651.0,
40084,791.0,
86016,1951.0,
57613,325.0,
55535,72.0,
29211,712.0,
21334,587.0,
18175,648.0,
14353,406.0,
27140,445.0,
64347,183.0,
21004,302.0,
18027,680.0,
38542,298.0,
2B113,53.0,
53040,640.0,
52476,79.0,
57015,567.0,
39378,309.0,
26278,298.0,
02211,216.0,
58199,157.0,
51434,753.0,
62719,318.0,
61502,74.0,
72156,947.0,
09320,35.0,
69163,3295.0,
44109,292718.0,
15183,142.0,
62403,1240.0,
59630,2618.0,
59410,21513.0,
48193,194.0,
72124,4658.0,
59290,395.0,
51644,343.0,
88231,495.0,
77319,158.0,
12268,427.0,
62679,328.0,
03007,351.0,
80593,267.0,
42035,211.0,
06031,1357.0,
43175,152.0,
02423,395.0,
51551,195.0,
81045,368.0,
95682,179.0,
58166,241.0,
54219,71.0,
63347,497.0,
53097,7107.0,
72241,3038.0,
46196,102.0,
62606,1304.0,
57325,908.0,
63413,685.0,
30305,3209.0,
33020,122.0,
72375,543.0,
28306,170.0,
68124,411.0,
47071,250.0,
70486,124.0,
63155,415.0,
80224,125.0,
69174,657.0,
39172,232.0,
66084,1183.0,
21462,893.0,
2B136,161.0,
11089,395.0,
73229,518.0,
21624,144.0,
28068,435.0,
57396,772.0,
24586,889.0,
72071,4750.0,
57239,429.0,
15217,113.0,
46169,220.0,
53029,678.0,
08223,106.0,
07329,463.0,
68174,1550.0,
17089,983.0,
57136,508.0,
80043,300.0,
02446,132.0,
65247,108.0,
46013,164.0,
37046,452.0,
38405,1199.0,
80335,283.0,
88436,65.0,
54576,96.0,
02383,1499.0,
52094,163.0,
29173,2138.0,
59348,1336.0,
70169,213.0,
38190,1225.0,
24032,342.0,
60677,248.0,
59070,383.0,
35064,970.0,
34122,404.0,
27633,471.0,
93045,22819.0,
61324,782.0,
45324,2288.0,
16401,147.0,
32126,164.0,
65055,290.0,
27522,461.0,
62365,200.0,
89087,325.0,
57696,916.0,
53225,476.0,
08219,107.0,
41286,150.0,
22150,973.0,
02223,302.0,
74164,6385.0,
76670,822.0,
88071,57.0,
10424,66.0,
07226,96.0,
01206,261.0,
76275,1038.0,
61476,267.0,
60412,643.0,
39423,119.0,
62402,325.0,
30136,1079.0,
76562,911.0,
58204,341.0,
86042,963.0,
44218,663.0,
24068,2073.0,
76314,623.0,
84052,1199.0,
78236,585.0,
08081,5291.0,
27660,248.0,
64109,1883.0,
17225,1807.0,
77055,4414.0,
71272,237.0,
76307,1325.0,
81010,455.0,
29123,835.0,
72239,625.0,
61077,801.0,
33089,491.0,
02088,67.0,
30220,232.0,
03110,946.0,
64424,531.0,
32062,149.0,
34202,6512.0,
17099,679.0,
21633,169.0,
16048,131.0,
39171,1020.0,
50177,376.0,
27701,12969.0,
95598,17637.0,
24176,40.0,
68283,825.0,
50149,1077.0,
2B303,687.0,
21324,52.0,
14179,144.0,
62699,614.0,
55253,795.0,
90096,287.0,
46032,375.0,
64086,1006.0,
60489,964.0,
59366,731.0,
57141,85.0,
48155,445.0,
71085,235.0,
67265,559.0,
09315,121.0,
2B304,139.0,
70257,709.0,
59177,894.0,
44188,8619.0,
70269,44.0,
60507,473.0,
57417,69.0,
25590,84.0,
66206,111.0,
54124,32.0,
03016,133.0,
18167,300.0,
65169,75.0,
65448,82.0,
60155,3792.0,
16105,584.0,
13057,508.0,
88160,32188.0,
22350,198.0,
85005,1051.0,
25405,792.0,
32302,230.0,
31427,867.0,
16037,162.0,
65297,39.0,
24504,251.0,
14658,1248.0,
32342,75.0,
57173,109.0,
77408,407.0,
2A056,94.0,
41205,176.0,
24415,190.0,
55069,223.0,
62646,549.0,
77447,1917.0,
44094,3133.0,
34084,1709.0,
64059,1006.0,
81179,297.0,
80296,1270.0,
24373,323.0,
03252,612.0,
45185,298.0,
48081,309.0,
73290,407.0,
80163,746.0,
31230,3535.0,
62299,257.0,
45089,8756.0,
63083,944.0,
09129,107.0,
02759,370.0,
30350,3920.0,
65024,117.0,
03256,210.0,
95277,26075.0,
63163,908.0,
43089,3568.0,
51445,152.0,
95543,239.0,
33093,695.0,
45348,718.0,
71352,95.0,
71060,225.0,
47254,302.0,
79140,255.0,
71084,586.0,
30221,5458.0,
07107,1163.0,
14097,280.0,
21363,341.0,
38064,2740.0,
64189,6834.0,
78640,20997.0,
59405,417.0,
64171,224.0,
72172,1450.0,
27694,315.0,
86262,630.0,
15086,60.0,
43107,78.0,
76632,342.0,
04102,224.0,
42273,377.0,
71484,1282.0,
06156,150.0,
06114,5407.0,
08373,362.0,
25470,172.0,
75112,144719.0,
46088,830.0,
32230,46.0,
59172,20549.0,
81192,825.0,
61095,531.0,
62524,1426.0,
80432,188.0,
01382,294.0,
70476,62.0,
02384,50.0,
14303,919.0,
59175,324.0,
24537,257.0,
79050,643.0,
76159,3058.0,
17471,207.0,
17442,378.0,
77370,827.0,
32055,123.0,
77154,965.0,
76648,2541.0,
38228,498.0,
56144,1790.0,
62471,477.0,
86014,1710.0,
91526,90.0,
19203,1796.0,
74108,871.0,
10136,131.0,
68087,454.0,
19167,34.0,
50079,394.0,
02748,964.0,
48036,116.0,
74208,10958.0,
71160,314.0,
01095,641.0,
74265,638.0,
54388,79.0,
50588,663.0,
91099,2979.0,
78220,6660.0,
77335,2911.0,
24085,155.0,
74199,476.0,
33503,551.0,
86153,851.0,
80112,240.0,
80251,330.0,
83064,5422.0,
26375,24.0,
33439,1590.0,
11002,157.0,
71113,116.0,
29166,531.0,
71514,382.0,
85012,2179.0,
50479,119.0,
87135,966.0,
01225,403.0,
47081,697.0,
67093,352.0,
50077,1076.0,
54245,52.0,
41003,595.0,
65234,104.0,
78104,721.0,
16180,235.0,
50422,181.0,
77082,814.0,
67268,2493.0,
68341,869.0,
42012,638.0,
78486,6713.0,
03071,262.0,
05127,155.0,
13095,1159.0,
69001,344.0,
52114,1625.0,
19131,511.0,
69035,407.0,
08349,632.0,
26154,211.0,
08325,31.0,
17217,298.0,
43062,728.0,
80032,130.0,
54440,105.0,
66185,331.0,
32428,66.0,
33316,1037.0,
55428,123.0,
61463,994.0,
64212,162.0,
03095,13545.0,
60623,1086.0,
01060,550.0,
40102,1330.0,
01156,772.0,
34233,234.0,
24445,151.0,
82180,492.0,
35281,11783.0,
09192,119.0,
09032,1281.0,
72279,159.0,
62078,1180.0,
11343,83.0,
25613,105.0,
53080,122.0,
76510,190.0,
54199,380.0,
53103,2113.0,
50237,1365.0,
87150,909.0,
79312,118.0,
30347,1402.0,
25209,129.0,
06163,2157.0,
21097,30.0,
27455,161.0,
89287,4719.0,
15201,248.0,
40263,413.0,
64160,6672.0,
22016,406.0,
71523,1217.0,
11056,168.0,
21064,84.0,
81171,1376.0,
21344,211.0,
88027,146.0,
83118,34005.0,
44223,3628.0,
06124,69.0,
02747,90.0,
13081,11700.0,
59629,1353.0,
88491,123.0,
62608,174.0,
88525,138.0,
11265,19.0,
33412,1206.0,
06081,166.0,
51118,1368.0,
65343,193.0,
57351,1085.0,
91425,7384.0,
86270,162.0,
68202,227.0,
21291,358.0,
17219,5653.0,
18229,631.0,
62108,14835.0,
76514,952.0,
45315,5440.0,
67214,576.0,
79244,359.0,
47010,236.0,
24210,1038.0,
30168,592.0,
42192,454.0,
30104,681.0,
33487,1005.0,
28220,6720.0,
63417,2187.0,
80418,76.0,
14378,313.0,
10232,311.0,
21474,402.0,
21296,179.0,
62350,1069.0,
61445,720.0,
22371,1119.0,
15211,315.0,
80174,91.0,
30263,3886.0,
04181,61.0,
11396,503.0,
51523,242.0,
21471,16.0,
24271,541.0,
27624,932.0,
44141,1241.0,
04025,354.0,
44117,3189.0,
08240,171.0,
55489,264.0,
59344,2431.0,
62122,378.0,
69125,873.0,
72300,2568.0,
38080,724.0,
52353,3895.0,
30053,796.0,
22228,1443.0,
58218,1909.0,
40231,935.0,
62141,861.0,
22216,737.0,
51214,149.0,
30105,163.0,
49131,730.0,
61479,159.0,
51062,106.0,
76152,735.0,
60613,329.0,
05052,761.0,
17142,5346.0,
83071,8134.0,
71564,758.0,
09223,545.0,
64400,1158.0,
67542,355.0,
81051,1093.0,
57054,188.0,
23165,609.0,
40144,248.0,
01038,718.0,
78090,2083.0,
23249,212.0,
66107,840.0,
79274,342.0,
17111,834.0,
34043,276.0,
44073,5661.0,
06118,3851.0,
15054,1022.0,
17260,405.0,
78569,911.0,
79059,757.0,
77241,2242.0,
86290,1579.0,
85070,3127.0,
25626,222.0,
25090,53.0,
33053,228.0,
45203,6129.0,
2A031,546.0,
45121,510.0,
60063,795.0,
11169,84.0,
54497,79.0,
10228,208.0,
25318,1577.0,
56012,1836.0,
50647,1044.0,
84087,29193.0,
35063,426.0,
10279,70.0,
15113,199.0,
46130,262.0,
80301,249.0,
07173,51.0,
34142,7467.0,
07048,306.0,
38425,6004.0,
59639,1057.0,
77294,19267.0,
31267,48.0,
51122,116.0,
28396,322.0,
79101,2374.0,
57310,208.0,
02289,434.0,
48058,165.0,
75119,185953.0,
91457,4107.0,
31543,117.0,
25546,54.0,
17405,204.0,
74295,301.0,
68329,1341.0,
68376,14666.0,
67018,635.0,
81291,429.0,
52131,73.0,
47102,722.0,
02069,121.0,
57109,622.0,
12266,579.0,
53253,509.0,
51066,335.0,
33409,95.0,
88350,80.0,
52145,117.0,
33391,310.0,
16113,7466.0,
67475,256.0,
17194,3013.0,
12067,75.0,
57534,1844.0,
31119,216.0,
64408,52.0,
76034,1885.0,
65304,2446.0,
47001,34344.0,
07165,217.0,
03046,1055.0,
02715,49.0,
28237,234.0,
22179,1585.0,
21223,1427.0,
50400,1956.0,
85053,251.0,
64558,2483.0,
67540,905.0,
35204,2831.0,
65103,94.0,
65074,118.0,
62322,116.0,
27050,678.0,
46263,213.0,
10440,171.0,
91549,35868.0,
40209,4753.0,
67535,1132.0,
61162,182.0,
91064,4483.0,
16350,745.0,
25556,51.0,
08230,367.0,
85125,372.0,
2B097,68.0,
12231,653.0,
32111,49.0,
65090,79.0,
15156,626.0,
89278,489.0,
35319,2045.0,
02079,161.0,
62200,1024.0,
16166,5291.0,
63196,702.0,
58183,101.0,
95110,198.0,
32125,117.0,
37272,1081.0,
59424,1313.0,
17175,650.0,
10272,199.0,
57018,154.0,
84112,752.0,
17255,779.0,
28268,30.0,
18197,10238.0,
27313,558.0,
79128,969.0,
23073,389.0,
24148,297.0,
89022,142.0,
09071,234.0,
14211,347.0,
88180,139.0,
33035,712.0,
32091,319.0,
03176,494.0,
50058,1586.0,
55049,425.0,
40121,271.0,
33352,4092.0,
47245,88.0,
31502,380.0,
32120,418.0,
16316,392.0,
86200,617.0,
27446,511.0,
36076,250.0,
12095,222.0,
72039,3915.0,
45029,1814.0,
29243,415.0,
89433,314.0,
68145,5377.0,
93013,15708.0,
26141,165.0,
27475,172.0,
33477,685.0,
17202,611.0,
08140,1089.0,
25534,175.0,
40240,525.0,
43256,354.0,
55134,161.0,
63359,101.0,
52470,443.0,
57197,492.0,
01393,508.0,
59295,21737.0,
67416,476.0,
66220,45.0,
70506,374.0,
71434,296.0,
60454,992.0,
02056,170.0,
41030,242.0,
23215,134.0,
80688,3120.0,
68205,1470.0,
37053,143.0,
02380,32.0,
17413,1173.0,
95176,23419.0,
25517,287.0,
54109,913.0,
54119,78.0,
63003,6834.0,
34288,856.0,
24190,232.0,
79133,1170.0,
18154,196.0,
27284,11201.0,
2B317,47.0,
57251,326.0,
71450,123.0,
36174,346.0,
50129,37055.0,
34098,158.0,
35055,10410.0,
32073,214.0,
2B102,54.0,
27177,540.0,
77352,1837.0,
90104,930.0,
19134,777.0,
33212,106.0,
972213,40040.0,
60086,2122.0,
57379,284.0,
66216,64.0,
57477,1653.0,
02822,415.0,
49023,6909.0,
07099,599.0,
01386,1089.0,
42276,442.0,
51337,275.0,
33505,1418.0,
64162,97.0,
52051,87.0,
77129,632.0,
87095,722.0,
80657,328.0,
88170,735.0,
51605,545.0,
76218,89.0,
89299,59.0,
09234,115.0,
30017,206.0,
08417,262.0,
30355,1012.0,
41273,481.0,
01277,119.0,
18090,444.0,
2B030,130.0,
15219,348.0,
40250,578.0,
01250,1842.0,
29181,2788.0,
16034,156.0,
31462,1908.0,
40149,404.0,
52009,115.0,
21417,102.0,
50553,328.0,
72112,483.0,
41049,979.0,
02667,228.0,
972223,9524.0,
62667,9632.0,
57108,344.0,
72002,214.0,
64362,373.0,
11110,117.0,
16131,505.0,
43057,58.0,
80050,479.0,
42242,1910.0,
33328,691.0,
57564,590.0,
26035,454.0,
45243,310.0,
31297,1977.0,
01299,527.0,
77143,4711.0,
40011,372.0,
48121,261.0,
67538,1588.0,
14654,3587.0,
62895,8268.0,
26358,1532.0,
55525,75.0,
86183,1680.0,
17108,412.0,
24263,338.0,
42228,1350.0,
55002,116.0,
63431,170.0,
80108,85.0,
57004,83.0,
74006,1745.0,
63300,18675.0,
73248,7968.0,
67504,1227.0,
08145,1877.0,
26136,50.0,
53003,2784.0,
2B083,172.0,
24510,352.0,
52363,96.0,
45164,656.0,
38138,3343.0,
31335,29.0,
40211,682.0,
09289,1350.0,
07134,959.0,
15140,1929.0,
92007,38520.0,
32439,166.0,
2B169,1160.0,
13207,35262.0,
32205,111.0,
68267,1910.0,
70367,163.0,
77257,3612.0,
60337,596.0,
32147,2871.0,
12022,108.0,
11100,38.0,
80186,1975.0,
77184,644.0,
66198,501.0,
62541,128.0,
59425,297.0,
05072,240.0,
27408,633.0,
82089,1113.0,
32267,123.0,
04024,146.0,
28218,16149.0,
21321,97.0,
43229,559.0,
64272,148.0,
07264,2429.0,
16405,187.0,
38467,1257.0,
58309,447.0,
07137,82.0,
51548,424.0,
69120,601.0,
56074,1657.0,
39176,518.0,
53236,164.0,
79137,908.0,
49160,1661.0,
69135,946.0,
64134,369.0,
82195,705.0,
43203,453.0,
37089,715.0,
10084,1052.0,
38078,535.0,
05057,214.0,
42018,424.0,
15050,196.0,
81213,82.0,
57365,487.0,
74096,4228.0,
80706,1866.0,
87146,1187.0,
28053,263.0,
03050,192.0,
39173,1282.0,
51293,399.0,
18163,300.0,
17157,152.0,
33483,4552.0,
38179,6203.0,
66072,424.0,
59108,758.0,
60631,1072.0,
76346,357.0,
63007,170.0,
55047,183.0,
54409,181.0,
59654,7568.0,
26246,130.0,
43084,1728.0,
14130,194.0,
07225,1068.0,
25092,64.0,
60234,2299.0,
77030,781.0,
67236,586.0,
57433,11233.0,
2A253,53.0,
56069,2233.0,
21712,265.0,
21253,130.0,
28231,218.0,
72292,255.0,
70580,157.0,
31146,12.0,
30151,502.0,
28078,202.0,
54592,291.0,
59330,2394.0,
51240,134.0,
47096,217.0,
80519,519.0,
02411,211.0,
11230,29.0,
26115,609.0,
09267,133.0,
01267,1025.0,
42032,1665.0,
43108,463.0,
88371,1269.0,
54073,923.0,
78034,893.0,
57179,1661.0,
12251,384.0,
71194,708.0,
09155,40.0,
51171,1431.0,
86055,341.0,
35089,508.0,
51616,249.0,
50045,613.0,
33527,7155.0,
11123,147.0,
25563,115.0,
48032,241.0,
21467,133.0,
33202,1360.0,
71217,134.0,
65435,247.0,
06026,1342.0,
26277,173.0,
74147,990.0,
77489,204.0,
05075,420.0,
74051,627.0,
03014,142.0,
67080,1796.0,
29041,1904.0,
21502,679.0,
45028,7519.0,
31288,324.0,
71440,403.0,
59658,424.0,
76213,373.0,
91069,400.0,
74161,1816.0,
70407,252.0,
30216,923.0,
36093,2830.0,
84043,8134.0,
21650,153.0,
22236,749.0,
2B281,1057.0,
07041,2156.0,
79162,2680.0,
12080,426.0,
57075,273.0,
40164,332.0,
45206,310.0,
85059,2606.0,
70148,89.0,
62046,754.0,
60646,1142.0,
29060,2679.0,
60256,771.0,
70096,617.0,
55075,159.0,
65282,229.0,
62658,118.0,
25588,118.0,
34096,520.0,
24196,464.0,
23029,220.0,
27507,3851.0,
02295,927.0,
69045,1197.0,
62412,1182.0,
62731,310.0,
87137,134.0,
02377,151.0,
37208,14893.0,
58303,9440.0,
02036,88.0,
41060,698.0,
39229,194.0,
41269,17121.0,
79301,678.0,
54522,139.0,
88256,270.0,
06107,79.0,
33178,385.0,
63277,72.0,
88381,215.0,
31240,564.0,
68211,418.0,
62011,643.0,
25203,157.0,
17097,759.0,
21481,1624.0,
90047,624.0,
10142,1902.0,
95257,4617.0,
60452,535.0,
86180,2751.0,
55267,268.0,
29182,1110.0,
21645,628.0,
74099,951.0,
43264,315.0,
61271,102.0,
61213,288.0,
70504,355.0,
61347,199.0,
45157,420.0,
21608,110.0,
24498,859.0,
88232,232.0,
08489,222.0,
22027,452.0,
69122,1834.0,
67510,367.0,
37256,313.0,
15085,450.0,
80066,267.0,
57570,445.0,
03078,220.0,
18047,662.0,
57190,364.0,
55313,75.0,
2A108,203.0,
88353,96.0,
60364,637.0,
02440,149.0,
79126,444.0,
95388,5339.0,
51373,95.0,
71258,509.0,
01433,322.0,
04191,13.0,
38489,127.0,
50474,555.0,
05079,1003.0,
51210,1572.0,
72031,530.0,
57548,401.0,
14677,256.0,
77400,1751.0,
67365,11925.0,
77406,936.0,
59119,537.0,
50609,159.0,
62806,142.0,
28085,38840.0,
59599,93974.0,
39335,548.0,
09342,235.0,
47236,113.0,
86072,478.0,
23047,243.0,
85065,3490.0,
64199,141.0,
14215,2034.0,
55171,257.0,
62120,459.0,
84066,248.0,
74221,508.0,
63386,422.0,
41250,476.0,
12062,340.0,
38114,1529.0,
87156,2650.0,
18199,254.0,
67438,841.0,
03265,708.0,
59101,426.0,
24088,343.0,
95582,26557.0,
13114,4857.0,
79157,1302.0,
25539,5946.0,
54271,129.0,
58260,1306.0,
39245,375.0,
60487,349.0,
2B095,155.0,
43120,1326.0,
62591,186.0,
67559,237.0,
72278,841.0,
85245,159.0,
21112,440.0,
46108,399.0,
30290,1783.0,
33458,942.0,
54353,968.0,
01335,354.0,
47127,816.0,
14136,92.0,
03166,294.0,
38004,1110.0,
58004,407.0,
2A099,288.0,
49306,1672.0,
2B275,62.0,
35359,801.0,
54107,71.0,
21165,73.0,
23254,281.0,
88208,139.0,
26045,1634.0,
60297,169.0,
80060,105.0,
14504,780.0,
54382,7946.0,
80330,244.0,
83070,5148.0,
89319,456.0,
57438,381.0,
57743,248.0,
67055,1264.0,
42041,515.0,
59254,876.0,
65041,114.0,
55458,361.0,
57116,125.0,
07064,3038.0,
71380,763.0,
33013,7821.0,
70216,485.0,
48198,604.0,
54218,60.0,
40308,928.0,
55183,40.0,
81103,119.0,
39463,225.0,
69267,2048.0,
59337,606.0,
50130,384.0,
62618,1112.0,
77448,432.0,
51042,408.0,
39076,219.0,
82120,319.0,
36032,745.0,
54137,579.0,
08433,66.0,
67451,1473.0,
27373,137.0,
74178,655.0,
32118,153.0,
22189,621.0,
77404,1814.0,
65135,78.0,
57725,358.0,
57611,207.0,
46289,142.0,
33297,1799.0,
60013,1529.0,
48055,146.0,
50002,4072.0,
08164,325.0,
25173,167.0,
62756,1570.0,
62253,90.0,
59292,3076.0,
14355,651.0,
39348,472.0,
27385,1507.0,
11144,1022.0,
50590,372.0,
52290,132.0,
24009,287.0,
62454,2351.0,
65225,112.0,
09128,309.0,
46237,317.0,
59328,28491.0,
87167,567.0,
70566,222.0,
70581,673.0,
45337,273.0,
85095,1720.0,
21585,1039.0,
59078,638.0,
28059,1903.0,
62061,285.0,
41292,193.0,
25271,1590.0,
17343,145.0,
31395,24725.0,
38279,1205.0,
65003,120.0,
30209,4104.0,
10096,432.0,
71493,324.0,
11060,51.0,
95331,178.0,
21006,185.0,
73106,277.0,
30197,245.0,
83079,1286.0,
78168,4313.0,
38480,1904.0,
57762,685.0,
41209,867.0,
31088,2686.0,
46335,410.0,
79149,155.0,
16308,1109.0,
67359,1312.0,
31248,5140.0,
36091,648.0,
02299,580.0,
72314,376.0,
63421,167.0,
65233,292.0,
52468,101.0,
89471,445.0,
32020,267.0,
59661,159.0,
34214,1122.0,
87114,10560.0,
42282,275.0,
28390,333.0,
04222,353.0,
21583,52.0,
05097,318.0,
27010,174.0,
21614,318.0,
72382,880.0,
38031,22.0,
80485,845.0,
76747,361.0,
31147,594.0,
68183,203.0,
65049,265.0,
18110,1034.0,
32038,190.0,
01359,230.0,
48132,1396.0,
50426,390.0,
70368,141.0,
28223,1592.0,
48083,170.0,
80373,2687.0,
41081,233.0,
30165,1178.0,
65209,89.0,
69173,958.0,
11430,1241.0,
62220,482.0,
67052,2412.0,
63473,361.0,
86187,470.0,
87089,1790.0,
25072,26.0,
40253,633.0,
10026,38.0,
72327,292.0,
03156,1729.0,
80144,536.0,
25371,211.0,
80320,132.0,
68043,3772.0,
40189,88.0,
17141,475.0,
89004,254.0,
69118,2529.0,
07258,229.0,
66141,8284.0,
31196,229.0,
01140,721.0,
58121,3851.0,
40057,271.0,
79239,1752.0,
18234,417.0,
60689,1382.0,
31586,552.0,
31013,362.0,
55586,91.0,
62442,532.0,
27220,374.0,
14555,460.0,
19207,1043.0,
62202,590.0,
62571,3220.0,
27512,360.0,
04184,144.0,
46029,1985.0,
65053,49.0,
59267,345.0,
65298,73.0,
83143,4220.0,
12023,110.0,
19068,729.0,
60251,285.0,
91521,27312.0,
76235,2127.0,
83041,652.0,
72302,180.0,
77177,1088.0,
61117,2291.0,
62513,181.0,
14078,378.0,
38182,3051.0,
18081,365.0,
46210,69.0,
2B194,26.0,
34260,866.0,
54063,186.0,
24160,494.0,
47300,1145.0,
62362,251.0,
55038,37.0,
60128,222.0,
17256,324.0,
58209,175.0,
02281,263.0,
40145,608.0,
35343,1246.0,
39232,432.0,
60484,258.0,
63448,703.0,
33307,1615.0,
47302,686.0,
89392,279.0,
08085,180.0,
41245,378.0,
39269,259.0,
07073,530.0,
47035,260.0,
05126,505.0,
17131,2067.0,
95456,682.0,
59572,1811.0,
89061,269.0,
57089,5225.0,
58145,1325.0,
09301,357.0,
49171,111.0,
19095,127.0,
08472,290.0,
35215,1314.0,
31430,602.0,
30170,929.0,
76758,11849.0,
80149,512.0,
54599,135.0,
90056,1278.0,
27227,651.0,
51184,397.0,
06137,1286.0,
61048,115.0,
24199,387.0,
80223,111.0,
67501,553.0,
63344,131.0,
16300,770.0,
52282,331.0,
50401,750.0,
80028,162.0,
74035,584.0,
27102,1080.0,
02735,13.0,
47195,7070.0,
88503,174.0,
76587,689.0,
31264,540.0,
09202,337.0,
36216,72.0,
95213,644.0,
40008,91.0,
77088,2521.0,
38060,134.0,
63186,241.0,
69204,20696.0,
73211,845.0,
77474,679.0,
21460,81.0,
14276,359.0,
72345,345.0,
86254,1004.0,
12012,710.0,
42301,666.0,
28271,150.0,
71551,105.0,
60222,562.0,
31332,227.0,
24192,94.0,
29134,812.0,
83105,36.0,
46162,170.0,
14605,243.0,
89044,124.0,
26072,1205.0,
23002,1109.0,
30191,1079.0,
51537,182.0,
32341,226.0,
76009,300.0,
17094,5927.0,
28041,225.0,
24157,806.0,
25132,128.0,
06076,41.0,
85041,308.0,
65405,72.0,
55050,0.0,
76300,387.0,
26344,365.0,
73003,3065.0,
57104,1166.0,
57444,317.0,
974413,33154.0,
25621,262.0,
89112,178.0,
15247,23.0,
80343,199.0,
47020,178.0,
80570,4041.0,
11126,431.0,
25427,380.0,
03244,149.0,
02399,570.0,
30241,1762.0,
33138,8276.0,
24385,204.0,
10298,1131.0,
69052,4007.0,
78444,868.0,
71310,5226.0,
16246,303.0,
58088,3585.0,
24454,644.0,
55064,132.0,
29227,1335.0,
88297,152.0,
27665,774.0,
26232,616.0,
14519,112.0,
46094,251.0,
16307,313.0,
55299,112.0,
01184,795.0,
77526,249.0,
80494,204.0,
21593,79.0,
15229,86.0,
72339,698.0,
2B313,1805.0,
86004,381.0,
36248,243.0,
30173,1567.0,
10003,2463.0,
39444,63.0,
03274,301.0,
60009,1563.0,
22056,1742.0,
26082,96.0,
29285,517.0,
27336,269.0,
77206,147.0,
65004,411.0,
22175,1364.0,
16079,301.0,
88450,175.0,
54399,222.0,
21547,194.0,
58270,343.0,
30345,338.0,
78545,18089.0,
52490,799.0,
57123,3470.0,
25178,128.0,
54262,191.0,
67418,1063.0,
11147,4.0,
51036,495.0,
16146,1967.0,
59223,490.0,
31244,377.0,
971133,1858.0,
57056,175.0,
31566,527.0,
53074,902.0,
10425,274.0,
70193,229.0,
67299,954.0,
51598,499.0,
31480,2001.0,
79139,55.0,
41199,1234.0,
17038,681.0,
62765,13992.0,
88496,168.0,
14036,148.0,
59028,7369.0,
51111,143.0,
41290,236.0,
64315,1022.0,
61310,532.0,
50597,789.0,
23228,182.0,
84018,491.0,
71214,422.0,
14467,325.0,
57485,135.0,
02142,241.0,
37271,1023.0,
53221,379.0,
02331,129.0,
19289,734.0,
60459,224.0,
74130,508.0,
48019,204.0,
07201,2254.0,
33513,101.0,
81170,1422.0,
62117,931.0,
33534,773.0,
18029,333.0,
88068,898.0,
71437,343.0,
42145,1129.0,
32287,76.0,
21648,192.0,
63278,541.0,
70542,215.0,
39155,84.0,
47163,567.0,
62100,2052.0,
51413,855.0,
87126,3807.0,
54243,217.0,
54033,107.0,
08384,145.0,
51233,86.0,
16408,749.0,
24004,345.0,
29111,1291.0,
16075,265.0,
18237,467.0,
55159,318.0,
90003,635.0,
52399,147.0,
42209,437.0,
51466,205.0,
24220,650.0,
10237,601.0,
80638,114.0,
34009,1652.0,
30084,693.0,
61093,1277.0,
25439,217.0,
60185,1107.0,
02254,125.0,
29045,2342.0,
17214,491.0,
67220,325.0,
72072,274.0,
89452,395.0,
80511,110.0,
21689,169.0,
22036,186.0,
17177,136.0,
25375,427.0,
45272,3192.0,
29046,14750.0,
44209,8226.0,
46148,1694.0,
40277,704.0,
25204,2728.0,
14707,1027.0,
39473,105.0,
95151,307.0,
47230,439.0,
52505,36.0,
71557,681.0,
66060,246.0,
85110,868.0,
33264,1037.0,
66147,125.0,
25253,319.0,
16281,2859.0,
62302,238.0,
65329,241.0,
30196,382.0,
38116,47.0,
26055,127.0,
10320,232.0,
25618,363.0,
74269,2276.0,
62396,19.0,
72078,382.0,
80355,103.0,
65475,60.0,
60497,194.0,
52422,280.0,
73041,310.0,
65334,233.0,
05106,297.0,
07014,331.0,
04179,92.0,
24526,722.0,
76498,22426.0,
44044,1074.0,
18290,547.0,
57132,2438.0,
62376,2536.0,
82098,1136.0,
21522,420.0,
59493,234.0,
21060,1644.0,
54259,213.0,
60213,1001.0,
2B025,85.0,
63337,61.0,
67167,1265.0,
78621,30979.0,
34208,346.0,
02468,2331.0,
14332,714.0,
64209,432.0,
89477,105.0,
76024,170.0,
52415,112.0,
39548,96.0,
27315,264.0,
14755,698.0,
60120,1084.0,
26086,556.0,
91121,484.0,
67063,690.0,
34164,966.0,
45198,303.0,
29190,3946.0,
09147,165.0,
37052,1134.0,
23032,767.0,
88044,604.0,
21090,71.0,
11378,227.0,
64440,384.0,
17425,2198.0,
80627,893.0,
26222,35.0,
02268,665.0,
42027,417.0,
02230,192.0,
58181,124.0,
32393,138.0,
37178,546.0,
10216,1712.0,
54504,722.0,
61105,204.0,
62015,206.0,
68100,338.0,
60617,241.0,
59346,3173.0,
42289,1901.0,
62424,320.0,
07273,223.0,
71339,428.0,
77109,1328.0,
21326,97.0,
23106,377.0,
36231,991.0,
17338,1773.0,
57236,68.0,
36212,185.0,
88512,234.0,
34310,2849.0,
54079,4420.0,
48169,204.0,
73273,473.0,
67441,318.0,
09041,190.0,
63272,2638.0,
88378,88.0,
88015,231.0,
41014,180.0,
55260,64.0,
03062,381.0,
11233,767.0,
88136,1437.0,
83112,11894.0,
65037,91.0,
13027,15780.0,
16384,688.0,
60175,34262.0,
09297,32.0,
34337,9506.0,
14147,153.0,
68259,501.0,
61202,491.0,
60655,381.0,
09003,397.0,
47077,867.0,
25514,331.0,
89190,178.0,
82008,942.0,
24336,530.0,
50064,195.0,
18136,311.0,
47064,232.0,
34319,163.0,
23212,139.0,
21302,144.0,
81032,1167.0,
57739,495.0,
06005,170.0,
81288,2715.0,
10382,1073.0,
84046,423.0,
07036,416.0,
30019,2526.0,
54332,1507.0,
16082,361.0,
54113,1216.0,
50370,580.0,
86054,351.0,
80139,56.0,
23089,757.0,
77061,2580.0,
72386,4286.0,
44086,1026.0,
41148,1356.0,
08062,131.0,
24434,124.0,
76205,243.0,
40091,657.0,
77270,862.0,
62416,222.0,
24458,289.0,
66159,63.0,
17263,587.0,
57314,516.0,
24097,405.0,
81243,120.0,
24474,162.0,
77071,917.0,
22289,222.0,
72098,553.0,
33441,1103.0,
59470,2220.0,
64318,172.0,
51265,581.0,
63446,465.0,
67548,886.0,
91463,1002.0,
54336,1001.0,
51609,837.0,
61020,236.0,
73146,745.0,
73079,815.0,
71407,241.0,
34151,6192.0,
89385,99.0,
51622,412.0,
31143,266.0,
2B045,59.0,
34332,5467.0,
2A032,3657.0,
57342,110.0,
42050,134.0,
49180,6875.0,
52194,2142.0,
42124,318.0,
61402,322.0,
29141,382.0,
09226,45.0,
35104,1401.0,
69096,9419.0,
77218,105.0,
33462,479.0,
49135,2184.0,
01047,944.0,
79354,382.0,
11383,312.0,
26093,507.0,
39031,200.0,
57466,625.0,
16097,2452.0,
19227,1234.0,
79357,241.0,
67217,273.0,
54560,54.0,
76305,9378.0,
68179,930.0,
36054,270.0,
04035,262.0,
51557,492.0,
80300,138.0,
45108,2483.0,
46089,977.0,
25052,64.0,
78208,26290.0,
54180,82.0,
59301,4349.0,
31578,921.0,
2B126,51.0,
26370,141.0,
80233,141.0,
62326,235.0,
47129,287.0,
70554,187.0,
92046,30304.0,
55563,75.0,
24101,310.0,
74249,2236.0,
62610,658.0,
39539,261.0,
79278,220.0,
17199,124.0,
34334,259.0,
73193,90.0,
23129,71.0,
64518,916.0,
52158,277.0,
21594,204.0,
88222,223.0,
64416,1053.0,
82159,524.0,
59531,342.0,
08048,377.0,
19200,94.0,
58268,225.0,
14289,615.0,
16216,756.0,
21237,103.0,
60172,3821.0,
51343,635.0,
16256,231.0,
61307,239.0,
62006,320.0,
60365,400.0,
51657,199.0,
33262,3806.0,
59663,5469.0,
57012,6297.0,
55104,102.0,
60299,576.0,
52014,187.0,
62832,494.0,
63349,2035.0,
26025,168.0,
27266,327.0,
45228,1118.0,
17222,2844.0,
88135,955.0,
72076,216.0,
80325,53.0,
08284,948.0,
76577,568.0,
78317,837.0,
70302,78.0,
62068,330.0,
59585,3216.0,
07146,586.0,
59135,2288.0,
51506,5595.0,
59400,9713.0,
65139,49.0,
80159,273.0,
65463,78.0,
39295,165.0,
18153,322.0,
67394,275.0,
58212,340.0,
35181,1410.0,
65340,2017.0,
76637,867.0,
85239,997.0,
42256,4455.0,
11033,1315.0,
72238,81.0,
27397,1576.0,
54308,140.0,
07217,835.0,
55010,2734.0,
62887,252.0,
80444,660.0,
32159,531.0,
36144,312.0,
16217,1034.0,
71373,1663.0,
51003,263.0,
16406,371.0,
80155,322.0,
26271,3188.0,
55405,269.0,
09232,43.0,
71240,344.0,
55581,112.0,
40096,105.0,
76464,2263.0,
76578,294.0,
63067,172.0,
50633,139.0,
60539,1564.0,
70190,159.0,
89270,137.0,
10201,65.0,
53148,211.0,
54118,657.0,
70477,778.0,
45126,2664.0,
61188,108.0,
17184,588.0,
21557,113.0,
79241,553.0,
11107,72.0,
32029,666.0,
81054,870.0,
33280,525.0,
01136,831.0,
62149,241.0,
60233,1512.0,
81164,423.0,
55132,1707.0,
01371,1324.0,
77011,542.0,
33398,160.0,
64186,201.0,
62503,296.0,
39056,1424.0,
92004,86020.0,
31232,8430.0,
64379,178.0,
21635,115.0,
66093,2148.0,
10189,67.0,
38466,1476.0,
81247,209.0,
32366,81.0,
07077,228.0,
71250,1088.0,
64551,273.0,
11035,289.0,
58272,141.0,
50060,414.0,
08473,320.0,
95426,2699.0,
18282,561.0,
68348,2979.0,
83133,1520.0,
54585,466.0,
10012,335.0,
84065,3785.0,
83051,1080.0,
71589,442.0,
68277,1162.0,
51545,525.0,
08317,128.0,
62871,256.0,
34212,153.0,
05152,148.0,
67062,311.0,
17241,1506.0,
59243,1196.0,
08389,373.0,
39487,1828.0,
74121,1113.0,
33172,306.0,
16326,136.0,
50150,262.0,
89242,792.0,
72087,546.0,
80017,427.0,
77198,207.0,
04233,264.0,
32390,232.0,
74142,900.0,
91109,1161.0,
60515,393.0,
55292,187.0,
62049,470.0,
38298,6730.0,
76241,144.0,
30232,411.0,
65080,516.0,
24025,230.0,
72011,918.0,
09093,122.0,
25193,1817.0,
54277,383.0,
04167,306.0,
57454,1174.0,
41180,1513.0,
68042,4364.0,
63257,749.0,
14272,126.0,
02497,1213.0,
42335,452.0,
04018,1026.0,
38418,238.0,
03266,263.0,
51573,10023.0,
41254,175.0,
63329,147.0,
66065,8450.0,
58057,1232.0,
82146,68.0,
36002,120.0,
60564,277.0,
72114,273.0,
32291,120.0,
45045,348.0,
51522,384.0,
80031,784.0,
17016,779.0,
80271,1238.0,
68256,9426.0,
95462,309.0,
62663,323.0,
89239,1540.0,
60098,180.0,
81202,949.0,
03013,3838.0,
57191,773.0,
55523,161.0,
49267,9077.0,
15043,82.0,
56112,731.0,
50648,1127.0,
19243,878.0,
59625,420.0,
54241,74.0,
2A181,554.0,
57121,212.0,
67389,4407.0,
47286,80.0,
30087,186.0,
10247,138.0,
38563,19988.0,
33494,847.0,
76743,1777.0,
59250,2145.0,
08182,62.0,
67495,3049.0,
55493,203.0,
27689,343.0,
25263,228.0,
47249,512.0,
57252,523.0,
60123,477.0,
87053,263.0,
81236,232.0,
06080,100.0,
62473,9038.0,
79084,502.0,
27437,328.0,
2B034,552.0,
63378,818.0,
30332,125.0,
41096,316.0,
67551,3999.0,
57645,907.0,
57675,127.0,
58237,31.0,
67131,4763.0,
21507,140.0,
76028,202.0,
55158,783.0,
33193,1289.0,
25120,419.0,
73085,1310.0,
19236,480.0,
67049,1271.0,
63426,787.0,
84093,712.0,
33384,470.0,
09110,93.0,
73122,381.0,
59142,626.0,
34053,127.0,
55229,281.0,
76289,930.0,
83097,4754.0,
95652,5269.0,
10199,365.0,
27193,1283.0,
80642,290.0,
15015,172.0,
43141,1265.0,
80776,212.0,
18176,420.0,
27394,587.0,
02717,625.0,
63416,90.0,
02342,141.0,
33465,1135.0,
63287,320.0,
2B150,1172.0,
67129,589.0,
88145,227.0,
05025,190.0,
21531,586.0,
25224,783.0,
24542,77.0,
85238,3573.0,
12055,99.0,
19174,152.0,
07255,1408.0,
21056,807.0,
62057,5330.0,
74312,1497.0,
65368,37.0,
45231,137.0,
09004,132.0,
38040,140.0,
62904,627.0,
77036,121.0,
25533,10.0,
82137,574.0,
27256,552.0,
73191,1982.0,
62872,238.0,
80580,237.0,
66008,9914.0,
54381,62.0,
80387,288.0,
46157,138.0,
25500,91.0,
37080,213.0,
59586,5855.0,
90101,266.0,
16230,1062.0,
14552,502.0,
29087,720.0,
76540,110755.0,
80192,182.0,
68241,581.0,
48070,759.0,
17125,466.0,
16046,795.0,
60400,245.0,
14032,292.0,
40058,228.0,
62423,1597.0,
62166,598.0,
21706,123.0,
21625,95.0,
71118,6152.0,
47221,586.0,
53230,286.0,
25171,99.0,
05010,827.0,
62400,5001.0,
77134,153.0,
67484,472.0,
54269,323.0,
31347,159.0,
24480,264.0,
77215,8408.0,
88437,111.0,
77269,1715.0,
39140,34.0,
50562,1896.0,
67027,172.0,
56198,1684.0,
51515,333.0,
57658,1080.0,
59441,713.0,
67132,930.0,
39016,1165.0,
81037,1331.0,
02280,389.0,
72093,897.0,
06155,26465.0,
18241,1492.0,
02316,133.0,
88194,160.0,
32270,74.0,
16072,509.0,
69140,2109.0,
80505,178.0,
17026,395.0,
16317,458.0,
43167,205.0,
60406,771.0,
27164,828.0,
67151,4615.0,
60410,270.0,
38341,1096.0,
07272,332.0,
24531,219.0,
78231,150.0,
15067,28.0,
29010,1567.0,
70308,237.0,
81214,90.0,
76141,1312.0,
03305,611.0,
02529,201.0,
76343,246.0,
2B342,2413.0,
22052,369.0,
16392,228.0,
70006,1617.0,
59057,566.0,
10444,228.0,
31432,37.0,
88324,383.0,
02574,1582.0,
36023,280.0,
76561,8167.0,
88301,312.0,
04209,7312.0,
38336,1786.0,
81111,78.0,
70582,101.0,
65295,981.0,
03174,863.0,
48068,140.0,
77016,1690.0,
07045,424.0,
06039,896.0,
86256,1120.0,
59665,320.0,
50214,273.0,
67529,3336.0,
50269,204.0,
76411,209.0,
49347,4287.0,
05145,980.0,
65172,38.0,
02307,2192.0,
54470,74.0,
32396,215.0,
60414,12843.0,
76247,522.0,
52403,69.0,
09227,209.0,
45075,10078.0,
60556,205.0,
19055,278.0,
80836,238.0,
67130,10916.0,
55474,245.0,
11254,1948.0,
55507,239.0,
81316,193.0,
22041,245.0,
88294,271.0,
64005,527.0,
71530,521.0,
88241,431.0,
65182,117.0,
09123,113.0,
43009,24.0,
70160,343.0,
24230,134.0,
86241,401.0,
50613,382.0,
39449,242.0,
25278,559.0,
85104,834.0,
26291,64.0,
08313,111.0,
80805,161.0,
39003,36.0,
2B267,59.0,
46144,280.0,
88501,70.0,
35106,1517.0,
47091,1951.0,
45107,346.0,
40041,116.0,
31469,141.0,
05172,310.0,
27501,275.0,
95510,406.0,
22213,3409.0,
08021,163.0,
31568,257.0,
07313,1144.0,
54110,585.0,
79179,3159.0,
65044,279.0,
51027,261.0,
24269,666.0,
61230,1445.0,
51619,122.0,
95594,1015.0,
73150,1801.0,
51321,77.0,
73092,147.0,
18041,178.0,
88517,180.0,
69070,1236.0,
68290,825.0,
28129,746.0,
28240,535.0,
62750,812.0,
54539,255.0,
66006,198.0,
13209,74234.0,
57760,847.0,
60081,405.0,
18139,671.0,
08154,71.0,
19052,53.0,
08176,51.0,
37061,522.0,
16329,788.0,
27187,276.0,
77381,680.0,
33073,1496.0,
62734,715.0,
09197,24.0,
87153,294.0,
70539,481.0,
72037,97.0,
63394,226.0,
10092,120.0,
18072,271.0,
60290,368.0,
65464,514.0,
38439,2887.0,
38458,579.0,
41204,1719.0,
87130,183.0,
64140,7837.0,
21191,828.0,
17095,238.0,
35128,1698.0,
38191,1413.0,
35212,1154.0,
10310,207.0,
51530,593.0,
05061,40255.0,
78681,695.0,
77460,372.0,
02673,431.0,
62857,140.0,
12214,539.0,
46017,124.0,
59319,3247.0,
71362,298.0,
21679,113.0,
76234,642.0,
39489,468.0,
65371,233.0,
46241,179.0,
76284,318.0,
03280,216.0,
52082,152.0,
52179,40.0,
72178,185.0,
39026,166.0,
47135,427.0,
63267,562.0,
80573,420.0,
23096,13143.0,
70204,184.0,
05019,157.0,
86163,3516.0,
40315,695.0,
80011,3071.0,
44206,1735.0,
31424,17126.0,
88357,715.0,
67428,464.0,
38068,1280.0,
39345,446.0,
28385,421.0,
46239,227.0,
42048,1419.0,
24567,272.0,
32296,1960.0,
47092,365.0,
72191,3223.0,
12027,253.0,
70305,112.0,
62171,132.0,
02693,217.0,
71006,171.0,
45207,379.0,
95166,416.0,
74239,1423.0,
27109,372.0,
47122,178.0,
52123,1385.0,
71027,626.0,
14644,642.0,
60031,280.0,
34168,64.0,
85289,1307.0,
02568,144.0,
60490,360.0,
27258,449.0,
80812,155.0,
13211,56544.0,
68157,1257.0,
48088,155.0,
47294,220.0,
16282,541.0,
69138,439.0,
64420,246.0,
83047,16612.0,
02226,1781.0,
89010,236.0,
42088,682.0,
59156,2701.0,
24374,318.0,
81134,70.0,
69241,2438.0,
02455,187.0,
46205,322.0,
29301,300.0,
67002,398.0,
974421,7226.0,
88438,431.0,
42300,653.0,
27228,279.0,
16379,1562.0,
15058,138.0,
71162,1094.0,
83025,1256.0,
29208,1228.0,
64267,93.0,
58138,407.0,
02042,408.0,
07132,1757.0,
07050,665.0,
53052,313.0,
12158,273.0,
07087,396.0,
06105,6404.0,
17120,1664.0,
70220,411.0,
28379,438.0,
55575,75.0,
54225,170.0,
84125,83.0,
21121,73.0,
60259,943.0,
2B205,707.0,
91617,3244.0,
71465,270.0,
37022,2725.0,
54520,392.0,
02698,103.0,
09134,21.0,
45101,263.0,
52372,99.0,
73072,40.0,
49311,1290.0,
2B188,419.0,
44006,1797.0,
52465,129.0,
45077,655.0,
55001,297.0,
62188,3029.0,
41104,2310.0,
36169,568.0,
62654,781.0,
09164,503.0,
27608,454.0,
51105,1284.0,
31246,888.0,
28342,277.0,
51365,838.0,
51202,786.0,
88425,182.0,
07192,274.0,
41145,814.0,
74037,1697.0,
73224,853.0,
71369,450.0,
51007,957.0,
19126,180.0,
26105,74.0,
33379,306.0,
69084,1266.0,
64245,589.0,
41235,1058.0,
60526,1139.0,
88212,404.0,
42217,411.0,
52358,71.0,
87085,135098.0,
25226,196.0,
23079,1718.0,
35302,1184.0,
65278,33.0,
21375,198.0,
27554,1292.0,
68235,1063.0,
38090,284.0,
76355,936.0,
81248,824.0,
40153,233.0,
77451,607.0,
50502,19285.0,
32448,518.0,
30233,572.0,
85276,764.0,
25425,389.0,
09261,6289.0,
62087,984.0,
15242,105.0,
57637,295.0,
47085,281.0,
11228,180.0,
11261,686.0,
21155,43.0,
02032,240.0,
34165,2937.0,
43045,404.0,
52184,68.0,
52253,209.0,
26341,755.0,
70277,390.0,
67369,250.0,
52272,130.0,
55449,294.0,
70089,51.0,
88039,318.0,
49283,3529.0,
66051,247.0,
62696,236.0,
77483,1884.0,
29146,3408.0,
42299,3411.0,
31038,601.0,
38270,1843.0,
38296,783.0,
80276,305.0,
62456,695.0,
28284,268.0,
33231,278.0,
49092,8822.0,
86099,1069.0,
65240,418.0,
39191,98.0,
83074,201.0,
07233,222.0,
66196,3107.0,
31096,161.0,
02608,454.0,
16100,753.0,
21677,114.0,
38512,565.0,
27610,65.0,
60639,1086.0,
12270,2398.0,
25483,45.0,
18143,352.0,
35042,705.0,
51553,221.0,
36240,309.0,
06060,1965.0,
02520,736.0,
17394,859.0,
30195,40.0,
32405,182.0,
88488,246.0,
86289,698.0,
31126,355.0,
21584,2490.0,
64386,1262.0,
79152,288.0,
44015,9543.0,
25536,164.0,
43083,144.0,
40063,787.0,
12247,337.0,
36048,275.0,
25356,4282.0,
91122,9725.0,
74094,6292.0,
62599,186.0,
72340,1144.0,
62476,930.0,
90089,1420.0,
21290,883.0,
80221,306.0,
87025,826.0,
80748,197.0,
27011,928.0,
22031,701.0,
89225,57.0,
71463,584.0,
69076,2637.0,
77372,3640.0,
52029,156.0,
24534,944.0,
81242,275.0,
59201,553.0,
30302,1982.0,
38365,787.0,
52393,47.0,
60567,1036.0,
33395,1650.0,
18135,235.0,
78300,436.0,
972210,18225.0,
71415,120.0,
83073,10183.0,
83094,2747.0,
26056,616.0,
80759,347.0,
69266,147192.0,
25417,782.0,
46301,502.0,
53023,522.0,
06037,252.0,
60126,531.0,
62528,6581.0,
05071,320.0,
27592,252.0,
69206,4320.0,
51533,116.0,
11304,3220.0,
68189,836.0,
34092,995.0,
84004,5324.0,
59322,3270.0,
37006,2534.0,
32135,128.0,
80655,443.0,
31002,246.0,
11077,487.0,
57041,2299.0,
60245,2097.0,
72083,408.0,
72020,749.0,
59478,1121.0,
85039,3821.0,
27210,476.0,
59076,295.0,
51636,547.0,
87097,803.0,
58048,110.0,
55415,74.0,
31170,217.0,
54013,88.0,
11352,62.0,
94074,12819.0,
62853,392.0,
95641,2321.0,
57638,2757.0,
51083,95.0,
25397,2159.0,
2B077,603.0,
24340,4176.0,
02728,291.0,
55199,104.0,
03012,345.0,
51203,230.0,
77513,4274.0,
21276,125.0,
83026,1929.0,
59081,535.0,
22246,2054.0,
77079,6289.0,
89303,284.0,
74184,909.0,
85210,2079.0,
80798,1407.0,
74216,757.0,
74016,2585.0,
42287,1133.0,
24117,367.0,
47142,706.0,
63470,4425.0,
46087,625.0,
65446,482.0,
26065,663.0,
16013,363.0,
22276,235.0,
88335,151.0,
01075,1199.0,
05103,743.0,
32220,155.0,
28380,1916.0,
30060,3886.0,
54010,531.0,
62701,467.0,
58047,599.0,
53043,548.0,
53165,340.0,
67547,2066.0,
52240,208.0,
89267,193.0,
51448,583.0,
01429,671.0,
71267,894.0,
50599,1321.0,
77484,221.0,
54297,310.0,
24034,274.0,
04040,65.0,
04150,155.0,
66014,2579.0,
52512,610.0,
40244,1238.0,
85265,967.0,
30081,994.0,
65124,66.0,
27312,258.0,
16162,182.0,
62194,5563.0,
71503,124.0,
89353,400.0,
17204,323.0,
28278,1342.0,
08421,86.0,
88124,1144.0,
89419,2726.0,
39008,415.0,
38487,2024.0,
02004,196.0,
52548,87.0,
90039,3160.0,
22349,1432.0,
02624,324.0,
09052,160.0,
72355,95.0,
58192,256.0,
12105,1082.0,
46254,141.0,
42097,4316.0,
71419,1931.0,
39338,510.0,
51392,204.0,
51145,254.0,
27690,304.0,
57669,2480.0,
22091,433.0,
25216,277.0,
01445,654.0,
56011,1386.0,
11150,444.0,
12291,433.0,
65136,40.0,
79057,1523.0,
21532,1059.0,
78230,585.0,
31048,3221.0,
27629,1871.0,
21429,303.0,
24420,226.0,
09037,38.0,
26107,551.0,
62527,259.0,
40165,356.0,
11427,309.0,
38047,134.0,
65460,4990.0,
08006,266.0,
67054,476.0,
30133,8421.0,
38556,1168.0,
40155,1351.0,
87083,570.0,
04112,22412.0,
32260,90.0,
30038,348.0,
26307,2939.0,
10287,1550.0,
38552,412.0,
53261,172.0,
2A127,80.0,
21562,217.0,
79300,1427.0,
52388,165.0,
34138,291.0,
89002,74.0,
77259,2470.0,
38566,1643.0,
19228,72.0,
54385,1109.0,
02027,249.0,
17178,73.0,
57295,113.0,
79235,1328.0,
34205,296.0,
16374,9366.0,
35049,5208.0,
25580,10264.0,
95268,41782.0,
36106,144.0,
25043,1983.0,
05089,63.0,
68244,360.0,
79120,815.0,
57319,477.0,
74210,1647.0,
79079,8414.0,
36001,1504.0,
89088,463.0,
43144,102.0,
58070,49.0,
59317,7870.0,
57234,549.0,
84076,1212.0,
17015,710.0,
43014,74.0,
56249,2225.0,
62533,144.0,
34075,367.0,
25006,99.0,
80410,4759.0,
55404,301.0,
16251,283.0,
32047,102.0,
34284,1993.0,
89251,403.0,
70055,549.0,
50300,175.0,
64062,2189.0,
63183,61.0,
60118,521.0,
15158,98.0,
54285,66.0,
71341,219.0,
07172,1963.0,
27111,197.0,
16415,1019.0,
47232,500.0,
36153,351.0,
64190,231.0,
28031,435.0,
76206,358.0,
51305,138.0,
88021,283.0,
24142,972.0,
16207,586.0,
28024,1742.0,
81317,1234.0,
89099,2440.0,
08201,85.0,
29068,2438.0,
71284,120.0,
89133,340.0,
10300,294.0,
92023,52203.0,
60638,684.0,
53130,50479.0,
15122,2165.0,
31075,1049.0,
16277,637.0,
14465,481.0,
65087,228.0,
68162,2701.0,
17279,632.0,
12149,169.0,
39249,84.0,
62181,1555.0,
42265,803.0,
47152,443.0,
70260,688.0,
11092,78.0,
89150,458.0,
51341,35.0,
56236,800.0,
21297,653.0,
86092,3073.0,
11406,36.0,
26002,1778.0,
07194,427.0,
02297,96.0,
64117,113.0,
62490,247.0,
63342,270.0,
12036,646.0,
62540,1579.0,
06064,4101.0,
71540,3116.0,
56262,2111.0,
57463,118634.0,
19147,660.0,
66137,583.0,
67183,848.0,
28056,1840.0,
31382,97.0,
09341,124.0,
11381,81.0,
70109,303.0,
28151,172.0,
07040,285.0,
68372,1864.0,
10224,1716.0,
15027,517.0,
2B192,187.0,
11367,922.0,
44159,1147.0,
57059,62.0,
25445,121.0,
56261,1408.0,
81199,196.0,
25584,127.0,
79170,2755.0,
35146,596.0,
88336,66.0,
21210,540.0,
89331,318.0,
19140,653.0,
24495,92.0,
70039,313.0,
24043,188.0,
68323,656.0,
02569,456.0,
43236,1457.0,
62224,2961.0,
46201,1241.0,
43265,1285.0,
55165,444.0,
43166,343.0,
79103,2444.0,
16287,4186.0,
27563,785.0,
21285,449.0,
09068,42.0,
01198,263.0,
64442,275.0,
04200,623.0,
54487,78.0,
76196,2425.0,
35297,4541.0,
56008,4346.0,
76693,694.0,
65271,362.0,
58184,111.0,
40282,4732.0,
27232,331.0,
16211,569.0,
50175,240.0,
02186,1305.0,
61076,140.0,
58033,320.0,
89086,1617.0,
11303,521.0,
30166,2430.0,
10233,1464.0,
40110,712.0,
27103,3235.0,
77281,497.0,
11249,92.0,
24156,1119.0,
74088,982.0,
22311,883.0,
52359,169.0,
54174,4480.0,
82178,778.0,
38093,445.0,
46228,738.0,
74205,1266.0,
83049,10570.0,
34192,6224.0,
24549,371.0,
58232,1306.0,
91137,385.0,
05022,201.0,
54024,343.0,
02361,5109.0,
73081,660.0,
90099,5394.0,
55403,59.0,
59174,370.0,
2A019,57.0,
81104,1450.0,
39283,660.0,
68135,2578.0,
57700,562.0,
62371,2007.0,
49063,6528.0,
07051,621.0,
69056,1857.0,
30128,4024.0,
56098,21874.0,
61214,7983.0,
63472,683.0,
27320,298.0,
13034,1769.0,
15173,104.0,
17438,311.0,
36115,121.0,
48002,567.0,
29175,2147.0,
54543,141.0,
25339,225.0,
78311,32287.0,
33393,5281.0,
32113,97.0,
51251,176.0,
70021,203.0,
87078,711.0,
14087,128.0,
51460,187.0,
02452,245.0,
70527,77.0,
14019,235.0,
33268,1541.0,
08125,309.0,
16341,3270.0,
22180,1836.0,
2B170,133.0,
35295,568.0,
62627,830.0,
59155,22015.0,
62104,359.0,
23230,184.0,
27138,389.0,
93005,82634.0,
24102,4293.0,
39485,461.0,
34315,339.0,
38294,682.0,
07108,139.0,
25316,259.0,
25515,372.0,
18212,624.0,
54500,178.0,
71196,641.0,
65412,161.0,
01456,73.0,
37137,142.0,
37143,1419.0,
02271,149.0,
06113,1158.0,
39275,570.0,
39111,42.0,
49339,1461.0,
53176,529.0,
43091,335.0,
27524,789.0,
72233,70.0,
71306,18969.0,
64434,43.0,
30312,1850.0,
32383,140.0,
02052,143.0,
02110,2250.0,
2A142,721.0,
21146,133.0,
2B184,83.0,
31581,1434.0,
56128,1502.0,
76424,204.0,
82174,279.0,
76598,516.0,
51375,259.0,
74070,2122.0,
23262,171.0,
10258,310.0,
76583,348.0,
38479,364.0,
02349,52.0,
09306,3340.0,
73307,490.0,
50397,230.0,
55543,897.0,
23169,634.0,
82138,124.0,
73296,2623.0,
64156,504.0,
59657,565.0,
01158,946.0,
60239,525.0,
02084,262.0,
84118,2729.0,
52133,90.0,
32087,93.0,
02419,285.0,
52062,153.0,
64513,1424.0,
31253,2327.0,
71093,669.0,
09066,642.0,
14278,1161.0,
69020,624.0,
76581,402.0,
95149,3320.0,
16232,2190.0,
42297,590.0,
23207,211.0,
22160,856.0,
54566,151.0,
26064,6834.0,
80334,101.0,
17296,1077.0,
24511,240.0,
77511,646.0,
55570,193.0,
10318,152.0,
36135,320.0,
60281,592.0,
78140,1224.0,
39010,90.0,
57542,1019.0,
80743,175.0,
38048,1062.0,
40031,1098.0,
90025,328.0,
71097,458.0,
54529,34.0,
10160,57.0,
26369,66.0,
12051,322.0,
72275,1324.0,
48046,81.0,
45008,1827.0,
25036,2306.0,
47225,1852.0,
52349,317.0,
27571,298.0,
67483,253.0,
27457,715.0,
02526,97.0,
74252,605.0,
44079,2932.0,
18055,1022.0,
56096,2215.0,
80822,129.0,
65243,494.0,
60558,463.0,
30030,353.0,
79309,384.0,
74281,34610.0,
61193,300.0,
82038,1502.0,
70276,202.0,
75104,27335.0,
40192,31334.0,
74229,3362.0,
40076,448.0,
25190,1658.0,
60424,242.0,
60315,497.0,
51571,884.0,
29069,7886.0,
62653,460.0,
63167,401.0,
01437,234.0,
55072,109.0,
50148,466.0,
44135,4647.0,
56259,1442.0,
21490,162.0,
37258,283.0,
40139,541.0,
36038,154.0,
03103,1082.0,
76038,400.0,
54547,29836.0,
74228,351.0,
71474,175.0,
03018,694.0,
04067,58.0,
41284,62.0,
54274,9329.0,
88246,479.0,
63006,184.0,
66069,3348.0,
27591,613.0,
59002,4315.0,
86221,1267.0,
29065,898.0,
06142,305.0,
971109,7786.0,
83093,1955.0,
24254,186.0,
31215,498.0,
54240,54.0,
58170,129.0,
85096,4663.0,
12063,1064.0,
59032,7403.0,
60518,205.0,
33394,1911.0,
34293,1113.0,
80230,301.0,
55365,149.0,
74180,2153.0,
80553,329.0,
54445,103.0,
89141,135.0,
50528,290.0,
14656,1042.0,
81132,854.0,
21208,184.0,
18287,302.0,
62053,638.0,
26047,74.0,
59603,6312.0,
84051,1142.0,
50326,237.0,
53054,5470.0,
44088,2829.0,
31545,217.0,
03150,248.0,
14068,2747.0,
73215,3692.0,
55014,391.0,
974412,37550.0,
50584,352.0,
28103,2762.0,
70285,9896.0,
51094,208.0,
10245,806.0,
51320,339.0,
52132,204.0,
86120,1214.0,
27071,231.0,
46061,205.0,
61123,213.0,
54206,370.0,
73120,526.0,
22259,3751.0,
45114,237.0,
60451,1671.0,
66009,2687.0,
62581,314.0,
19175,95.0,
24121,73.0,
81096,392.0,
89363,125.0,
51312,962.0,
76737,648.0,
22155,2106.0,
53185,1928.0,
47059,243.0,
80499,271.0,
37265,243.0,
66071,2025.0,
56032,1917.0,
55265,130.0,
42079,701.0,
40249,505.0,
07017,686.0,
31338,669.0,
25452,411.0,
81151,133.0,
54191,96.0,
01376,3903.0,
59279,20915.0,
30117,2875.0,
59104,3228.0,
50095,1042.0,
11428,280.0,
63128,958.0,
80217,86.0,
62028,657.0,
86059,507.0,
08295,173.0,
89341,437.0,
06024,236.0,
57289,2773.0,
88188,1773.0,
10098,324.0,
80740,283.0,
09188,1143.0,
02631,431.0,
08099,125.0,
94022,42769.0,
07083,428.0,
72004,530.0,
85138,1002.0,
24397,278.0,
62281,367.0,
18019,487.0,
89100,1611.0,
24054,562.0,
57685,139.0,
70142,158.0,
40195,617.0,
36160,277.0,
07327,448.0,
02404,195.0,
87145,240.0,
50462,401.0,
01318,685.0,
69203,1045.0,
28187,719.0,
44029,5256.0,
14502,93.0,
53007,2717.0,
12120,1644.0,
42096,663.0,
80329,178.0,
41105,894.0,
66003,3616.0,
84092,17344.0,
59197,2141.0,
33183,1191.0,
54111,2937.0,
65442,220.0,
15138,1893.0,
84071,1864.0,
35219,3672.0,
50403,1522.0,
77116,1374.0,
57364,317.0,
12241,1731.0,
67497,702.0,
70023,143.0,
54179,305.0,
07020,473.0,
04017,96.0,
41226,3333.0,
76088,559.0,
64288,552.0,
81176,105.0,
21065,130.0,
76391,2275.0,
61026,194.0,
65472,88.0,
76678,851.0,
62877,195.0,
14045,259.0,
46070,483.0,
61450,74.0,
35025,1038.0,
58096,512.0,
76706,544.0,
67250,706.0,
52541,178.0,
62509,316.0,
60576,406.0,
81326,374.0,
31311,1136.0,
19208,207.0,
02578,91.0,
90087,933.0,
66139,55.0,
47161,109.0,
33261,1314.0,
67348,10932.0,
02458,295.0,
21602,31.0,
55088,147.0,
88080,306.0,
58186,90.0,
24554,422.0,
74074,442.0,
33356,374.0,
64377,845.0,
29179,3653.0,
26153,110.0,
70271,422.0,
24482,267.0,
19082,1021.0,
38422,5419.0,
02390,275.0,
88361,890.0,
36022,389.0,
89318,705.0,
17390,136.0,
86273,921.0,
30052,414.0,
17443,1580.0,
52227,215.0,
51023,241.0,
54291,292.0,
57650,1676.0,
26137,182.0,
55484,47.0,
80682,199.0,
59389,2662.0,
80630,2395.0,
59471,1893.0,
77191,1076.0,
91441,463.0,
27646,398.0,
33401,143.0,
60463,18753.0,
27014,777.0,
07047,88.0,
59312,769.0,
71480,597.0,
56066,4079.0,
01323,979.0,
76105,699.0,
38127,170.0,
29001,1023.0,
91613,232.0,
05033,54.0,
65204,31.0,
77267,344.0,
30055,633.0,
68229,142.0,
80434,164.0,
27154,573.0,
34111,3967.0,
88248,168.0,
38062,673.0,
56204,620.0,
27678,1041.0,
27414,794.0,
23066,214.0,
33209,286.0,
05134,295.0,
50529,105.0,
62345,117.0,
36133,240.0,
45092,1353.0,
13015,13963.0,
70185,196.0,
25365,326.0,
59276,4703.0,
62489,3425.0,
54237,109.0,
09264,1181.0,
83069,55713.0,
50030,621.0,
38378,3906.0,
76124,434.0,
34081,2341.0,
35244,304.0,
14648,471.0,
32409,84.0,
10333,11770.0,
14026,1030.0,
66105,275.0,
33069,23207.0,
02476,634.0,
38532,709.0,
63425,1562.0,
16383,762.0,
79077,435.0,
39190,1172.0,
65034,26.0,
45031,1756.0,
24077,391.0,
77195,588.0,
10205,67.0,
62617,12424.0,
42294,891.0,
29259,6618.0,
62082,288.0,
61098,482.0,
62818,159.0,
72058,6407.0,
35288,44919.0,
55166,1287.0,
57150,651.0,
44148,711.0,
76702,808.0,
24329,1305.0,
57017,2199.0,
28253,920.0,
52167,252.0,
55022,136.0,
52211,1590.0,
40022,405.0,
54147,88.0,
89028,79.0,
54467,192.0,
77144,361.0,
61277,319.0,
60082,821.0,
71098,255.0,
02296,1199.0,
52543,512.0,
02150,70.0,
10441,224.0,
39533,216.0,
32282,638.0,
14454,1354.0,
02514,694.0,
62184,248.0,
12193,308.0,
49109,1572.0,
35141,683.0,
55435,832.0,
02401,209.0,
76132,453.0,
70221,305.0,
76482,3209.0,
25011,744.0,
30013,445.0,
87168,1120.0,
01080,452.0,
09328,226.0,
74304,817.0,
65178,46.0,
59048,490.0,
82194,1266.0,
2A363,52.0,
29297,2279.0,
31451,9364.0,
52095,196.0,
29263,1025.0,
11425,1650.0,
56203,616.0,
09311,20.0,
73166,60.0,
21047,58.0,
83144,21463.0,
08212,498.0,
22328,419.0,
10006,2918.0,
59094,7064.0,
04126,441.0,
54078,66.0,
55519,1517.0,
88087,3158.0,
65357,159.0,
79104,541.0,
14587,2401.0,
45146,7219.0,
48104,509.0,
64052,108.0,
38301,156.0,
31526,7293.0,
68197,487.0,
35237,974.0,
08228,202.0,
11255,1450.0,
74192,1030.0,
01044,578.0,
21610,360.0,
71188,65.0,
90035,651.0,
48051,726.0,
24107,411.0,
55025,300.0,
77261,1283.0,
69193,1270.0,
14121,256.0,
33537,397.0,
88205,236.0,
57597,2876.0,
55331,88.0,
39002,55.0,
57391,75.0,
51234,596.0,
19262,168.0,
33551,397.0,
14672,415.0,
42248,1133.0,
971116,17046.0,
79270,6545.0,
64483,12967.0,
74107,160.0,
51478,467.0,
29189,13101.0,
13049,1977.0,
91573,9758.0,
68175,1894.0,
28214,3530.0,
90044,246.0,
11259,994.0,
47037,249.0,
44091,1490.0,
59591,866.0,
24563,274.0,
87005,972.0,
30018,531.0,
95492,68.0,
51073,195.0,
67282,4005.0,
57599,388.0,
71462,576.0,
32317,77.0,
87057,398.0,
04216,223.0,
62564,483.0,
67396,205.0,
91639,900.0,
36015,74.0,
89304,714.0,
27222,210.0,
33074,209.0,
62255,805.0,
08236,282.0,
38208,150.0,
78307,949.0,
70074,269.0,
54415,4095.0,
51517,135.0,
73119,104.0,
73288,1717.0,
64037,1130.0,
11156,110.0,
17051,2350.0,
55142,147.0,
45058,181.0,
71446,185.0,
28156,942.0,
08046,167.0,
65252,814.0,
90065,1109.0,
21571,256.0,
62340,877.0,
21552,42.0,
95052,9607.0,
39367,2313.0,
62241,328.0,
74106,747.0,
71409,335.0,
06103,1767.0,
38463,1744.0,
62746,5082.0,
14706,255.0,
02621,401.0,
62752,1160.0,
76516,461.0,
62900,582.0,
44012,2611.0,
57419,967.0,
78588,915.0,
61221,441.0,
60653,273.0,
60669,525.0,
39096,458.0,
93006,35984.0,
40028,266.0,
02372,383.0,
29204,2105.0,
32340,252.0,
91534,3788.0,
46217,494.0,
27073,1094.0,
41137,576.0,
60472,110.0,
17445,323.0,
57421,150.0,
64040,1045.0,
23052,398.0,
65130,666.0,
59420,60.0,
38507,6559.0,
62227,192.0,
50580,520.0,
55495,259.0,
972202,3929.0,
80249,304.0,
91340,7579.0,
33203,3375.0,
38155,1728.0,
59594,1146.0,
50143,870.0,
54266,440.0,
37277,644.0,
72134,560.0,
77072,715.0,
46051,326.0,
89094,747.0,
16040,323.0,
41155,1336.0,
91363,8111.0,
38403,300.0,
04113,511.0,
31385,211.0,
29101,3603.0,
80435,55.0,
50484,3971.0,
17132,639.0,
12008,768.0,
12137,763.0,
55077,253.0,
05117,100.0,
54548,579.0,
15139,74.0,
25495,2020.0,
59005,3387.0,
08047,92.0,
64083,221.0,
25494,656.0,
60479,638.0,
95445,683.0,
29171,3797.0,
63013,937.0,
2B124,222.0,
65115,305.0,
58130,104.0,
60152,220.0,
47267,296.0,
29104,341.0,
26163,66.0,
32271,302.0,
65419,68.0,
10338,148.0,
46311,878.0,
55101,316.0,
49260,1782.0,
51138,34.0,
01415,436.0,
72257,2295.0,
42130,522.0,
43195,189.0,
27117,1096.0,
56253,655.0,
64504,2565.0,
18169,228.0,
22383,286.0,
72357,725.0,
02381,9346.0,
26252,9740.0,
01142,4308.0,
60378,409.0,
78020,900.0,
39380,37.0,
81102,280.0,
12168,936.0,
10041,66.0,
27214,826.0,
27311,980.0,
52397,79.0,
64234,235.0,
24425,364.0,
02831,371.0,
57244,503.0,
49216,502.0,
81183,188.0,
48141,127.0,
26013,89.0,
52164,226.0,
76705,2478.0,
09208,121.0,
94069,14927.0,
72205,1786.0,
77482,3416.0,
79089,179.0,
70310,8394.0,
80338,1890.0,
57053,121.0,
57519,159.0,
2B193,527.0,
19005,3869.0,
63263,3314.0,
02298,1481.0,
43015,58.0,
59351,575.0,
77063,1290.0,
68033,479.0,
14430,147.0,
30167,840.0,
24483,136.0,
59054,935.0,
50391,1895.0,
29116,137.0,
61323,143.0,
50603,782.0,
15112,106.0,
16014,140.0,
80673,194.0,
37003,13246.0,
91386,13194.0,
25372,323.0,
80122,548.0,
03208,402.0,
59509,6152.0,
02269,157.0,
37098,719.0,
41025,1269.0,
57335,224.0,
2B248,43.0,
35253,3601.0,
27290,842.0,
16206,1630.0,
82113,1245.0,
38415,1342.0,
45065,239.0,
67092,617.0,
25501,28.0,
69153,1308.0,
46303,117.0,
03008,372.0,
95555,20933.0,
66199,128.0,
30160,242.0,
35199,321.0,
72035,2285.0,
62300,2881.0,
33159,1482.0,
79216,2073.0,
55266,73.0,
67127,1265.0,
38468,4333.0,
38008,18.0,
27486,610.0,
53133,773.0,
40273,4973.0,
88328,560.0,
14318,633.0,
61120,88.0,
67162,344.0,
45102,362.0,
39466,126.0,
89053,488.0,
21256,308.0,
57423,62.0,
04138,276.0,
77019,328.0,
35340,1283.0,
41119,377.0,
76753,1158.0,
42322,990.0,
12296,442.0,
87092,566.0,
53150,984.0,
14171,147.0,
02456,322.0,
68119,680.0,
54305,2531.0,
60644,1532.0,
68345,709.0,
21678,196.0,
2A209,1806.0,
36130,105.0,
08449,579.0,
77146,2006.0,
39219,633.0,
67261,2257.0,
09117,95.0,
02830,966.0,
33165,2661.0,
22110,547.0,
52183,39.0,
76662,109.0,
14710,104.0,
03175,296.0,
29095,1357.0,
41157,1501.0,
80166,651.0,
23150,138.0,
07110,1689.0,
33533,2555.0,
60460,156.0,
33170,844.0,
76608,1952.0,
24069,375.0,
95394,9237.0,
58178,152.0,
67432,564.0,
47175,2328.0,
08251,99.0,
14209,542.0,
33331,493.0,
53147,13376.0,
33208,1009.0,
29213,1793.0,
84006,74.0,
40293,943.0,
40175,459.0,
63020,323.0,
08279,54.0,
80781,266.0,
62487,1260.0,
73281,801.0,
26106,1014.0,
02718,127.0,
2B302,93.0,
23137,490.0,
16380,391.0,
35140,601.0,
71193,452.0,
46037,78.0,
02614,272.0,
49367,2317.0,
27545,145.0,
21132,349.0,
54426,521.0,
63396,1072.0,
05080,67.0,
43150,431.0,
08297,309.0,
33098,463.0,
25457,97.0,
29287,922.0,
50182,292.0,
40190,396.0,
61365,383.0,
60602,63.0,
60067,1123.0,
68005,1776.0,
66099,314.0,
60570,1460.0,
60701,1205.0,
81124,2536.0,
74101,644.0,
27229,49722.0,
29137,2110.0,
38252,370.0,
88349,1733.0,
78010,1229.0,
60688,159.0,
33323,835.0,
59631,2097.0,
54541,177.0,
22271,357.0,
67116,483.0,
23087,553.0,
67153,203.0,
64252,838.0,
80495,569.0,
23075,1144.0,
58007,340.0,
26368,444.0,
53206,219.0,
01046,824.0,
71526,354.0,
22055,3022.0,
06119,123.0,
73008,29580.0,
26068,214.0,
44165,2141.0,
58271,198.0,
78571,5037.0,
45004,12232.0,
59137,813.0,
77163,320.0,
52197,1383.0,
66007,105.0,
56050,872.0,
79276,1110.0,
18220,369.0,
80719,60.0,
45088,333.0,
77467,221.0,
54422,62.0,
52038,67.0,
17360,3323.0,
59010,269.0,
33370,548.0,
21152,85.0,
63302,3193.0,
53132,332.0,
22188,1016.0,
71376,267.0,
77341,355.0,
58157,309.0,
76532,816.0,
16249,383.0,
86086,948.0,
41260,421.0,
71057,124.0,
03307,254.0,
64213,2070.0,
18028,1187.0,
22232,1984.0,
57101,1149.0,
68305,1320.0,
39246,408.0,
54321,2546.0,
79080,2736.0,
09018,78.0,
51473,110.0,
21403,79.0,
72015,114.0,
60568,320.0,
31234,406.0,
14288,784.0,
64001,178.0,
87100,255.0,
39053,176.0,
21162,455.0,
88383,7774.0,
49328,27413.0,
70116,651.0,
05118,811.0,
19244,78.0,
73058,1193.0,
70480,167.0,
52425,220.0,
30075,3912.0,
46173,786.0,
17474,762.0,
39532,38.0,
27118,639.0,
66228,1292.0,
26250,3145.0,
53196,382.0,
21003,1238.0,
47104,293.0,
10401,2384.0,
88073,203.0,
2B202,29.0,
01229,1134.0,
71273,290.0,
17230,3031.0,
23173,126.0,
70082,124.0,
49194,4990.0,
42176,1928.0,
28045,204.0,
07035,651.0,
72310,1943.0,
04190,114.0,
53059,421.0,
80823,142.0,
60161,83.0,
70563,526.0,
52269,7877.0,
71096,181.0,
68270,3512.0,
71505,78.0,
35206,6783.0,
68224,112063.0,
21280,159.0,
02466,130.0,
70253,286.0,
31544,214.0,
18179,843.0,
60598,975.0,
09022,242.0,
59102,420.0,
65045,257.0,
42070,901.0,
69094,5331.0,
11055,220.0,
30180,622.0,
31181,1900.0,
82116,208.0,
62024,940.0,
13005,45303.0,
24544,381.0,
76369,519.0,
15205,110.0,
74250,5932.0,
05178,498.0,
24147,723.0,
47239,847.0,
80364,786.0,
70366,124.0,
46151,121.0,
62165,243.0,
62284,1708.0,
34034,43.0,
25410,1336.0,
17485,1044.0,
2A154,104.0,
10102,204.0,
22111,444.0,
64264,77.0,
41233,943.0,
40067,649.0,
32086,92.0,
19071,236.0,
41026,172.0,
59411,2136.0,
50454,422.0,
37077,3415.0,
18133,1459.0,
31562,134.0,
80045,167.0,
76645,162.0,
61262,131.0,
14381,65.0,
03189,728.0,
22050,10940.0,
41010,1092.0,
21592,204.0,
52419,153.0,
25328,718.0,
65346,171.0,
91508,287.0,
59341,418.0,
54416,168.0,
88382,74.0,
72189,2116.0,
47284,290.0,
23088,120.0,
03270,165.0,
49068,1866.0,
14536,2303.0,
87096,832.0,
56224,374.0,
42025,216.0,
27327,228.0,
62459,229.0,
53151,1077.0,
80266,300.0,
19046,116.0,
60334,893.0,
83132,2422.0,
19274,4006.0,
25109,343.0,
54103,237.0,
39388,218.0,
14759,277.0,
58196,365.0,
32076,515.0,
39518,77.0,
42224,2901.0,
57288,2808.0,
81145,4440.0,
16340,1098.0,
25544,195.0,
47291,671.0,
2A323,326.0,
15116,146.0,
73243,1628.0,
19146,2356.0,
18152,108.0,
88295,220.0,
26124,5139.0,
73285,2470.0,
27603,324.0,
60612,15583.0,
42059,5136.0,
55446,93.0,
38246,980.0,
38063,414.0,
35133,4454.0,
67536,177.0,
19195,383.0,
76075,471.0,
51416,583.0,
84086,1329.0,
86006,578.0,
86137,6780.0,
81085,50.0,
82091,117.0,
30273,1316.0,
50565,1589.0,
21072,209.0,
46233,115.0,
16199,3060.0,
89314,200.0,
69167,577.0,
12064,260.0,
68293,93.0,
74157,1593.0,
34060,356.0,
02133,424.0,
08360,206.0,
32416,395.0,
34328,1065.0,
14320,291.0,
65104,273.0,
33548,1256.0,
07158,97.0,
54279,942.0,
88509,114.0,
08334,40.0,
79159,504.0,
88380,197.0,
41004,278.0,
24479,1215.0,
77094,260.0,
27002,474.0,
10289,949.0,
39202,128.0,
64531,31.0,
76200,503.0,
28030,281.0,
52163,390.0,
16174,500.0,
61012,179.0,
86064,632.0,
74195,377.0,
67276,1850.0,
71192,1929.0,
51582,538.0,
71356,1005.0,
21205,240.0,
65222,162.0,
09310,51.0,
89405,310.0,
61459,276.0,
07053,487.0,
55236,948.0,
88265,32.0,
69033,2525.0,
53142,346.0,
88130,227.0,
35173,5913.0,
17164,2390.0,
08198,447.0,
67209,258.0,
45113,284.0,
53198,267.0,
02096,193.0,
79032,739.0,
62338,2587.0,
14084,388.0,
88037,876.0,
22046,921.0,
62481,168.0,
78329,823.0,
72283,356.0,
44151,5883.0,
02146,83.0,
76349,1972.0,
26241,120.0,
76736,303.0,
57316,744.0,
57584,580.0,
79117,623.0,
62686,336.0,
57167,340.0,
56085,119.0,
02317,215.0,
10230,700.0,
89307,739.0,
86288,672.0,
68362,684.0,
12103,301.0,
88426,1426.0,
85162,1291.0,
55093,275.0,
80168,1082.0,
67395,405.0,
972219,1632.0,
58191,124.0,
39101,1343.0,
31190,245.0,
60430,1023.0,
57738,392.0,
08306,68.0,
30326,1891.0,
11321,83.0,
77175,2588.0,
38410,1273.0,
58006,271.0,
64065,4167.0,
14200,1738.0,
87190,949.0,
14534,402.0,
47262,386.0,
65099,173.0,
57507,254.0,
80148,402.0,
21605,2146.0,
54080,1062.0,
59208,302.0,
03152,268.0,
10388,45.0,
87056,265.0,
30288,1199.0,
80774,283.0,
24357,347.0,
29159,804.0,
25207,646.0,
33224,100.0,
64367,926.0,
09203,161.0,
28304,468.0,
38037,962.0,
16285,414.0,
77242,541.0,
59512,95866.0,
79242,1096.0,
10087,56.0,
25595,111.0,
31485,105.0,
51349,206.0,
58203,70.0,
53179,336.0,
61148,280.0,
04202,121.0,
24281,195.0,
60002,763.0,
19086,313.0,
57047,1038.0,
73023,633.0,
42268,314.0,
31161,915.0,
44027,2114.0,
10182,122.0,
55426,403.0,
64358,267.0,
06127,1368.0,
22243,563.0,
38316,5326.0,
02587,359.0,
51282,1704.0,
68040,1988.0,
81264,89.0,
42101,151.0,
57495,122.0,
54299,238.0,
64099,101.0,
02174,797.0,
54166,37.0,
40029,316.0,
55153,183.0,
26263,134.0,
66143,108.0,
12278,161.0,
24145,1780.0,
45301,382.0,
02138,190.0,
64166,186.0,
61394,807.0,
80795,491.0,
51121,265.0,
32031,173.0,
67098,1388.0,
73270,3825.0,
08256,102.0,
42047,325.0,
22060,647.0,
76048,318.0,
46045,1136.0,
40168,1977.0,
14619,104.0,
10375,342.0,
14738,3496.0,
90014,444.0,
95483,563.0,
72352,134.0,
80535,184.0,
65208,19.0,
02689,48.0,
39307,336.0,
87157,863.0,
25159,1356.0,
38397,6621.0,
90032,3644.0,
08106,83.0,
85084,5244.0,
54002,225.0,
73234,156.0,
08305,215.0,
07088,110.0,
92048,45043.0,
91657,31126.0,
45210,745.0,
64139,1021.0,
63248,806.0,
21466,37.0,
34256,1839.0,
62195,1611.0,
40181,955.0,
38285,136.0,
79042,178.0,
62890,178.0,
21054,21838.0,
26162,813.0,
21263,1547.0,
62621,1629.0,
76296,2645.0,
01111,113.0,
88257,187.0,
77052,335.0,
34008,596.0,
79289,1379.0,
68049,451.0,
51338,707.0,
89079,675.0,
51509,286.0,
23062,570.0,
60158,253.0,
86065,994.0,
59462,4395.0,
43002,1574.0,
38564,216.0,
27330,150.0,
73088,154.0,
69287,6818.0,
71382,720.0,
32107,7003.0,
21459,224.0,
62127,377.0,
08250,181.0,
19216,262.0,
52525,72.0,
50298,647.0,
80156,347.0,
48123,209.0,
53078,886.0,
04073,396.0,
03009,153.0,
27184,126.0,
01022,1175.0,
56007,12946.0,
45158,354.0,
32283,291.0,
01157,2199.0,
18107,130.0,
57366,150.0,
65476,54.0,
66162,632.0,
31536,274.0,
13083,4030.0,
52348,634.0,
76552,7351.0,
77067,9568.0,
65436,308.0,
77393,2863.0,
83040,81.0,
21371,875.0,
59255,572.0,
02625,151.0,
68016,948.0,
02035,283.0,
2B229,247.0,
66138,1382.0,
70416,201.0,
90083,88.0,
74057,880.0,
26021,133.0,
09241,341.0,
58244,211.0,
62569,635.0,
65430,49.0,
10384,248.0,
88137,87.0,
09106,358.0,
78558,343.0,
14570,647.0,
76492,527.0,
51080,171.0,
38565,9565.0,
25343,133.0,
02051,385.0,
45333,1537.0,
07150,628.0,
02241,119.0,
34292,308.0,
21211,146.0,
36062,440.0,
24134,795.0,
32224,242.0,
83013,198.0,
47258,341.0,
11316,208.0,
83128,715.0,
42045,47.0,
78372,16485.0,
89383,116.0,
57563,271.0,
88214,85.0,
26010,3908.0,
2B224,628.0,
17463,1073.0,
86299,590.0,
02159,286.0,
87159,332.0,
64334,220.0,
83068,4035.0,
33019,6899.0,
80372,132.0,
88226,114.0,
68380,462.0,
91645,15709.0,
32034,68.0,
26268,120.0,
59130,1143.0,
62700,214.0,
51507,4290.0,
03081,329.0,
31098,1092.0,
29205,1223.0,
51150,79.0,
64560,180.0,
39491,2091.0,
02691,55698.0,
35164,797.0,
95127,61708.0,
52322,128.0,
77033,252.0,
67154,3297.0,
47003,475.0,
35117,1637.0,
42293,1166.0,
18151,385.0,
14498,249.0,
57601,1372.0,
80253,6497.0,
21150,321.0,
71287,364.0,
72212,711.0,
16036,308.0,
63142,243.0,
52357,175.0,
60468,339.0,
54227,1374.0,
59066,163.0,
35230,385.0,
08222,1992.0,
65266,30.0,
81061,194.0,
17174,815.0,
53108,522.0,
60203,468.0,
88267,489.0,
69043,8099.0,
60142,2947.0,
06101,215.0,
64263,153.0,
21336,759.0,
72195,1866.0,
71278,149.0,
52264,70.0,
60165,525.0,
14342,2707.0,
42156,1294.0,
19148,1760.0,
91568,1596.0,
11420,125.0,
53082,653.0,
35051,16784.0,
24094,416.0,
94011,16642.0,
71329,428.0,
56161,2700.0,
36222,249.0,
40178,692.0,
76446,1113.0,
52315,304.0,
39479,236.0,
71102,692.0,
37054,3520.0,
68191,729.0,
65421,51.0,
09187,375.0,
47097,952.0,
35264,1919.0,
59134,1256.0,
41172,234.0,
10124,253.0,
2B338,46.0,
43210,204.0,
51299,823.0,
89264,778.0,
58189,543.0,
82074,150.0,
17213,153.0,
34091,52.0,
67179,670.0,
88004,167.0,
62785,949.0,
76298,502.0,
76547,772.0,
69290,42950.0,
65465,346.0,
60320,244.0,
62841,2416.0,
39585,15.0,
30132,5176.0,
25079,402.0,
12145,22205.0,
70129,135.0,
02294,215.0,
77099,3198.0,
08036,134.0,
76010,383.0,
11152,153.0,
53237,456.0,
21666,78.0,
36242,131.0,
74286,785.0,
33121,183.0,
30239,568.0,
66192,93.0,
09107,545.0,
47157,18028.0,
11045,121.0,
59204,439.0,
02347,463.0,
40307,1071.0,
12227,198.0,
22148,239.0,
63161,311.0,
72361,462.0,
2A197,102.0,
62238,89.0,
58267,781.0,
91115,3445.0,
39385,530.0,
31551,378.0,
29267,708.0,
95493,144.0,
43030,345.0,
78007,1139.0,
60359,195.0,
2A349,685.0,
02329,418.0,
46219,397.0,
01346,893.0,
48119,261.0,
76350,393.0,
58082,309.0,
17102,1269.0,
44173,2067.0,
36003,931.0,
39085,82.0,
57602,2413.0,
54452,64.0,
08246,92.0,
57271,671.0,
10234,302.0,
64312,317.0,
37169,888.0,
17107,1247.0,
11151,414.0,
65181,151.0,
70239,184.0,
10154,76.0,
31402,780.0,
89064,56.0,
85157,729.0,
55115,54.0,
61415,370.0,
62709,275.0,
65157,29.0,
27295,472.0,
62097,961.0,
80215,239.0,
72230,1094.0,
24314,101.0,
58216,163.0,
86175,305.0,
14737,420.0,
57166,122.0,
29126,198.0,
38205,2613.0,
26172,674.0,
70447,2089.0,
63084,1633.0,
2B039,178.0,
36056,1006.0,
25608,173.0,
02318,1425.0,
31208,343.0,
10043,130.0,
32146,307.0,
05029,801.0,
33397,4623.0,
30049,398.0,
71237,545.0,
10040,191.0,
38315,3527.0,
08410,198.0,
14709,353.0,
89163,491.0,
24066,221.0,
72316,678.0,
52187,184.0,
21549,83.0,
38056,88.0,
41295,7508.0,
44152,2793.0,
56153,2565.0,
04240,253.0,
60506,689.0,
24162,443.0,
54346,250.0,
45286,8104.0,
26305,906.0,
80142,192.0,
04136,342.0,
83084,590.0,
65373,197.0,
36078,340.0,
78567,964.0,
39248,43.0,
32134,333.0,
23119,42.0,
61308,222.0,
50076,3100.0,
62372,152.0,
31039,62.0,
77133,241.0,
07133,214.0,
55261,130.0,
77523,268.0,
18071,35.0,
05183,1428.0,
16422,750.0,
31450,518.0,
27261,456.0,
73298,908.0,
57499,1403.0,
47290,560.0,
69031,1261.0,
44107,1914.0,
57146,685.0,
62879,240.0,
74080,1792.0,
58223,616.0,
08332,43.0,
19041,498.0,
85080,941.0,
54469,435.0,
38485,12156.0,
58049,78.0,
66091,47.0,
88305,211.0,
04032,122.0,
24319,436.0,
88092,597.0,
50491,408.0,
68094,901.0,
07212,212.0,
80085,31.0,
14609,400.0,
2B187,146.0,
27500,1485.0,
76111,511.0,
72126,300.0,
86087,188.0,
57616,2937.0,
64281,144.0,
76151,272.0,
64021,621.0,
64251,245.0,
24392,544.0,
12009,37.0,
57081,121.0,
42195,944.0,
12208,8251.0,
01090,339.0,
34344,8505.0,
76623,104.0,
16381,167.0,
34306,189.0,
16171,667.0,
24022,220.0,
73142,853.0,
34324,4231.0,
31195,18.0,
82033,13739.0,
53107,2683.0,
85078,761.0,
01398,1236.0,
25493,873.0,
02237,1485.0,
73024,757.0,
40068,563.0,
45027,416.0,
65101,765.0,
64225,412.0,
66148,4214.0,
08090,2967.0,
77342,98.0,
80620,7702.0,
09229,482.0,
56078,10760.0,
69053,542.0,
52360,152.0,
59241,510.0,
76067,629.0,
80040,189.0,
76726,328.0,
62089,419.0,
68209,841.0,
89418,4910.0,
25490,421.0,
52297,260.0,
54054,1622.0,
05009,120.0,
88043,123.0,
29119,1444.0,
08167,86.0,
02752,284.0,
61035,263.0,
81101,1258.0,
52306,475.0,
87155,174.0,
50483,890.0,
60629,202.0,
85140,1590.0,
10022,217.0,
26058,19351.0,
60438,226.0,
76375,242.0,
51235,268.0,
81174,615.0,
57372,1252.0,
57361,535.0,
09294,67.0,
01426,2287.0,
18052,1095.0,
80171,613.0,
77222,3358.0,
31235,48.0,
80018,273.0,
08422,133.0,
07120,79.0,
81255,451.0,
55256,142.0,
78413,406.0,
32001,740.0,
52321,181.0,
67068,235.0,
62669,292.0,
28226,957.0,
29150,7033.0,
17298,937.0,
62733,300.0,
23015,868.0,
18039,335.0,
78650,15847.0,
33317,1091.0,
60548,478.0,
33485,1914.0,
59272,5266.0,
47028,832.0,
05136,665.0,
66136,120959.0,
16065,671.0,
10058,249.0,
10433,260.0,
54256,307.0,
60514,207.0,
2B033,42254.0,
14630,649.0,
55310,112.0,
30187,319.0,
60049,127.0,
30317,1737.0,
02737,591.0,
27451,298.0,
88089,627.0,
68008,610.0,
51379,524.0,
33022,2639.0,
88298,61.0,
10023,203.0,
72137,2251.0,
71121,305.0,
84101,433.0,
91093,626.0,
2A061,104.0,
38448,1279.0,
82071,40.0,
18249,413.0,
91374,207.0,
78362,20251.0,
57724,2984.0,
71502,1577.0,
83018,3048.0,
52017,806.0,
25589,98.0,
51454,182592.0,
14079,1549.0,
71464,172.0,
82062,1498.0,
11063,615.0,
68201,3343.0,
34327,6181.0,
04065,643.0,
77180,1158.0,
91081,682.0,
50519,481.0,
12269,121.0,
49011,413.0,
61422,702.0,
63024,185.0,
21388,510.0,
76148,321.0,
57748,809.0,
51579,153.0,
95491,8040.0,
70453,80.0,
02707,163.0,
16055,927.0,
54105,475.0,
66224,3281.0,
64233,1397.0,
30147,1618.0,
43035,80.0,
21647,133.0,
52217,96.0,
88192,100.0,
17206,297.0,
24002,1718.0,
71206,240.0,
32129,134.0,
02775,927.0,
61357,154.0,
08339,301.0,
2B217,49.0,
01293,176.0,
57272,93.0,
67223,1126.0,
54555,94.0,
39420,191.0,
77007,393.0,
32367,67.0,
70418,202.0,
65200,100.0,
52534,1555.0,
54148,608.0,
72227,44.0,
79295,713.0,
39091,100.0,
58071,136.0,
25013,233.0,
57127,125.0,
28058,326.0,
62905,848.0,
26338,1858.0,
08111,746.0,
25415,312.0,
11436,380.0,
57095,568.0,
45302,15449.0,
80489,5641.0,
69265,806.0,
43036,424.0,
39560,606.0,
22257,395.0,
84095,793.0,
17010,3795.0,
13112,8930.0,
14297,556.0,
07167,944.0,
16054,155.0,
02613,595.0,
56239,1421.0,
68330,340.0,
70065,77.0,
56225,189.0,
43070,199.0,
38188,1355.0,
80481,392.0,
50234,84.0,
01364,733.0,
34225,2843.0,
45178,1376.0,
19020,113.0,
69116,3409.0,
54455,168.0,
77486,879.0,
46054,346.0,
42065,1372.0,
48003,228.0,
31140,193.0,
35162,3435.0,
29185,3557.0,
36117,435.0,
80546,554.0,
07349,5120.0,
94078,32575.0,
52390,46.0,
35060,843.0,
83056,2594.0,
61234,1147.0,
32368,563.0,
60312,124.0,
15094,831.0,
69121,2611.0,
62339,128.0,
43109,63.0,
29051,8136.0,
91225,3169.0,
72369,619.0,
02218,608.0,
76249,743.0,
76345,270.0,
56075,6310.0,
32252,1219.0,
73304,1619.0,
72095,7577.0,
74200,2843.0,
24377,169.0,
09030,567.0,
38521,72.0,
32160,8012.0,
74014,1890.0,
68208,611.0,
55369,796.0,
65431,93.0,
76005,3250.0,
16121,459.0,
35201,884.0,
15221,1336.0,
73131,307.0,
31352,242.0,
70174,134.0,
09034,19.0,
71566,1163.0,
45038,411.0,
23205,136.0,
06109,889.0,
24478,204.0,
45118,333.0,
18194,1010.0,
62193,72520.0,
63050,3291.0,
76528,643.0,
77127,2079.0,
27474,1166.0,
10213,173.0,
32052,141.0,
80015,73.0,
25441,76.0,
09213,224.0,
60228,449.0,
40185,344.0,
07249,108.0,
30261,213.0,
02584,113.0,
23018,282.0,
35016,2094.0,
27340,658.0,
05135,63.0,
69131,3366.0,
36191,535.0,
24322,30036.0,
22044,1693.0,
62534,3801.0,
25435,163.0,
63404,560.0,
71095,401.0,
39555,231.0,
23243,158.0,
38376,862.0,
66157,26.0,
62288,2053.0,
59520,1468.0,
58254,602.0,
02813,294.0,
11130,204.0,
76320,368.0,
61304,313.0,
52486,55.0,
45001,210.0,
07259,1677.0,
68257,1016.0,
07174,537.0,
66184,59.0,
25295,271.0,
31374,925.0,
70061,79.0,
70553,123.0,
35150,3058.0,
57214,423.0,
55326,104.0,
63219,717.0,
17166,1237.0,
22042,481.0,
91399,202.0,
11189,77.0,
56238,389.0,
32281,109.0,
67256,2905.0,
79313,602.0,
54276,802.0,
70158,112.0,
47192,89.0,
25599,232.0,
60397,102.0,
54477,174.0,
35047,16855.0,
37067,1759.0,
62401,4395.0,
55096,104.0,
08074,52.0,
44179,4396.0,
17009,888.0,
50423,218.0,
26166,6162.0,
24195,118.0,
16378,588.0,
60411,836.0,
22352,283.0,
73145,451.0,
54307,173.0,
31315,990.0,
28202,356.0,
53019,128.0,
10262,425.0,
973302,54709.0,
73179,11563.0,
11184,91.0,
65293,115.0,
01389,1826.0,
79281,1185.0,
38348,4355.0,
24060,65.0,
14402,109.0,
40132,1435.0,
62867,247.0,
38134,850.0,
64387,553.0,
63365,475.0,
60197,836.0,
60174,192.0,
04218,219.0,
10373,428.0,
2B273,48.0,
46159,228.0,
50451,143.0,
22277,2386.0,
80172,523.0,
28061,3447.0,
82026,614.0,
37184,329.0,
02734,259.0,
02445,294.0,
60527,161.0,
2B366,97.0,
35326,2559.0,
14344,366.0,
66041,858.0,
76374,1303.0,
71360,1937.0,
55150,523.0,
65381,32.0,
11223,25.0,
33550,30663.0,
81143,665.0,
70038,315.0,
68036,2520.0,
70225,110.0,
30131,1083.0,
25492,92.0,
65171,28.0,
65167,26.0,
45256,245.0,
79176,870.0,
84126,839.0,
95607,25998.0,
79205,70.0,
27627,253.0,
25537,302.0,
02257,423.0,
21147,33.0,
67480,1830.0,
41043,1731.0,
27553,394.0,
71451,88.0,
32350,47.0,
46200,279.0,
05157,262.0,
52519,48.0,
51659,46.0,
37069,212.0,
08463,59.0,
80280,121.0,
25461,299.0,
71571,446.0,
35088,3176.0,
80498,608.0,
61508,3569.0,
21033,152.0,
59601,2916.0,
29131,449.0,
62727,1554.0,
60600,626.0,
10060,2538.0,
24311,3196.0,
02085,1012.0,
84002,1121.0,
76023,293.0,
21544,56.0,
39086,258.0,
62208,70.0,
61358,219.0,
02039,177.0,
65453,63.0,
70306,405.0,
50429,778.0,
57546,788.0,
26225,692.0,
16127,106.0,
06159,5326.0,
67006,210.0,
51357,656.0,
28007,2658.0,
35362,1131.0,
34067,1431.0,
85097,3016.0,
32190,518.0,
46125,322.0,
67249,198.0,
13035,6724.0,
28196,3396.0,
31420,2737.0,
13118,3529.0,
26258,853.0,
55442,283.0,
26111,92.0,
70122,1759.0,
80051,278.0,
64141,346.0,
57100,212.0,
80039,1584.0,
38265,1797.0,
02745,133.0,
32221,222.0,
88261,642.0,
48168,183.0,
95523,463.0,
55456,271.0,
52514,306.0,
70135,51.0,
11059,117.0,
17060,216.0,
82073,960.0,
52438,116.0,
52205,712.0,
19115,321.0,
10178,294.0,
64274,370.0,
76370,420.0,
55252,158.0,
75108,39175.0,
32381,396.0,
25110,934.0,
32424,243.0,
35290,608.0,
91243,1921.0,
13012,539.0,
63053,295.0,
59046,750.0,
81206,578.0,
31487,247.0,
45195,597.0,
74025,1460.0,
62906,1714.0,
51376,166.0,
05101,475.0,
56168,2133.0,
63240,442.0,
33418,379.0,
58165,165.0,
03067,152.0,
14740,999.0,
62189,132.0,
35207,5590.0,
72075,958.0,
64119,528.0,
57238,181.0,
32223,76.0,
59560,12571.0,
64433,330.0,
24164,1162.0,
76488,503.0,
57526,392.0,
76312,6390.0,
03108,392.0,
07244,273.0,
51367,1172.0,
29167,1866.0,
23160,294.0,
35294,2299.0,
38363,999.0,
47141,290.0,
30046,852.0,
22268,586.0,
80360,2240.0,
22325,2995.0,
51658,113.0,
71172,88.0,
90098,202.0,
03161,894.0,
87160,515.0,
21491,63.0,
31107,5330.0,
18245,501.0,
33552,995.0,
76387,376.0,
57668,1453.0,
85112,2769.0,
40184,6977.0,
89482,137.0,
64401,77.0,
67290,953.0,
33095,1289.0,
42044,12523.0,
78238,2340.0,
74095,289.0,
10222,491.0,
54220,74.0,
81009,70.0,
10004,256.0,
27023,726.0,
76122,522.0,
39007,154.0,
38429,258.0,
25012,132.0,
83083,1283.0,
33097,2307.0,
77300,601.0,
81156,3014.0,
36185,395.0,
60654,292.0,
32312,688.0,
51527,262.0,
22335,233.0,
78071,613.0,
65390,413.0,
84083,2374.0,
65482,440.0,
87203,1363.0,
41265,308.0,
19284,111.0,
17064,2694.0,
27663,170.0,
84109,174.0,
88341,562.0,
72136,340.0,
50563,290.0,
93059,28459.0,
01354,9635.0,
54086,365.0,
21258,218.0,
10177,161.0,
44038,2628.0,
89344,1695.0,
27386,1165.0,
51395,91.0,
80225,190.0,
71519,194.0,
01007,2503.0,
17433,214.0,
78407,596.0,
67494,549.0,
10351,363.0,
18252,308.0,
69188,818.0,
50498,809.0,
25499,122.0,
41149,3903.0,
81220,5290.0,
58061,109.0,
33432,221.0,
87120,538.0,
72354,162.0,
25108,305.0,
21493,591.0,
64423,173.0,
39274,252.0,
36188,227.0,
04001,1350.0,
19062,1116.0,
62264,1329.0,
50452,683.0,
21076,684.0,
10423,442.0,
28359,3831.0,
02540,1241.0,
77345,676.0,
11180,84.0,
17325,530.0,
89136,811.0,
38567,473.0,
62847,1951.0,
57084,332.0,
56140,3846.0,
95157,162.0,
57009,91.0,
62451,553.0,
2B201,169.0,
01037,276.0,
71148,879.0,
25383,304.0,
21609,459.0,
66057,467.0,
38185,160215.0,
70290,247.0,
26094,897.0,
29020,5554.0,
52204,72.0,
56054,3522.0,
57478,72.0,
59546,1099.0,
81157,273.0,
91552,9624.0,
23008,3679.0,
80385,351.0,
2A272,3403.0,
34152,580.0,
65415,264.0,
10173,503.0,
66027,684.0,
79105,173.0,
61129,377.0,
47147,612.0,
48053,158.0,
60021,535.0,
64205,247.0,
51386,125.0,
42071,6775.0,
33102,392.0,
81050,299.0,
80668,182.0,
78283,321.0,
93033,6663.0,
14589,964.0,
41031,2489.0,
71151,81.0,
52246,579.0,
91044,4000.0,
47025,556.0,
2B219,119.0,
25202,255.0,
87112,603.0,
15254,122.0,
10271,663.0,
57309,512.0,
23226,166.0,
16272,512.0,
62316,172.0,
2B020,601.0,
25111,362.0,
64006,450.0,
10037,450.0,
62271,831.0,
39192,79.0,
42121,152.0,
01272,1492.0,
67182,1496.0,
38454,2058.0,
21615,269.0,
89187,94.0,
08293,174.0,
17179,1609.0,
80676,160.0,
93050,34756.0,
54084,979.0,
74298,7781.0,
64452,249.0,
67423,546.0,
39047,535.0,
22103,864.0,
71396,475.0,
54178,181.0,
65323,61.0,
62276,5030.0,
76459,346.0,
80646,78.0,
12163,186.0,
54449,1019.0,
42161,554.0,
42327,683.0,
81105,11807.0,
69172,823.0,
21716,179.0,
89074,2248.0,
25041,335.0,
54121,183.0,
60584,4640.0,
87033,774.0,
65269,173.0,
61480,229.0,
57413,3766.0,
88199,77.0,
27339,797.0,
62126,9298.0,
89182,156.0,
42197,1061.0,
47024,1594.0,
67247,853.0,
57665,1053.0,
54094,182.0,
25156,1035.0,
46020,235.0,
01400,141.0,
71050,327.0,
32083,955.0,
40248,1619.0,
50192,125.0,
80342,480.0,
57711,465.0,
47250,158.0,
87142,529.0,
02505,202.0,
63032,10926.0,
35114,275.0,
76396,308.0,
62783,300.0,
74032,1301.0,
54246,74.0,
34246,1429.0,
24045,249.0,
02387,1070.0,
52500,620.0,
48187,101.0,
14001,1211.0,
75118,199519.0,
70510,139.0,
70077,236.0,
71358,96.0,
62435,111.0,
46023,507.0,
47193,185.0,
32014,101.0,
77382,5064.0,
28275,629.0,
21662,36.0,
70226,294.0,
30311,1974.0,
05154,157.0,
33133,86.0,
60435,447.0,
89211,93.0,
92072,23404.0,
50444,2366.0,
35355,1131.0,
61464,4319.0,
69279,5843.0,
67180,34419.0,
13003,2443.0,
74131,2019.0,
62745,152.0,
19107,1606.0,
79145,355.0,
77363,1373.0,
57556,3096.0,
63237,473.0,
63204,1042.0,
70319,104.0,
35193,1928.0,
25362,256.0,
89284,189.0,
86097,339.0,
62445,828.0,
02305,3183.0,
57199,597.0,
52480,404.0,
17427,217.0,
17134,429.0,
32425,1054.0,
37079,1845.0,
25042,246.0,
34257,200.0,
45023,113.0,
74138,1534.0,
86233,2715.0,
36236,322.0,
80333,1190.0,
45251,290.0,
95500,29826.0,
02338,256.0,
02774,109.0,
60179,127.0,
50240,489.0,
03169,299.0,
22136,9711.0,
53002,616.0,
01375,800.0,
55145,676.0,
57491,7907.0,
17308,2614.0,
32461,89.0,
55053,375.0,
55217,120.0,
59538,454.0,
38424,161.0,
59283,593.0,
39225,198.0,
24396,1618.0,
86026,559.0,
04172,711.0,
62415,428.0,
87193,41.0,
65066,32.0,
03055,984.0,
09082,449.0,
57241,167.0,
14328,1160.0,
15155,94.0,
62854,561.0,
67017,323.0,
87081,1064.0,
14446,96.0,
59456,5950.0,
57385,1075.0,
71460,456.0,
76527,485.0,
77023,275.0,
06032,4606.0,
31416,544.0,
80702,992.0,
35214,645.0,
25467,1920.0,
63181,505.0,
18174,270.0,
95675,787.0,
22074,689.0,
11135,10.0,
33333,2667.0,
62907,8534.0,
41188,115.0,
974422,76090.0,
19094,1140.0,
27110,518.0,
57360,1196.0,
38337,6012.0,
25194,111.0,
55376,80.0,
68302,743.0,
05131,76.0,
79135,950.0,
88082,858.0,
24223,2951.0,
03200,1557.0,
60604,272.0,
74013,2072.0,
19189,49.0,
38009,1017.0,
79189,1679.0,
57392,313.0,
51503,85.0,
03039,377.0,
89204,714.0,
26085,2571.0,
57045,114.0,
02666,1012.0,
21042,160.0,
10082,249.0,
17448,1161.0,
67200,901.0,
72056,1400.0,
25451,152.0,
70540,80.0,
51417,433.0,
38442,1016.0,
26078,841.0,
68172,1781.0,
51611,293.0,
12050,420.0,
59286,14560.0,
65372,617.0,
94077,20481.0,
67317,670.0,
59240,136.0,
48152,152.0,
55065,121.0,
45271,1008.0,
51130,221.0,
49302,458.0,
62004,7852.0,
83115,13835.0,
54112,661.0,
71048,194.0,
53187,227.0,
17316,428.0,
02184,368.0,
90053,2969.0,
47197,229.0,
56241,908.0,
02465,473.0,
85013,1276.0,
68034,315.0,
68035,275.0,
16321,55.0,
49140,1546.0,
61292,693.0,
58036,446.0,
02684,3535.0,
10044,31.0,
72307,209.0,
57134,1982.0,
82097,1534.0,
67277,747.0,
21524,84.0,
03187,638.0,
61297,753.0,
17019,1280.0,
17156,129.0,
17236,1483.0,
31024,421.0,
23084,140.0,
81223,51.0,
37193,1208.0,
33500,454.0,
08121,150.0,
87109,370.0,
33389,3084.0,
80803,266.0,
60211,605.0,
70303,145.0,
64070,316.0,
18203,99.0,
29266,2666.0,
59334,1771.0,
54286,1565.0,
33223,195.0,
60405,1096.0,
81187,171.0,
51480,146.0,
21514,95.0,
39575,83.0,
51635,112.0,
40046,13983.0,
50315,279.0,
73140,311.0,
86222,3997.0,
42060,510.0,
31142,246.0,
66114,1734.0,
31443,300.0,
08496,112.0,
50138,510.0,
46122,111.0,
35149,1504.0,
88319,3282.0,
81287,263.0,
39083,302.0,
21222,112.0,
22314,392.0,
10276,339.0,
11408,452.0,
13078,8565.0,
03031,290.0,
76304,343.0,
15006,802.0,
86226,2491.0,
41048,229.0,
77187,596.0,
24473,380.0,
73258,691.0,
68318,2359.0,
87022,144.0,
80428,128.0,
40078,415.0,
29238,861.0,
76517,2975.0,
18144,487.0,
42267,1685.0,
57255,609.0,
88247,1181.0,
29292,320.0,
72141,968.0,
59359,6314.0,
03284,321.0,
21670,320.0,
21665,191.0,
12107,314.0,
77081,712.0,
19261,848.0,
68001,1162.0,
59186,95.0,
74091,303.0,
33198,1663.0,
40191,631.0,
68373,324.0,
59084,2057.0,
29115,323.0,
61333,243.0,
27259,79.0,
61209,418.0,
41051,1164.0,
89148,293.0,
11373,73.0,
60188,2138.0,
05123,1466.0,
54447,72.0,
47144,599.0,
63354,1310.0,
79158,138.0,
68011,1307.0,
21157,24.0,
43173,93.0,
27126,1106.0,
15134,880.0,
49067,228.0,
26073,251.0,
973356,1707.0,
92009,28561.0,
02509,151.0,
21407,236.0,
11028,439.0,
07279,1865.0,
18146,346.0,
39166,231.0,
79208,1143.0,
38399,4525.0,
03096,89.0,
32467,138.0,
58263,202.0,
58291,171.0,
52311,215.0,
16359,1045.0,
23051,93.0,
56058,3109.0,
81046,1497.0,
57302,204.0,
42236,559.0,
27053,203.0,
10248,405.0,
02308,516.0,
76125,1498.0,
54502,243.0,
22070,7106.0,
69220,1928.0,
57628,4571.0,
07141,233.0,
35339,537.0,
62334,895.0,
56092,861.0,
39386,82.0,
60207,295.0,
22187,14394.0,
67013,297.0,
85189,1984.0,
18044,444.0,
70516,261.0,
61002,698.0,
44192,2336.0,
21505,774.0,
86123,809.0,
02570,177.0,
14325,2861.0,
70535,162.0,
01197,345.0,
76534,1124.0,
09065,185.0,
56099,403.0,
40157,1563.0,
57704,688.0,
62829,406.0,
50364,724.0,
10391,305.0,
26165,8945.0,
63221,113.0,
26057,10137.0,
59238,1665.0,
33345,375.0,
76178,5147.0,
62275,325.0,
70571,36.0,
67028,5716.0,
54405,520.0,
25197,628.0,
09252,88.0,
15074,753.0,
57277,176.0,
21204,80.0,
32193,232.0,
32290,1184.0,
12122,124.0,
62358,238.0,
39221,26.0,
32145,48.0,
31183,285.0,
51351,108.0,
58037,623.0,
76485,271.0,
61208,590.0,
24335,2498.0,
36102,117.0,
37213,1095.0,
63065,165.0,
12060,127.0,
14298,135.0,
26292,220.0,
59133,948.0,
11296,505.0,
65258,5940.0,
79209,343.0,
31493,133.0,
90102,752.0,
65088,44.0,
37018,7987.0,
24100,497.0,
15245,235.0,
72338,675.0,
62380,345.0,
21254,198.0,
71472,212.0,
07058,999.0,
14043,88.0,
21202,172.0,
17226,844.0,
33030,2089.0,
73282,1030.0,
68169,509.0,
25348,457.0,
90048,157.0,
77234,683.0,
86225,1353.0,
80793,2411.0,
89445,45.0,
89244,82.0,
27233,761.0,
52474,43.0,
33351,1474.0,
26020,233.0,
41278,291.0,
94079,28190.0,
17473,92.0,
80579,836.0,
71269,1852.0,
10042,254.0,
25299,95.0,
51243,349.0,
41087,369.0,
86119,325.0,
13052,2465.0,
40287,3605.0,
95611,24.0,
55017,112.0,
60436,102.0,
27533,504.0,
89246,406.0,
76695,308.0,
26336,525.0,
88364,157.0,
68333,305.0,
08429,555.0,
46235,183.0,
51186,53.0,
57631,21572.0,
35121,1913.0,
70469,220.0,
72125,305.0,
02364,213.0,
57480,21831.0,
25136,527.0,
04242,3881.0,
45229,2576.0,
59624,2091.0,
41211,2585.0,
69019,8123.0,
80414,122.0,
15075,75.0,
04234,248.0,
62586,439.0,
50481,903.0,
48117,111.0,
16198,423.0,
33325,869.0,
64542,69.0,
21561,450.0,
36214,314.0,
21354,47.0,
974408,31439.0,
12078,175.0,
09257,641.0,
38027,1890.0,
07066,2990.0,
13117,34493.0,
13088,4557.0,
04012,106.0,
76603,496.0,
62354,803.0,
47253,550.0,
04047,755.0,
72150,1315.0,
62132,4460.0,
77303,238.0,
86012,135.0,
41139,1083.0,
28312,141.0,
71176,8117.0,
70008,153.0,
65006,284.0,
49193,3953.0,
16120,1522.0,
25386,153.0,
89003,1399.0,
02356,205.0,
38130,4788.0,
52291,74.0,
54551,71.0,
72120,255.0,
66047,16.0,
31189,198.0,
19136,2434.0,
49176,4077.0,
71276,117.0,
52494,247.0,
18265,816.0,
50297,1076.0,
57340,1347.0,
44022,2677.0,
77110,314.0,
59017,25978.0,
66020,790.0,
68226,4718.0,
23115,221.0,
38396,806.0,
25050,380.0,
70478,896.0,
24491,598.0,
39055,39.0,
65016,147.0,
43041,4203.0,
24056,239.0,
14445,89.0,
2B244,50.0,
21494,69.0,
17424,300.0,
50618,262.0,
46092,225.0,
27632,480.0,
88264,48.0,
01298,128.0,
02326,491.0,
35119,882.0,
66128,13.0,
08424,118.0,
60036,357.0,
58114,112.0,
52006,373.0,
87050,8763.0,
10372,348.0,
72103,629.0,
78437,658.0,
90079,280.0,
57673,45.0,
35023,4058.0,
05077,308.0,
26175,195.0,
08191,1099.0,
64060,1606.0,
39331,743.0,
71161,324.0,
59501,1369.0,
66145,2801.0,
82093,647.0,
51510,132.0,
15014,26572.0,
54418,162.0,
54337,142.0,
35108,1122.0,
14242,1600.0,
38198,1033.0,
44087,6076.0,
63369,128.0,
70533,118.0,
39286,1916.0,
01344,5505.0,
67174,1139.0,
31308,63.0,
26231,2581.0,
22364,2574.0,
68282,232.0,
11355,371.0,
45262,139.0,
07267,241.0,
72166,348.0,
18185,235.0,
24037,28063.0,
77525,364.0,
42039,383.0,
21591,825.0,
21421,217.0,
27245,280.0,
01151,1151.0,
67059,450.0,
56094,6489.0,
82107,61.0,
63101,82.0,
70017,230.0,
34052,3147.0,
36209,282.0,
12217,724.0,
25133,1931.0,
60699,156.0,
88451,2490.0,
47189,141.0,
81071,84.0,
54017,84.0,
14024,485.0,
30174,1496.0,
91247,505.0,
21382,199.0,
68097,1361.0,
02165,1635.0,
08304,87.0,
03017,205.0,
27137,238.0,
16264,373.0,
59160,4476.0,
05012,520.0,
30116,965.0,
39193,1027.0,
65165,160.0,
42159,1657.0,
01169,591.0,
61362,551.0,
58120,258.0,
72341,650.0,
45134,1495.0,
51020,47.0,
74105,5302.0,
88352,237.0,
55247,65.0,
72022,1238.0,
81234,74.0,
52201,71.0,
62373,1016.0,
70031,675.0,
86116,850.0,
55196,139.0,
81031,842.0,
65401,524.0,
79293,1035.0,
18096,2071.0,
33414,392.0,
07129,2404.0,
47181,248.0,
49358,584.0,
65379,15.0,
08392,229.0,
16280,1927.0,
46189,527.0,
37234,512.0,
60072,302.0,
11149,76.0,
29298,563.0,
15251,137.0,
28336,111.0,
24404,208.0,
51476,795.0,
32431,34.0,
21560,305.0,
51479,228.0,
95051,8792.0,
25446,233.0,
57767,1011.0,
62753,6637.0,
66232,29.0,
59505,775.0,
61146,386.0,
68163,4940.0,
46095,993.0,
57377,226.0,
03257,781.0,
34082,1455.0,
14586,178.0,
50184,1727.0,
76231,17343.0,
18020,855.0,
65137,98.0,
10192,120.0,
36180,865.0,
83121,3808.0,
18024,86.0,
12260,142.0,
18009,305.0,
25454,2072.0,
65153,116.0,
41007,692.0,
31348,34.0,
66054,54.0,
86184,902.0,
10200,85.0,
63449,312.0,
43186,435.0,
01077,181.0,
44197,1678.0,
61265,168.0,
17293,642.0,
70259,344.0,
89466,409.0,
55276,194.0,
41044,1110.0,
51521,211.0,
54474,192.0,
46206,128.0,
52027,83.0,
14457,113.0,
60578,993.0,
45276,536.0,
04159,61.0,
36044,45209.0,
64412,119.0,
82101,1106.0,
69260,4582.0,
2A279,120.0,
08116,934.0,
12267,635.0,
16176,336.0,
12001,1074.0,
59129,2299.0,
41229,1503.0,
30206,3958.0,
89315,143.0,
14251,505.0,
65318,261.0,
80439,169.0,
55204,262.0,
09058,205.0,
59061,254.0,
47319,104.0,
71175,368.0,
55436,31.0,
24355,449.0,
07328,554.0,
73208,977.0,
86118,349.0,
81002,2574.0,
28229,10368.0,
42009,555.0,
69026,454.0,
71410,819.0,
49064,357.0,
69141,5550.0,
62865,4620.0,
50168,2479.0,
51075,992.0,
70329,68.0,
81135,111.0,
70387,655.0,
72249,801.0,
22163,722.0,
81139,1793.0,
38020,198.0,
41102,381.0,
32437,193.0,
43213,2225.0,
52012,31.0,
85227,1960.0,
81063,1561.0,
86106,113.0,
07156,946.0,
60041,2065.0,
72342,183.0,
07316,2076.0,
51167,150.0,
21455,230.0,
95144,75.0,
44155,3229.0,
19093,915.0,
33084,1360.0,
70309,486.0,
49214,7213.0,
02066,212.0,
89337,1085.0,
76626,404.0,
22380,706.0,
81090,221.0,
70358,254.0,
39189,2746.0,
65192,247.0,
67524,556.0,
68383,349.0,
22300,424.0,
02005,395.0,
31344,778.0,
39250,165.0,
32308,92.0,
2B182,177.0,
71574,760.0,
76321,1778.0,
25347,737.0,
25471,133.0,
17451,566.0,
08369,132.0,
55386,200.0,
29209,3715.0,
88400,286.0,
26372,46.0,
35192,241.0,
17048,341.0,
61438,180.0,
34244,2675.0,
52061,261.0,
56155,1790.0,
73096,1023.0,
63324,215.0,
54192,299.0,
08322,368.0,
01416,1067.0,
32427,60.0,
64393,4508.0,
62862,156.0,
11145,3813.0,
07113,256.0,
86074,900.0,
82181,211.0,
66085,453.0,
50188,1064.0,
60037,530.0,
02243,2829.0,
42253,1132.0,
18171,250.0,
55281,92.0,
81292,526.0,
71255,189.0,
58302,966.0,
44028,3705.0,
34312,1273.0,
64012,138.0,
38010,655.0,
22028,882.0,
29022,2586.0,
77312,2741.0,
82140,410.0,
64188,1100.0,
60563,540.0,
76315,1076.0,
32035,276.0,
02362,260.0,
51116,269.0,
79243,285.0,
21694,31.0,
02696,99.0,
17329,375.0,
66062,162.0,
65140,22.0,
80523,1301.0,
85006,1728.0,
12104,447.0,
65376,179.0,
03298,3554.0,
16138,3656.0,
58095,5689.0,
37157,345.0,
62140,491.0,
57598,2049.0,
27576,668.0,
22169,177.0,
62633,253.0,
16348,1300.0,
22204,1272.0,
32262,368.0,
22168,7312.0,
25336,516.0,
66101,1964.0,
51518,625.0,
84025,1750.0,
31087,308.0,
39517,582.0,
45060,813.0,
48179,140.0,
39317,330.0,
23111,288.0,
19111,104.0,
89475,96.0,
68350,535.0,
81290,189.0,
41166,355.0,
77083,24913.0,
37035,329.0,
10294,67.0,
84080,12015.0,
32017,138.0,
64391,338.0,
61483,2359.0,
14652,76.0,
31457,794.0,
64104,572.0,
88097,35.0,
60192,224.0,
16234,745.0,
79095,590.0,
14576,187.0,
45342,382.0,
38271,878.0,
11120,538.0,
18158,801.0,
80016,10054.0,
16224,540.0,
03283,1058.0,
2B344,37.0,
32256,3572.0,
51310,213.0,
25150,252.0,
88169,239.0,
56076,1367.0,
54031,267.0,
01073,1005.0,
80777,146.0,
21169,133.0,
95212,113.0,
24291,2814.0,
63223,575.0,
06158,668.0,
45316,785.0,
55133,89.0,
01043,4534.0,
61352,151.0,
26220,6657.0,
72243,1797.0,
89437,309.0,
01155,144.0,
55109,263.0,
86093,165.0,
25426,390.0,
08310,82.0,
25161,31.0,
10321,3090.0,
63286,282.0,
88259,301.0,
09296,112.0,
89336,314.0,
70548,155.0,
57204,535.0,
67048,446.0,
56127,3291.0,
60288,443.0,
22387,1317.0,
70233,143.0,
10167,116.0,
45261,1362.0,
62355,544.0,
57307,230.0,
32059,127.0,
58062,2086.0,
21134,290.0,
76748,628.0,
16158,312.0,
77373,37847.0,
28415,1620.0,
61350,161.0,
58127,215.0,
15200,155.0,
45250,244.0,
83063,1833.0,
09077,179.0,
44103,7051.0,
04109,310.0,
28353,415.0,
46165,437.0,
02575,1712.0,
2B343,1695.0,
24442,2070.0,
47183,184.0,
66126,324.0,
58101,195.0,
70568,65.0,
40275,567.0,
62817,1449.0,
27488,194.0,
24055,753.0,
82163,63.0,
67420,1282.0,
17022,968.0,
71336,3041.0,
50436,1019.0,
71426,479.0,
2A114,1462.0,
14050,171.0,
30082,4131.0,
22020,2958.0,
07293,805.0,
52105,297.0,
61061,1446.0,
25331,226.0,
82121,57921.0,
86294,3669.0,
70013,82.0,
37273,5061.0,
10204,125.0,
60486,593.0,
87037,251.0,
55580,47.0,
76523,197.0,
65466,83.0,
28293,1188.0,
31359,66.0,
29014,448.0,
10065,98.0,
22146,418.0,
11311,290.0,
62712,1131.0,
03321,12905.0,
51645,127.0,
22063,544.0,
71586,244.0,
67335,797.0,
18045,462.0,
33484,1806.0,
05133,1654.0,
03217,754.0,
31371,475.0,
72073,1078.0,
43096,1019.0,
60248,200.0,
56166,5385.0,
62448,1867.0,
29241,7507.0,
47303,241.0,
43010,1241.0,
17258,307.0,
63208,283.0,
62083,7619.0,
02328,559.0,
68117,945.0,
28330,240.0,
50464,607.0,
68238,970.0,
62475,266.0,
05176,234.0,
44116,3260.0,
62899,1016.0,
21251,263.0,
18149,586.0,
02772,130.0,
47084,257.0,
15001,784.0,
49036,732.0,
22131,917.0,
62868,274.0,
16086,870.0,
95566,2688.0,
72077,422.0,
85291,1190.0,
70143,117.0,
63450,251.0,
62662,810.0,
17198,273.0,
51005,163.0,
90054,561.0,
72219,379.0,
70555,184.0,
76136,761.0,
84058,408.0,
21171,10486.0,
77203,1345.0,
10138,125.0,
84147,3284.0,
35225,749.0,
59326,1012.0,
71216,210.0,
76503,1234.0,
02770,779.0,
62182,221.0,
06066,1512.0,
09103,758.0,
02428,79.0,
77366,268.0,
59270,513.0,
21184,49.0,
59522,1704.0,
34123,8062.0,
53109,629.0,
80026,28.0,
26257,410.0,
50205,247.0,
17280,714.0,
54156,520.0,
31198,114.0,
29047,1772.0,
01041,746.0,
70154,353.0,
59006,237.0,
45012,184.0,
51224,176.0,
66056,1149.0,
59294,523.0,
89409,64.0,
79336,255.0,
58308,70.0,
21103,2466.0,
27478,938.0,
41077,147.0,
19010,2991.0,
60272,625.0,
22278,45331.0,
26067,49.0,
51647,885.0,
71134,235.0,
93051,62834.0,
65411,85.0,
71567,253.0,
13210,55315.0,
88016,253.0,
55218,33.0,
76130,279.0,
89171,315.0,
2B340,108.0,
62672,700.0,
62088,330.0,
40233,2987.0,
23074,187.0,
69218,978.0,
29196,2108.0,
79337,867.0,
59148,366.0,
09145,252.0,
55167,698.0,
55138,158.0,
58243,110.0,
33156,332.0,
16222,391.0,
81196,855.0,
55387,237.0,
62772,511.0,
64047,230.0,
67321,370.0,
67491,280.0,
58075,213.0,
61303,522.0,
49261,2327.0,
49009,473.0,
88117,82.0,
03126,1194.0,
40246,1210.0,
10024,145.0,
50087,2095.0,
70298,125.0,
35284,2569.0,
57453,326.0,
64048,85.0,
51465,166.0,
39344,358.0,
33137,210.0,
72276,1996.0,
85101,467.0,
26122,147.0,
74174,560.0,
71238,1005.0,
40235,657.0,
74150,1458.0,
68029,1055.0,
08362,7730.0,
71485,271.0,
29281,1014.0,
55378,260.0,
51526,366.0,
94021,18894.0,
59422,624.0,
57384,569.0,
38273,474.0,
26103,481.0,
74162,909.0,
37274,288.0,
32105,257.0,
95539,14393.0,
65022,107.0,
02371,1678.0,
80207,354.0,
32104,159.0,
09163,80.0,
39561,440.0,
14607,166.0,
26206,2872.0,
71314,197.0,
63063,7471.0,
25022,1439.0,
2A004,67507.0,
82104,172.0,
25089,84.0,
28404,12047.0,
50324,122.0,
08210,107.0,
12154,633.0,
76302,2788.0,
09237,38.0,
64311,160.0,
40259,437.0,
60087,329.0,
28355,302.0,
2B105,106.0,
62351,6488.0,
30032,16036.0,
03035,203.0,
03218,275.0,
82128,104.0,
04004,523.0,
38135,1268.0,
52433,125.0,
39032,378.0,
71559,585.0,
31259,2036.0,
48075,871.0,
62665,213.0,
88516,5248.0,
52337,65.0,
70235,154.0,
65409,277.0,
68020,1641.0,
86204,2218.0,
73300,3109.0,
51472,1078.0,
68299,309.0,
45174,254.0,
27298,295.0,
10367,693.0,
55383,219.0,
60470,777.0,
57713,257.0,
12016,859.0,
10297,4867.0,
71171,311.0,
55127,34.0,
18097,1994.0,
57395,201.0,
06027,46940.0,
72096,1689.0,
14678,534.0,
25349,488.0,
80310,677.0,
40331,2421.0,
13040,9519.0,
83053,2141.0,
74183,2184.0,
52008,882.0,
21294,422.0,
19003,242.0,
11322,1018.0,
64429,100.0,
63276,2099.0,
76074,53.0,
60014,177.0,
59409,2521.0,
81310,107.0,
70559,215.0,
64229,113.0,
38005,999.0,
40151,423.0,
30022,184.0,
44072,6307.0,
31127,4.0,
03129,319.0,
51633,302.0,
14659,1397.0,
02525,590.0,
85192,902.0,
62144,411.0,
06099,1861.0,
69062,756.0,
51079,938.0,
51589,176.0,
07340,1547.0,
02511,309.0,
14681,165.0,
74122,540.0,
18209,435.0,
39402,387.0,
32274,198.0,
80187,643.0,
55363,113.0,
53267,1151.0,
81150,397.0,
19265,312.0,
67322,1126.0,
07274,208.0,
38395,1397.0,
60053,608.0,
70362,181.0,
88138,85.0,
21317,4432.0,
49132,1523.0,
70444,156.0,
64002,157.0,
46105,707.0,
01068,749.0,
72018,93.0,
39454,91.0,
57524,110.0,
86081,1514.0,
79348,198.0,
72121,336.0,
47160,191.0,
50311,235.0,
88177,549.0,
62834,250.0,
55500,838.0,
47095,837.0,
12097,236.0,
03276,104.0,
50072,228.0,
73110,785.0,
22040,570.0,
38508,675.0,
57281,286.0,
14601,176.0,
45156,663.0,
21306,209.0,
57230,200.0,
63327,2075.0,
73315,518.0,
80062,1409.0,
57010,133.0,
89286,788.0,
62232,858.0,
68265,820.0,
91471,16153.0,
81314,549.0,
31553,1165.0,
77220,283.0,
70030,50.0,
33511,360.0,
62512,618.0,
90004,392.0,
17163,529.0,
54419,71.0,
44178,2587.0,
08336,228.0,
08173,1164.0,
57726,387.0,
61199,317.0,
88478,92.0,
57367,241.0,
91679,1237.0,
50447,423.0,
11069,46724.0,
55026,141.0,
21159,111.0,
28264,145.0,
06043,807.0,
11043,237.0,
80417,1650.0,
25462,17398.0,
80205,927.0,
52005,31.0,
07332,493.0,
26016,411.0,
81325,1931.0,
28157,164.0,
07268,964.0,
35309,847.0,
49055,2044.0,
70083,428.0,
71205,638.0,
14277,1747.0,
26378,34.0,
80413,101.0,
92050,92227.0,
65265,358.0,
61369,1037.0,
72379,231.0,
34193,186.0,
60385,673.0,
60209,199.0,
11400,104.0,
38264,142.0,
72331,573.0,
35077,346.0,
77053,16529.0,
972222,23296.0,
01379,734.0,
10402,243.0,
76544,230.0,
50144,541.0,
21684,877.0,
27548,1210.0,
28094,1655.0,
43046,2628.0,
88466,137.0,
31137,150.0,
79088,1669.0,
54298,141.0,
88008,160.0,
45148,1757.0,
37229,267.0,
63160,497.0,
12182,268.0,
70125,211.0,
21410,37.0,
67118,6725.0,
89076,811.0,
43001,189.0,
34280,591.0,
03238,505.0,
974409,56156.0,
80226,309.0,
15052,152.0,
31220,337.0,
39162,271.0,
16241,194.0,
12255,744.0,
60017,1229.0,
47238,1659.0,
02291,416.0,
19144,235.0,
85306,726.0,
85049,1758.0,
09006,57.0,
52336,150.0,
65374,215.0,
60426,247.0,
34290,667.0,
50038,370.0,
77216,1417.0,
08381,819.0,
44062,1718.0,
39356,185.0,
67231,211.0,
71535,488.0,
37028,781.0,
43103,116.0,
64074,53.0,
55346,331.0,
32039,110.0,
39557,211.0,
15095,348.0,
09158,228.0,
11334,113.0,
66181,141.0,
68354,866.0,
79096,1176.0,
62306,402.0,
27202,486.0,
49053,362.0,
32019,537.0,
67043,17432.0,
67490,609.0,
68382,374.0,
50034,535.0,
66106,2673.0,
66083,39.0,
66067,619.0,
01099,1544.0,
07318,181.0,
79148,2075.0,
17028,8844.0,
73017,996.0,
31413,545.0,
70409,105.0,
59211,906.0,
89014,641.0,
87075,7523.0,
55012,394.0,
33509,500.0,
85284,4202.0,
04084,478.0,
53193,521.0,
14557,1196.0,
56197,928.0,
21630,209.0,
55465,106.0,
60132,197.0,
02482,51.0,
95387,91.0,
09230,54.0,
72107,355.0,
71043,88.0,
86126,608.0,
45246,124.0,
07289,1641.0,
45287,97.0,
77386,704.0,
76217,30214.0,
64486,81.0,
54200,161.0,
58155,554.0,
63462,274.0,
07154,138.0,
26315,421.0,
24437,900.0,
38206,987.0,
68158,505.0,
35310,1491.0,
82006,64.0,
54484,210.0,
14590,131.0,
77380,318.0,
34037,3233.0,
91038,1304.0,
89279,652.0,
19142,127.0,
06131,44.0,
74172,1330.0,
46006,339.0,
41100,190.0,
48054,54.0,
55194,56.0,
15202,820.0,
21339,504.0,
14466,290.0,
78590,525.0,
42179,878.0,
76597,770.0,
06123,28891.0,
85022,1226.0,
71430,408.0,
56211,749.0,
83077,2073.0,
47233,3143.0,
43164,488.0,
51012,76.0,
31269,1418.0,
76710,102.0,
24090,564.0,
21120,137.0,
36047,549.0,
07061,359.0,
40116,270.0,
39035,352.0,
27194,236.0,
72229,537.0,
55264,304.0,
36208,830.0,
29070,528.0,
58162,122.0,
62019,3909.0,
86136,429.0,
54435,370.0,
85231,814.0,
76672,1000.0,
21260,155.0,
51420,98.0,
38209,219.0,
80544,193.0,
03271,788.0,
2B180,86.0,
15231,589.0,
06053,151.0,
62795,109.0,
16283,594.0,
78517,25926.0,
10126,140.0,
80228,2165.0,
51149,426.0,
57497,283.0,
31414,80.0,
62444,232.0,
04042,131.0,
33481,225.0,
04111,1380.0,
51319,97.0,
48097,226.0,
77150,424.0,
76428,19.0,
08041,239.0,
28377,1768.0,
36029,222.0,
41070,411.0,
10392,381.0,
51303,572.0,
08190,6618.0,
2B074,350.0,
50431,662.0,
65429,211.0,
52091,88.0,
50350,561.0,
53204,389.0,
91186,604.0,
63273,1505.0,
32100,140.0,
64519,3973.0,
77391,493.0,
88049,114.0,
19091,311.0,
95253,480.0,
80678,759.0,
23132,385.0,
52380,370.0,
67525,1671.0,
54521,1645.0,
72051,3288.0,
57644,1882.0,
35271,1613.0,
47227,164.0,
08149,128.0,
32288,123.0,
53163,722.0,
08137,414.0,
64282,1116.0,
32141,105.0,
25304,3626.0,
82005,1137.0,
57155,3054.0,
59236,263.0,
60026,540.0,
77136,203.0,
46266,494.0,
10282,1321.0,
60634,418.0,
62681,631.0,
71392,476.0,
63203,1112.0,
23224,78.0,
18223,2293.0,
02053,259.0,
43145,55.0,
80531,107.0,
89170,140.0,
11299,599.0,
14741,109.0,
05036,1110.0,
03236,3691.0,
21413,374.0,
77337,15638.0,
34007,455.0,
08003,1672.0,
54104,270.0,
30111,418.0,
92051,62346.0,
51463,179.0,
63310,205.0,
61348,356.0,
51102,502.0,
79063,1011.0,
56133,1092.0,
84024,895.0,
52421,435.0,
79153,161.0,
04086,304.0,
10029,159.0,
62547,87.0,
21156,47.0,
39513,265.0,
88186,50.0,
83117,1721.0,
76186,527.0,
50353,41.0,
51292,125.0,
69208,2116.0,
10050,192.0,
70004,302.0,
85113,4636.0,
53051,581.0,
32449,221.0,
40162,568.0,
17269,647.0,
25199,346.0,
62737,6363.0,
01232,2196.0,
55117,1531.0,
02464,369.0,
02753,352.0,
02258,401.0,
82088,691.0,
27036,523.0,
16005,1088.0,
23003,147.0,
70166,177.0,
38476,828.0,
27046,168.0,
70421,3041.0,
59080,2746.0,
46191,1020.0,
31426,842.0,
64158,186.0,
16404,116.0,
66121,1227.0,
16096,412.0,
51406,152.0,
60508,3231.0,
39013,3529.0,
63451,395.0,
31409,2022.0,
63379,459.0,
89080,581.0,
85051,8271.0,
17262,1138.0,
84106,2394.0,
07247,693.0,
42262,1744.0,
32352,124.0,
59090,9904.0,
39126,398.0,
45062,1397.0,
80754,331.0,
11393,470.0,
17278,677.0,
65316,114.0,
32401,86.0,
02551,125.0,
42038,706.0,
27018,961.0,
76573,513.0,
70156,99.0,
19202,1828.0,
14635,176.0,
22294,277.0,
36165,1085.0,
27355,2666.0,
67500,1487.0,
59519,1640.0,
05026,298.0,
02508,150.0,
38030,1546.0,
46262,287.0,
67367,1362.0,
77226,2527.0,
88463,1570.0,
42113,224.0,
81225,975.0,
17423,68.0,
70164,72.0,
25121,258.0,
74012,34261.0,
60703,745.0,
18170,706.0,
39500,2796.0,
10426,1091.0,
33112,163.0,
95409,1259.0,
27697,314.0,
62788,698.0,
62282,174.0,
60167,505.0,
44222,1154.0,
77087,155.0,
80351,268.0,
03188,219.0,
38496,1252.0,
14203,185.0,
16107,515.0,
76278,892.0,
67215,492.0,
42178,763.0,
57549,745.0,
88116,3402.0,
44110,8272.0,
85100,2032.0,
81099,14334.0,
79019,173.0,
45096,478.0,
58279,188.0,
93071,49465.0,
81300,125.0,
64148,934.0,
13106,10713.0,
39325,562.0,
59486,2720.0,
80115,339.0,
32049,96.0,
28239,931.0,
40230,2656.0,
14748,86.0,
70063,222.0,
66061,108.0,
40089,895.0,
01457,2919.0,
92064,29109.0,
32130,225.0,
62170,2442.0,
43183,85.0,
21415,205.0,
72364,1536.0,
68170,613.0,
06079,22864.0,
45268,606.0,
26148,1799.0,
67222,4189.0,
09273,616.0,
89373,662.0,
76318,655.0,
40314,1185.0,
2B171,40.0,
54303,377.0,
74116,1843.0,
88473,118.0,
87066,1040.0,
14512,88.0,
55380,74.0,
02363,443.0,
21511,132.0,
81245,135.0,
63343,270.0,
02633,64.0,
29293,7056.0,
59391,848.0,
25310,84.0,
89237,519.0,
31533,2116.0,
24365,247.0,
53169,423.0,
08171,102.0,
44170,936.0,
66161,1284.0,
59007,939.0,
02189,381.0,
08159,111.0,
28265,261.0,
25046,82.0,
52146,159.0,
62755,3634.0,
72181,144244.0,
89355,131.0,
91145,54.0,
27535,443.0,
11238,108.0,
50026,92.0,
51534,177.0,
14455,264.0,
71208,230.0,
33040,1157.0,
62848,3436.0,
02656,383.0,
64370,478.0,
27282,509.0,
42055,127.0,
59029,1517.0,
87018,716.0,
73077,540.0,
52522,341.0,
50112,495.0,
53177,329.0,
42186,14658.0,
80624,260.0,
22239,1213.0,
45042,1846.0,
85191,52732.0,
77476,247.0,
73130,1984.0,
64343,596.0,
55028,134.0,
76245,1449.0,
35061,655.0,
23113,327.0,
64297,168.0,
02190,583.0,
17373,2038.0,
52518,108.0,
35098,1307.0,
31054,179.0,
87118,1244.0,
11281,1299.0,
46293,484.0,
59226,1490.0,
35327,3545.0,
38259,944.0,
21464,5572.0,
88099,1472.0,
38098,679.0,
30308,912.0,
59574,12863.0,
86253,553.0,
55433,400.0,
90103,632.0,
60491,1879.0,
85155,4829.0,
24279,60.0,
31094,2546.0,
07311,144.0,
80828,46.0,
55425,140.0,
02451,127.0,
95139,331.0,
76604,196.0,
07240,2114.0,
41230,1830.0,
27146,381.0,
54280,6641.0,
95447,190.0,
51247,169.0,
2A115,144.0,
16157,158.0,
66045,707.0,
06006,2162.0,
68344,442.0,
30293,336.0,
35260,577.0,
09194,3136.0,
33283,192.0,
28360,920.0,
85103,2145.0,
59018,1609.0,
62531,944.0,
19145,489.0,
26266,31.0,
71388,489.0,
11146,397.0,
15230,206.0,
19009,106.0,
67509,343.0,
57643,208.0,
02272,70.0,
07143,726.0,
86198,632.0,
06120,1291.0,
19153,3534.0,
36070,1407.0,
59463,953.0,
64200,197.0,
30057,1564.0,
11038,61.0,
73196,742.0,
37140,272.0,
09038,384.0,
18260,117.0,
27440,672.0,
07124,35.0,
54090,4120.0,
38460,442.0,
88183,303.0,
72343,620.0,
64499,4768.0,
08229,149.0,
02599,270.0,
60176,14962.0,
18073,227.0,
31122,122.0,
58009,121.0,
33479,230.0,
94053,4699.0,
38023,198.0,
85261,240.0,
30200,878.0,
43051,2570.0,
07222,195.0,
02188,140.0,
25163,109.0,
31283,282.0,
30270,1426.0,
43056,458.0,
37191,244.0,
64328,1040.0,
07184,464.0,
86246,865.0,
08372,71.0,
57029,217.0,
62317,439.0,
65249,98.0,
60148,459.0,
54224,115.0,
46031,126.0,
29114,373.0,
27239,416.0,
57473,79.0,
14698,291.0,
11022,1171.0,
59579,1327.0,
21521,812.0,
10286,232.0,
80019,810.0,
24453,368.0,
51596,365.0,
33245,772.0,
2B234,22.0,
71032,588.0,
62296,270.0,
58241,346.0,
68243,147.0,
23101,429.0,
13094,2379.0,
06139,103.0,
42216,655.0,
77077,947.0,
81254,372.0,
62263,5867.0,
38095,2456.0,
42272,1714.0,
24573,644.0,
32033,116.0,
31249,1139.0,
67144,352.0,
60377,310.0,
91469,933.0,
76325,416.0,
02435,78.0,
74170,829.0,
10352,1465.0,
10083,288.0,
2B111,53.0,
57664,67.0,
47036,357.0,
22065,1701.0,
36137,403.0,
22178,1290.0,
28148,345.0,
54023,247.0,
87110,2424.0,
78688,11464.0,
55322,52.0,
95028,1783.0,
06161,14346.0,
80529,200.0,
04070,16512.0,
11315,2029.0,
70490,114.0,
55087,82.0,
02279,576.0,
09209,1063.0,
39493,231.0,
76596,1412.0,
89063,819.0,
05110,281.0,
07076,2935.0,
11198,1083.0,
24248,311.0,
04236,115.0,
45079,148.0,
25241,145.0,
37083,1733.0,
51632,236.0,
58234,122.0,
15135,116.0,
70121,884.0,
27613,350.0,
63166,244.0,
58158,287.0,
02432,186.0,
33043,233.0,
14160,195.0,
09327,223.0,
77420,3841.0,
45241,574.0,
31363,220.0,
59053,3394.0,
69036,1130.0,
17367,168.0,
88285,446.0,
62691,475.0,
68280,335.0,
35127,3644.0,
16255,139.0,
72008,5143.0,
57702,133.0,
50190,171.0,
31418,947.0,
89228,1383.0,
95452,819.0,
11441,2586.0,
28163,205.0,
66168,3288.0,
93039,6982.0,
16185,162.0,
57035,117.0,
71568,52.0,
15118,703.0,
03230,530.0,
45046,1013.0,
21331,331.0,
04051,76.0,
38547,7266.0,
85232,1012.0,
76158,338.0,
95563,15082.0,
62029,506.0,
08083,404.0,
12300,11909.0,
42002,148.0,
69389,48926.0,
30186,1562.0,
23251,144.0,
72012,515.0,
30008,835.0,
33274,2781.0,
34148,4074.0,
10099,523.0,
45245,1203.0,
37009,415.0,
63398,105.0,
65229,36.0,
67450,703.0,
2B134,3534.0,
05037,476.0,
65072,1627.0,
70369,62.0,
53258,939.0,
11239,81.0,
76555,867.0,
62893,7010.0,
04219,232.0,
85040,1100.0,
16215,158.0,
64441,284.0,
70042,79.0,
14362,154.0,
77426,374.0,
33111,1170.0,
21693,69.0,
09035,200.0,
67081,767.0,
37264,1150.0,
43228,90.0,
58093,137.0,
45288,421.0,
92026,85523.0,
03076,218.0,
02180,689.0,
33088,577.0,
39431,317.0,
28015,4223.0,
19162,1071.0,
62408,1460.0,
65131,238.0,
34086,606.0,
64295,112.0,
25127,2539.0,
23034,24.0,
19188,370.0,
54242,213.0,
89469,964.0,
58020,246.0,
67009,418.0,
01249,9277.0,
39130,180.0,
22265,1742.0,
12286,1168.0,
60210,262.0,
76253,765.0,
53035,560.0,
41032,2574.0,
56106,907.0,
80783,78.0,
55045,546.0,
06038,3154.0,
34149,610.0,
76472,718.0,
65029,506.0,
01191,170.0,
71117,1057.0,
51505,456.0,
21470,49.0,
74240,884.0,
77057,501.0,
09039,338.0,
50126,131.0,
66090,46.0,
02405,582.0,
37056,573.0,
22186,4031.0,
62629,179.0,
85001,2166.0,
51260,71.0,
73011,19071.0,
39128,1678.0,
44132,10531.0,
56195,658.0,
24174,128.0,
46084,294.0,
08103,212.0,
51280,30.0,
27189,437.0,
64107,75.0,
53153,691.0,
22104,464.0,
09171,49.0,
77377,2244.0,
30266,956.0,
71146,223.0,
69207,2929.0,
32402,101.0,
08271,88.0,
60163,432.0,
34230,143.0,
82080,1149.0,
23143,527.0,
21027,1200.0,
62289,775.0,
56207,1198.0,
38391,277.0,
27614,162.0,
19004,700.0,
61332,303.0,
68298,5193.0,
63132,1271.0,
77126,1801.0,
84030,3164.0,
47320,420.0,
67444,127.0,
30044,106.0,
08188,1097.0,
78163,366.0,
82081,182.0,
25350,784.0,
53001,1848.0,
50062,103.0,
15147,374.0,
41182,297.0,
33289,1469.0,
79122,604.0,
2B220,152.0,
45016,1004.0,
57440,145.0,
73213,8019.0,
2B153,108.0,
29144,766.0,
06035,972.0,
89191,37.0,
21079,153.0,
31567,386.0,
02449,78.0,
62855,230.0,
66094,2297.0,
12015,233.0,
65212,363.0,
81154,76.0,
62106,228.0,
74194,686.0,
65175,53.0,
16303,374.0,
89113,588.0,
01406,169.0,
63141,1999.0,
69130,251.0,
41150,3217.0,
37155,598.0,
38106,329.0,
70214,130.0,
21683,346.0,
71046,105.0,
32207,337.0,
62587,10227.0,
55195,150.0,
61498,105.0,
83142,175.0,
03094,3313.0,
53113,636.0,
57176,1660.0,
11415,98.0,
24152,961.0,
44082,4859.0,
54345,334.0,
08312,172.0,
10379,447.0,
91630,1427.0,
31046,10.0,
80718,1450.0,
05111,232.0,
55254,133.0,
67213,651.0,
59043,14389.0,
48166,173.0,
37194,1613.0,
83140,4951.0,
62589,1018.0,
28323,282.0,
41225,631.0,
32201,336.0,
95211,2377.0,
73254,123.0,
50428,494.0,
62330,1326.0,
74050,613.0,
87091,414.0,
25003,352.0,
37012,564.0,
28168,3560.0,
53098,415.0,
22269,234.0,
18253,470.0,
12284,341.0,
04095,89.0,
47108,269.0,
31236,71.0,
59634,862.0,
82064,111.0,
70180,455.0,
21366,209.0,
31225,171.0,
54344,228.0,
62770,2987.0,
32096,1709.0,
55239,0.0,
14345,313.0,
54571,593.0,
57283,9405.0,
65012,94.0,
04228,41.0,
65366,890.0,
53269,584.0,
43231,145.0,
60450,3238.0,
34102,329.0,
76007,683.0,
80586,152.0,
51587,260.0,
67229,194.0,
44078,352.0,
33364,375.0,
45100,482.0,
47295,317.0,
24212,740.0,
07153,261.0,
69175,1990.0,
76401,1997.0,
59532,316.0,
70136,470.0,
62240,2313.0,
19084,318.0,
77434,350.0,
27161,1083.0,
67388,5471.0,
65360,281.0,
82130,173.0,
40276,295.0,
82013,3772.0,
77204,209.0,
30336,1365.0,
88272,74.0,
92012,116794.0,
62582,678.0,
33285,392.0,
37075,427.0,
24202,164.0,
2B221,18.0,
38152,1320.0,
73252,234.0,
03234,402.0,
70113,125.0,
65286,14644.0,
52162,209.0,
21311,77.0,
52376,86.0,
62641,256.0,
41238,2103.0,
31486,1069.0,
78209,878.0,
27448,4556.0,
59568,431.0,
86276,1301.0,
59602,1430.0,
21287,174.0,
09293,777.0,
79226,281.0,
70520,93.0,
74213,7073.0,
38509,7922.0,
33055,251.0,
43170,337.0,
71016,1030.0,
30256,681.0,
15255,1189.0,
32204,399.0,
86147,589.0,
52141,312.0,
21501,1513.0,
63059,215.0,
24513,280.0,
54114,358.0,
41001,188.0,
60573,303.0,
09009,230.0,
10148,356.0,
16062,113.0,
83050,39174.0,
56141,1795.0,
51425,382.0,
35259,1132.0,
91080,1319.0,
26200,80.0,
74001,1344.0,
73240,730.0,
62840,138.0,
52539,80.0,
34099,68.0,
40229,1518.0,
26240,120.0,
94052,31367.0,
60205,56.0,
14528,372.0,
66078,168.0,
41214,688.0,
76092,677.0,
68103,431.0,
31108,259.0,
47012,307.0,
33153,259.0,
12088,218.0,
53214,176.0,
30120,1160.0,
21441,254.0,
52119,320.0,
70292,1683.0,
41116,198.0,
58210,323.0,
29226,1546.0,
06130,3480.0,
33002,799.0,
76550,1290.0,
67449,2212.0,
24135,670.0,
26337,1832.0,
88477,97.0,
66195,7300.0,
08481,241.0,
01385,976.0,
67160,1110.0,
71444,1125.0,
31033,9252.0,
22071,668.0,
14682,438.0,
51219,188.0,
76602,640.0,
63098,236.0,
08065,55.0,
70040,228.0,
60084,159.0,
62763,907.0,
2A285,62.0,
38203,398.0,
63360,180.0,
34287,310.0,
89152,708.0,
10328,386.0,
79230,919.0,
44201,6590.0,
33358,454.0,
65348,50.0,
33420,145.0,
79213,2013.0,
68210,339.0,
29246,222.0,
43012,5919.0,
34005,247.0,
59128,1695.0,
88279,61.0,
80369,233.0,
58275,312.0,
50369,828.0,
08482,99.0,
07170,268.0,
66146,124.0,
71031,55.0,
59291,14271.0,
76108,13046.0,
26273,993.0,
59358,1189.0,
89371,102.0,
70355,290.0,
89041,329.0,
37082,453.0,
02496,119.0,
76227,610.0,
73177,227.0,
34031,4703.0,
02687,345.0,
65254,144.0,
64079,103.0,
64046,396.0,
48085,105.0,
56029,1087.0,
22214,3259.0,
85277,1389.0,
55559,34.0,
35317,623.0,
88086,534.0,
24140,1562.0,
32149,1136.0,
59147,62.0,
59338,684.0,
62020,626.0,
47316,622.0,
12301,1936.0,
22156,698.0,
23157,84.0,
37222,737.0,
45344,1154.0,
91687,31132.0,
41140,752.0,
24428,551.0,
18087,4121.0,
43227,834.0,
15269,126.0,
77279,1646.0,
16301,233.0,
64275,629.0,
02137,125.0,
05179,3150.0,
69145,896.0,
88403,194.0,
79355,3247.0,
79215,374.0,
17356,326.0,
36063,7889.0,
48029,149.0,
26005,1629.0,
24383,147.0,
41249,1124.0,
56119,3279.0,
33025,376.0,
38525,473.0,
62638,1257.0,
35167,2619.0,
51198,614.0,
71249,1012.0,
68355,1530.0,
21085,162.0,
95019,14122.0,
05100,662.0,
11417,107.0,
77091,409.0,
33516,176.0,
59419,1401.0,
67373,318.0,
53218,866.0,
14343,67.0,
52332,1933.0,
46156,521.0,
33236,8106.0,
18246,1032.0,
84114,208.0,
10360,893.0,
67278,585.0,
18145,1653.0,
35194,1029.0,
54185,71.0,
31111,305.0,
02330,429.0,
06057,2480.0,
56114,848.0,
77212,149.0,
62384,634.0,
77265,1101.0,
25314,239.0,
46251,3531.0,
54378,490.0,
02450,373.0,
76406,391.0,
70084,646.0,
95091,6099.0,
43199,951.0,
17083,614.0,
10329,562.0,
61414,904.0,
44194,6968.0,
51591,219.0,
80750,173.0,
80736,243.0,
89012,87.0,
27384,503.0,
79034,1629.0,
26377,1167.0,
57425,566.0,
13004,52566.0,
80475,227.0,
64215,108.0,
82001,611.0,
80129,550.0,
14194,680.0,
13029,1350.0,
48124,93.0,
57300,320.0,
42314,280.0,
23257,770.0,
61021,140.0,
16187,2080.0,
51327,204.0,
52327,429.0,
51387,309.0,
21430,84.0,
40286,1127.0,
74044,868.0,
43172,252.0,
76209,464.0,
86266,106.0,
38392,555.0,
55459,231.0,
02057,1469.0,
43147,664.0,
37158,817.0,
43047,275.0,
67099,318.0,
02408,25219.0,
02812,227.0,
15196,1559.0,
07196,246.0,
31592,1638.0,
76096,649.0,
31144,782.0,
22109,264.0,
67122,1370.0,
51396,158.0,
22324,1364.0,
44005,4031.0,
63097,77.0,
42091,696.0,
2B352,186.0,
76441,648.0,
11066,111.0,
14602,269.0,
89196,659.0,
46083,656.0,
60237,96.0,
17400,616.0,
07343,1327.0,
39413,358.0,
84150,1910.0,
28127,948.0,
77012,305.0,
16403,133.0,
33519,9557.0,
22306,580.0,
65150,501.0,
62223,302.0,
17054,208.0,
76700,1508.0,
79342,570.0,
51639,51.0,
85132,764.0,
95214,68.0,
80412,611.0,
25273,197.0,
18219,464.0,
73068,573.0,
03138,3105.0,
25436,69.0,
21681,90.0,
34296,962.0,
76341,8167.0,
52463,38.0,
13033,5365.0,
37032,272.0,
48061,1950.0,
32103,189.0,
52373,45.0,
47143,2206.0,
10259,402.0,
59556,275.0,
34143,2147.0,
57462,361.0,
23246,377.0,
64211,278.0,
68109,758.0,
59187,289.0,
72199,240.0,
22372,1981.0,
28161,508.0,
62856,298.0,
70463,134.0,
25065,61.0,
95610,278.0,
14357,346.0,
61290,135.0,
68041,1806.0,
65106,157.0,
15265,1779.0,
59099,1724.0,
44169,6813.0,
62869,1079.0,
88243,505.0,
43049,495.0,
37241,1363.0,
76274,35.0,
18267,3894.0,
57040,243.0,
21093,156.0,
68249,3647.0,
63034,1370.0,
30175,176.0,
26350,81.0,
78403,2004.0,
53075,298.0,
38248,535.0,
33100,1162.0,
23092,636.0,
09262,405.0,
07198,1008.0,
70343,291.0,
52271,205.0,
21588,83.0,
80069,199.0,
11286,1131.0,
58273,1550.0,
33263,206.0,
76169,1307.0,
71246,252.0,
12238,378.0,
57742,1596.0,
74224,11184.0,
14439,103.0,
58044,855.0,
65129,768.0,
58285,183.0,
01246,2140.0,
67363,832.0,
35169,1422.0,
36246,203.0,
24426,162.0,
82011,903.0,
35195,2209.0,
52346,359.0,
32336,175.0,
55566,294.0,
31593,85.0,
15213,209.0,
67075,503.0,
03167,283.0,
67385,253.0,
34001,1567.0,
45119,2485.0,
61423,628.0,
45303,651.0,
63315,1771.0,
38320,1710.0,
63168,541.0,
37095,332.0,
28025,124.0,
31411,830.0,
58025,167.0,
27078,271.0,
62659,98.0,
21353,1204.0,
08160,198.0,
62245,713.0,
02469,445.0,
30247,273.0,
32143,295.0,
31116,9691.0,
57560,614.0,
63250,903.0,
23054,213.0,
56199,727.0,
45219,203.0,
26245,19.0,
74046,502.0,
03038,484.0,
55408,199.0,
51403,593.0,
10357,3068.0,
84041,470.0,
02388,218.0,
21095,55.0,
24508,210.0,
77251,11033.0,
31331,303.0,
38456,261.0,
51169,95.0,
71228,205.0,
34074,2160.0,
11307,244.0,
91579,2991.0,
89236,1038.0,
87060,650.0,
78668,584.0,
78608,116.0,
94019,18134.0,
11193,231.0,
11196,176.0,
31118,5912.0,
71524,166.0,
02132,207.0,
54404,265.0,
36121,184.0,
88035,140.0,
71439,679.0,
44013,2819.0,
17008,2081.0,
55306,135.0,
49364,1195.0,
74119,8675.0,
58017,237.0,
81015,69.0,
88078,3187.0,
02427,147.0,
79005,3048.0,
60581,5979.0,
08331,718.0,
76372,380.0,
03183,485.0,
21480,254.0,
24395,410.0,
34331,92.0,
76609,353.0,
33501,2430.0,
32127,640.0,
60376,156.0,
86245,1073.0,
31120,833.0,
83087,4166.0,
69235,1718.0,
35070,1540.0,
03034,523.0,
21217,133.0,
57070,227.0,
75109,59427.0,
37170,1112.0,
86058,662.0,
90105,155.0,
71008,174.0,
34116,7255.0,
17190,2782.0,
80572,368.0,
38495,591.0,
87205,2068.0,
65301,234.0,
39305,547.0,
62826,4475.0,
04235,61.0,
95074,773.0,
01372,427.0,
39530,694.0,
12177,340.0,
14692,1570.0,
10190,516.0,
59483,142.0,
01130,1388.0,
57609,167.0,
57318,247.0,
01215,50.0,
12277,443.0,
63254,2082.0,
64126,1213.0,
03087,569.0,
17346,1396.0,
32300,258.0,
86203,504.0,
15003,635.0,
56089,2094.0,
36193,264.0,
54410,542.0,
62204,1768.0,
36173,502.0,
63271,1567.0,
27201,232.0,
70363,666.0,
49377,2870.0,
19104,125.0,
78206,4031.0,
82153,202.0,
27251,559.0,
18159,888.0,
27135,460.0,
54600,123.0,
44039,973.0,
36036,159.0,
30014,1046.0,
06063,70.0,
35137,2003.0,
78520,1542.0,
22001,590.0,
89167,1116.0,
38272,375.0,
25258,2115.0,
62169,228.0,
86244,1320.0,
16423,305.0,
51097,166.0,
31583,1026.0,
66077,83.0,
81142,822.0,
60432,822.0,
55400,51.0,
01096,975.0,
62002,209.0,
15089,516.0,
80341,384.0,
27433,191.0,
45020,1047.0,
08464,88.0,
76066,124.0,
11341,123.0,
85256,1309.0,
12093,155.0,
62152,261.0,
86297,5424.0,
71468,840.0,
43205,4158.0,
81180,270.0,
07142,316.0,
74036,373.0,
59320,1409.0,
82044,1657.0,
14563,401.0,
65355,62.0,
11011,421.0,
71232,210.0,
24168,438.0,
55536,22.0,
87045,946.0,
58296,188.0,
23255,121.0,
38504,1975.0,
56214,1685.0,
80297,46.0,
48077,64.0,
03222,84.0,
38033,628.0,
972233,1877.0,
65450,32.0,
76691,227.0,
77062,464.0,
55073,715.0,
71295,1467.0,
89230,457.0,
19165,135.0,
70315,432.0,
02560,269.0,
70120,3799.0,
19053,202.0,
59185,1968.0,
60616,2922.0,
54443,40.0,
01391,290.0,
66201,55.0,
69085,1400.0,
03084,2146.0,
39004,65.0,
38344,8102.0,
44124,799.0,
72146,2895.0,
31393,167.0,
89120,145.0,
26090,19.0,
46183,192.0,
57595,60.0,
01404,125.0,
25535,226.0,
64091,408.0,
22030,853.0,
72154,14992.0,
55338,177.0,
64455,165.0,
78606,32.0,
86132,325.0,
10052,255.0,
92036,43219.0,
08183,1055.0,
89200,411.0,
27605,226.0,
35361,1036.0,
77493,3239.0,
69243,10733.0,
45199,509.0,
31100,2316.0,
69044,4919.0,
77498,273.0,
27400,341.0,
27043,670.0,
10172,174.0,
63401,241.0,
62012,249.0,
02274,211.0,
34002,1067.0,
47237,488.0,
86176,126.0,
58187,561.0,
51306,95.0,
16397,331.0,
26309,252.0,
41016,1025.0,
82025,3634.0,
17354,612.0,
16365,91.0,
09088,13.0,
51618,198.0,
28001,2246.0,
74102,1366.0,
82075,3860.0,
16190,211.0,
95024,291.0,
23210,227.0,
59448,507.0,
39261,131.0,
34197,1026.0,
80033,286.0,
25623,110.0,
65205,76.0,
26081,582.0,
87034,568.0,
45263,278.0,
16148,751.0,
67386,212.0,
72088,347.0,
57539,52.0,
02769,962.0,
06008,43.0,
04231,256.0,
18244,83.0,
35300,1375.0,
61189,453.0,
17057,848.0,
10263,421.0,
14409,2191.0,
02037,1398.0,
50587,26.0,
11020,36.0,
62521,183.0,
10283,143.0,
53265,761.0,
59633,296.0,
35342,355.0,
56171,1440.0,
34308,457.0,
51470,8.0,
62497,6958.0,
84120,127.0,
30096,931.0,
85177,650.0,
76571,687.0,
55517,519.0,
80184,509.0,
09165,233.0,
42010,1557.0,
33375,356.0,
59132,1078.0,
28339,328.0,
64338,194.0,
08150,188.0,
87031,314.0,
60345,217.0,
21565,448.0,
60659,180.0,
02008,304.0,
57320,186.0,
04063,1068.0,
50564,845.0,
76616,1539.0,
31542,201.0,
63062,233.0,
58195,294.0,
39302,101.0,
23234,160.0,
01027,2828.0,
59434,1289.0,
09021,136.0,
03029,843.0,
19211,956.0,
30318,201.0,
03083,615.0,
76614,1480.0,
67065,1274.0,
14287,1960.0,
08100,77.0,
02755,554.0,
10158,553.0,
63039,307.0,
14231,421.0,
26189,103.0,
87029,622.0,
80502,121.0,
76192,2746.0,
58297,238.0,
80528,6.0,
83045,868.0,
17017,694.0,
60265,870.0,
38428,34.0,
73117,668.0,
87068,535.0,
89447,181.0,
78470,899.0,
19049,679.0,
42234,3557.0,
88144,60.0,
52059,127.0,
62611,522.0,
31381,2143.0,
39163,115.0,
68274,233.0,
10009,87.0,
71223,528.0,
64120,512.0,
76692,286.0,
51268,160.0,
71458,63.0,
10215,304.0,
64276,246.0,
10434,63.0,
17334,259.0,
14244,334.0,
54091,296.0,
78465,2325.0,
10130,119.0,
74041,254.0,
79258,459.0,
65161,270.0,
36204,322.0,
27123,428.0,
08396,124.0,
39167,353.0,
01219,160.0,
90100,230.0,
47199,326.0,
34187,658.0,
18201,770.0,
24280,548.0,
06090,7598.0,
26247,538.0,
64510,853.0,
26190,79.0,
53186,2098.0,
67465,2201.0,
80119,440.0,
77378,2735.0,
40269,1180.0,
21069,121.0,
64491,213.0,
59428,3841.0,
27425,1359.0,
01064,946.0,
37232,668.0,
60113,177.0,
18048,399.0,
53123,1486.0,
33437,1958.0,
38261,4248.0,
01189,1130.0,
60341,2064.0,
68045,596.0,
92014,19712.0,
46339,323.0,
83029,3385.0,
25565,235.0,
70003,75.0,
10010,52.0,
60005,830.0,
60004,399.0,
971105,11150.0,
58119,80.0,
57660,12506.0,
61461,117.0,
80808,461.0,
89215,172.0,
23071,212.0,
53276,918.0,
21192,655.0,
70046,347.0,
39502,315.0,
54062,630.0,
27578,280.0,
58215,1694.0,
14621,545.0,
94075,9674.0,
62684,2308.0,
04180,54.0,
21166,13982.0,
59350,231491.0,
36050,460.0,
80158,42.0,
01424,1657.0,
80613,628.0,
90091,626.0,
88296,72.0,
78591,2334.0,
07276,271.0,
78189,1561.0,
04140,129.0,
51113,139.0,
30215,336.0,
73053,686.0,
31040,31.0,
59475,2265.0,
63173,175.0,
25434,4265.0,
27640,196.0,
01244,7424.0,
03028,391.0,
21411,524.0,
74056,8897.0,
23120,230.0,
29192,1782.0,
77530,301.0,
62711,2862.0,
31031,547.0,
80468,170.0,
32359,155.0,
32351,98.0,
30301,304.0,
25252,95.0,
31068,23.0,
59413,579.0,
26199,34.0,
38328,918.0,
11165,349.0,
31242,21.0,
47013,328.0,
36053,542.0,
40131,689.0,
01051,90.0,
88327,2192.0,
59374,482.0,
31271,1808.0,
03164,286.0,
44003,7474.0,
40101,502.0,
25532,3317.0,
76399,168.0,
08462,132.0,
68304,1642.0,
65408,584.0,
05114,253.0,
50183,325.0,
35311,516.0,
17318,662.0,
08478,241.0,
27335,1030.0,
38464,2204.0,
89354,1567.0,
02628,217.0,
64372,113.0,
33094,228.0,
70336,154.0,
16231,305.0,
54438,64.0,
80191,197.0,
66222,1379.0,
55528,55.0,
37225,3195.0,
80104,128.0,
22238,554.0,
05174,615.0,
71510,653.0,
24460,484.0,
44023,3018.0,
47172,605.0,
03171,259.0,
77469,1165.0,
2B053,18.0,
73013,384.0,
60628,984.0,
24213,161.0,
28175,173.0,
83134,1808.0,
91685,4220.0,
14754,2721.0,
70301,63.0,
80801,328.0,
34167,246.0,
36132,39.0,
39068,311.0,
31117,4029.0,
01179,1925.0,
39486,117.0,
33015,1899.0,
41053,529.0,
54268,175.0,
62886,239.0,
37117,895.0,
50521,142.0,
09240,293.0,
21440,200.0,
34265,680.0,
36195,576.0,
74186,681.0,
33163,391.0,
62776,184.0,
02089,1143.0,
64082,124.0,
84116,873.0,
76207,205.0,
21632,1073.0,
68187,318.0,
971131,1715.0,
53200,1177.0,
07079,1129.0,
39400,142.0,
74020,1275.0,
55067,102.0,
12043,1982.0,
01392,677.0,
71487,178.0,
32309,124.0,
12066,1156.0,
51423,1979.0,
51298,399.0,
59500,378.0,
55351,2255.0,
64346,208.0,
11085,908.0,
65423,131.0,
26143,900.0,
77009,121.0,
65039,54.0,
67516,656.0,
02024,54.0,
33392,896.0,
16134,1042.0,
27322,1476.0,
31128,843.0,
04021,138.0,
27044,894.0,
80716,1248.0,
50281,861.0,
51043,2001.0,
68261,207.0,
50312,147.0,
89399,1545.0,
72053,1248.0,
64289,1031.0,
27593,1452.0,
23058,110.0,
41215,92.0,
57261,1309.0,
64469,352.0,
55509,283.0,
51155,614.0,
30099,255.0,
74072,206.0,
81166,87.0,
76195,181.0,
53104,986.0,
32392,88.0,
38019,1488.0,
77514,25889.0,
73207,433.0,
39122,158.0,
01108,1164.0,
25227,246.0,
04129,55.0,
17341,201.0,
32018,208.0,
38407,429.0,
80464,923.0,
02478,280.0,
33148,88.0,
24565,418.0,
64336,189.0,
46315,185.0,
31055,150.0,
14225,5814.0,
70186,78.0,
54265,2262.0,
77296,17500.0,
78406,272.0,
02627,117.0,
22093,12217.0,
63452,77.0,
70342,134.0,
68343,2080.0,
38352,1874.0,
33161,719.0,
59131,7948.0,
11433,1059.0,
29193,1392.0,
10304,192.0,
23247,1807.0,
31349,878.0,
95370,3433.0,
62825,747.0,
43185,3047.0,
14145,471.0,
46268,444.0,
21135,301.0,
45149,311.0,
14753,766.0,
67212,3584.0,
38153,496.0,
39471,723.0,
32299,102.0,
66023,906.0,
22094,1513.0,
25311,193.0,
42046,1819.0,
70132,773.0,
25569,519.0,
64152,1795.0,
70280,976.0,
11362,189.0,
52493,34.0,
95306,27378.0,
16023,335.0,
50310,180.0,
33059,321.0,
09244,647.0,
24308,833.0,
80633,619.0,
63291,2633.0,
76393,54.0,
70157,394.0,
57066,506.0,
79172,993.0,
51483,496.0,
50541,1355.0,
31515,457.0,
95199,15339.0,
55518,143.0,
79350,133.0,
27460,189.0,
84011,335.0,
48044,94.0,
17073,1314.0,
55060,354.0,
57130,78.0,
29234,2898.0,
14237,583.0,
42298,379.0,
33308,291.0,
13022,7446.0,
02517,333.0,
25157,1232.0,
39445,283.0,
57737,38.0,
51443,102.0,
58077,379.0,
31442,443.0,
24063,149.0,
25503,111.0,
33028,1153.0,
17182,526.0,
54483,7602.0,
26156,1039.0,
33206,539.0,
06104,12646.0,
10066,427.0,
54122,700.0,
02375,166.0,
22318,333.0,
62697,227.0,
65121,427.0,
36114,348.0,
45281,935.0,
53127,2393.0,
41243,837.0,
40206,354.0,
09055,98.0,
24505,313.0,
79307,1613.0,
77152,21094.0,
67271,627.0,
01170,999.0,
55488,177.0,
57282,340.0,
33425,1387.0,
58277,201.0,
57730,568.0,
68071,281.0,
07075,166.0,
08076,956.0,
54151,1016.0,
17025,707.0,
63239,717.0,
13110,10719.0,
76404,1244.0,
86027,1715.0,
26118,1578.0,
54485,324.0,
10353,861.0,
52328,37.0,
80314,177.0,
10181,263.0,
79154,383.0,
29148,918.0,
68195,6276.0,
01076,146.0,
56023,6754.0,
74271,463.0,
62493,250.0,
80766,494.0,
03101,9033.0,
57362,148.0,
81190,425.0,
62065,17876.0,
01352,555.0,
61490,314.0,
69143,7242.0,
21687,154.0,
65400,208.0,
25148,467.0,
31439,714.0,
07208,127.0,
01174,172.0,
41161,2356.0,
31080,1605.0,
38372,700.0,
14269,211.0,
57222,1292.0,
25335,162.0,
80248,419.0,
47282,257.0,
2A191,112.0,
09275,397.0,
53262,1104.0,
46137,1189.0,
05144,145.0,
01213,1249.0,
52228,69.0,
55462,403.0,
70356,250.0,
16118,149.0,
76373,326.0,
31172,64.0,
45187,2993.0,
21023,1509.0,
51205,262.0,
24441,114.0,
90018,352.0,
43032,1629.0,
01259,659.0,
66028,9577.0,
91294,807.0,
63030,291.0,
80400,405.0,
65386,96.0,
46188,301.0,
64394,80.0,
21013,416.0,
35248,492.0,
76328,343.0,
09126,96.0,
70318,459.0,
37019,526.0,
2A117,67.0,
972203,3565.0,
30322,292.0,
77343,445.0,
17420,2052.0,
65011,123.0,
25388,25697.0,
12298,385.0,
28060,210.0,
24083,195.0,
27176,216.0,
28302,1114.0,
10166,396.0,
30086,550.0,
80061,217.0,
31229,666.0,
67488,180.0,
50231,663.0,
76511,124.0,
64216,1082.0,
35057,1366.0,
17477,128.0,
32408,119.0,
59589,2649.0,
87099,391.0,
10085,78.0,
67513,148.0,
37111,1591.0,
61418,448.0,
76435,705.0,
31582,4235.0,
57220,119.0,
31194,184.0,
16081,216.0,
67089,2628.0,
01370,1781.0,
24309,3563.0,
50475,823.0,
14374,117.0,
42076,906.0,
68353,485.0,
09083,31.0,
05011,404.0,
87116,1117.0,
71454,223.0,
57712,1333.0,
56206,10728.0,
74111,217.0,
45152,225.0,
59612,525.0,
76115,604.0,
83038,457.0,
02802,178.0,
76187,181.0,
86271,817.0,
28126,226.0,
87063,1229.0,
61269,457.0,
32152,336.0,
47256,118.0,
70086,85.0,
18182,216.0,
53136,888.0,
50510,589.0,
14491,194.0,
80423,411.0,
73171,4083.0,
58135,107.0,
80809,457.0,
11374,18.0,
46277,210.0,
63086,380.0,
25323,453.0,
36113,993.0,
02653,481.0,
58065,937.0,
18122,195.0,
55102,552.0,
62761,213.0,
78299,2064.0,
03135,342.0,
80618,1101.0,
39567,277.0,
94043,25863.0,
61062,83.0,
40193,72.0,
32180,499.0,
34155,1991.0,
14275,487.0,
64285,203.0,
71378,1580.0,
41192,280.0,
39300,17063.0,
16356,33.0,
01301,2424.0,
85248,407.0,
69284,2934.0,
47165,1347.0,
27456,750.0,
38044,1405.0,
04053,493.0,
58228,513.0,
06146,147.0,
40200,667.0,
21378,104.0,
12061,551.0,
54314,3407.0,
72248,804.0,
77141,1064.0,
21281,157.0,
51536,1698.0,
54281,899.0,
62846,4510.0,
19232,80.0,
38245,265.0,
33290,1609.0,
31023,348.0,
42136,763.0,
60273,517.0,
65089,112.0,
67337,465.0,
81095,89.0,
50021,72.0,
67397,2756.0,
31069,22969.0,
82057,573.0,
38148,3035.0,
35170,590.0,
44100,1998.0,
974423,7268.0,
80374,257.0,
12232,268.0,
12135,427.0,
60106,2479.0,
72091,139.0,
17129,409.0,
38473,1066.0,
21575,374.0,
11308,429.0,
16197,134.0,
62434,165.0,
68006,433.0,
23216,151.0,
79250,391.0,
76757,668.0,
02030,296.0,
03224,325.0,
21175,160.0,
02078,155.0,
32234,274.0,
58265,116.0,
46310,118.0,
79025,1138.0,
77282,335.0,
01013,158.0,
67448,2364.0,
77139,6426.0,
64471,347.0,
62205,1193.0,
02160,525.0,
62260,325.0,
80035,88.0,
57545,2066.0,
45180,75.0,
51249,405.0,
55329,232.0,
81074,1548.0,
34211,1039.0,
60439,5197.0,
47089,160.0,
54393,514.0,
02675,130.0,
54513,647.0,
17112,603.0,
77506,706.0,
27686,51.0,
76611,327.0,
29062,1124.0,
40271,1106.0,
58250,1989.0,
77162,999.0,
64305,486.0,
17053,1321.0,
67040,978.0,
89017,220.0,
25416,198.0,
91156,1905.0,
71441,245.0,
61411,309.0,
86128,2507.0,
37280,224.0,
95316,249.0,
89408,294.0,
15120,3718.0,
74100,813.0,
21212,342.0,
29058,9305.0,
16087,169.0,
29078,1983.0,
56237,1849.0,
34320,2587.0,
17153,2083.0,
25369,146.0,
14426,168.0,
72023,1345.0,
64196,144.0,
52452,104.0,
23107,157.0,
69016,127.0,
70572,277.0,
10376,158.0,
46317,494.0,
06093,332.0,
42023,2933.0,
14046,1753.0,
21265,740.0,
51324,120.0,
63385,403.0,
42315,412.0,
59044,4611.0,
58042,139.0,
30230,594.0,
30300,500.0,
18092,1049.0,
65238,241.0,
25085,359.0,
36066,473.0,
09095,140.0,
25384,85.0,
52069,138.0,
51648,359.0,
73164,944.0,
45312,491.0,
58219,200.0,
52520,161.0,
65026,64.0,
62550,1172.0,
74152,1212.0,
60114,139.0,
11235,67.0,
77307,9625.0,
04077,162.0,
07248,279.0,
26098,166.0,
41186,299.0,
85111,1504.0,
36163,654.0,
21671,56.0,
59056,866.0,
30211,4080.0,
91468,1947.0,
18043,213.0,
77262,514.0,
53229,1616.0,
68131,179.0,
2B207,3320.0,
83010,183.0,
15252,406.0,
05124,473.0,
61181,1966.0,
54519,530.0,
01296,400.0,
32048,91.0,
71028,116.0,
01450,3350.0,
55317,143.0,
2A090,824.0,
78123,15102.0,
31559,6.0,
78152,1855.0,
15061,267.0,
33270,187.0,
51493,109.0,
68056,6209.0,
47079,500.0,
71274,389.0,
28221,184.0,
57260,3330.0,
54018,252.0,
71247,351.0,
02430,1307.0,
13025,2150.0,
39411,1537.0,
60144,164.0,
25429,1549.0,
31495,1220.0,
65138,1002.0,
32258,225.0,
66207,661.0,
62081,469.0,
21068,140.0,
90093,808.0,
44180,2417.0,
37076,438.0,
32196,169.0,
11138,583.0,
52444,391.0,
54499,116.0,
90031,318.0,
12111,507.0,
64118,50.0,
90097,1193.0,
17282,195.0,
19277,142.0,
57028,1338.0,
89132,178.0,
64255,543.0,
68184,339.0,
76735,558.0,
18016,334.0,
52320,114.0,
76680,184.0,
39119,89.0,
88395,366.0,
02324,272.0,
89164,79.0,
18285,461.0,
14207,612.0,
31222,48.0,
30150,270.0,
91103,25624.0,
72188,142.0,
29140,3588.0,
89147,225.0,
17187,470.0,
69271,9837.0,
78269,1272.0,
27644,554.0,
37242,1476.0,
47053,348.0,
63193,8308.0,
86076,2651.0,
64007,929.0,
68269,4773.0,
54158,117.0,
76252,1106.0,
72106,956.0,
51093,468.0,
07069,667.0,
27001,290.0,
34137,151.0,
60091,371.0,
973361,1350.0,
77039,1159.0,
43023,227.0,
77186,14839.0,
40114,369.0,
16009,386.0,
15060,53.0,
63407,266.0,
86149,394.0,
62491,4967.0,
89386,111.0,
64477,1619.0,
34014,1496.0,
85074,215.0,
76451,19178.0,
38103,279.0,
28263,259.0,
59482,6915.0,
51176,159.0,
85082,2742.0,
57345,427.0,
13070,6264.0,
89327,413.0,
30248,411.0,
69137,453.0,
37113,957.0,
40172,289.0,
35175,1029.0,
57269,6977.0,
25332,573.0,
81186,280.0,
2A021,78.0,
71015,981.0,
12216,1329.0,
04108,1989.0,
64273,866.0,
54275,227.0,
58041,187.0,
25055,303.0,
64204,340.0,
19238,219.0,
59161,673.0,
50421,290.0,
38557,4637.0,
62191,739.0,
60358,922.0,
12030,429.0,
54214,706.0,
45014,512.0,
35062,1429.0,
59310,834.0,
61130,459.0,
89027,217.0,
88417,407.0,
28064,1889.0,
31179,365.0,
51626,122.0,
59435,2473.0,
70456,158.0,
73153,1384.0,
21186,677.0,
41222,373.0,
17320,411.0,
95119,317.0,
54163,256.0,
40228,1498.0,
88161,419.0,
80136,1194.0,
67016,732.0,
76521,142.0,
28391,2717.0,
2A270,326.0,
39136,35.0,
77277,1484.0,
70078,95.0,
58066,100.0,
55146,219.0,
88084,450.0,
71583,720.0,
24380,514.0,
73063,692.0,
70081,329.0,
2A300,1079.0,
51348,145.0,
28285,339.0,
88529,102.0,
31447,41.0,
59412,337.0,
02217,1052.0,
60333,1577.0,
83044,355.0,
65081,84.0,
76414,1536.0,
72363,1607.0,
91174,47632.0,
54392,300.0,
76272,855.0,
57527,374.0,
52219,21.0,
63147,262.0,
57322,459.0,
66166,369.0,
51022,144.0,
28274,258.0,
27558,185.0,
57754,116.0,
70386,177.0,
25485,230.0,
28164,743.0,
09099,408.0,
33189,400.0,
69111,657.0,
53243,1673.0,
55251,93.0,
88237,353.0,
89219,125.0,
24471,578.0,
86296,436.0,
02518,282.0,
60322,313.0,
50272,946.0,
76675,1001.0,
60035,257.0,
24231,101.0,
25507,89.0,
77297,362.0,
33072,221.0,
05158,103.0,
87003,1004.0,
22171,4246.0,
04193,208.0,
21126,623.0,
67176,3616.0,
17273,992.0,
46304,128.0,
21495,103.0,
24071,423.0,
12167,720.0,
52449,919.0,
59491,12682.0,
27208,157.0,
71007,160.0,
07118,145.0,
11310,258.0,
30249,978.0,
59461,294.0,
23056,341.0,
26015,67.0,
33309,491.0,
03275,1907.0,
79331,131.0,
70360,62.0,
80349,148.0,
24576,254.0,
51220,136.0,
77534,724.0,
21380,66.0,
63409,242.0,
17119,1077.0,
25244,95.0,
63136,386.0,
33490,1700.0,
54498,4855.0,
89296,124.0,
54173,195.0,
60291,1798.0,
81129,237.0,
27275,7117.0,
25126,474.0,
71150,2907.0,
39227,193.0,
64197,188.0,
28200,372.0,
64430,10569.0,
91041,901.0,
22184,1576.0,
74153,1630.0,
49205,1056.0,
12235,211.0,
2B143,1099.0,
60592,688.0,
70079,521.0,
30217,7518.0,
38224,126.0,
21503,116.0,
33417,2641.0,
63031,409.0,
89412,191.0,
55246,132.0,
25176,294.0,
19088,45.0,
54528,16128.0,
94044,22816.0,
65245,230.0,
60319,603.0,
76548,772.0,
47285,838.0,
12274,104.0,
22272,2197.0,
76383,94.0,
30072,430.0,
70576,152.0,
60433,864.0,
40020,630.0,
63245,3817.0,
79087,606.0,
11103,1145.0,
54595,555.0,
71562,235.0,
54594,136.0,
57347,203.0,
57273,423.0,
77455,2055.0,
31251,157.0,
02093,1236.0,
90067,419.0,
39468,130.0,
02730,285.0,
84102,1323.0,
14640,218.0,
64136,150.0,
39360,179.0,
37105,284.0,
62038,4287.0,
79121,428.0,
62080,3977.0,
21649,44.0,
31510,126.0,
11305,68.0,
16155,126.0,
65061,56.0,
35075,827.0,
54217,172.0,
63261,863.0,
39522,109.0,
02407,171.0,
11202,4275.0,
09169,112.0,
27428,4120.0,
28169,228.0,
04177,42.0,
62215,16873.0,
21288,171.0,
76179,1388.0,
57654,706.0,
40122,897.0,
63100,290.0,
71210,387.0,
50365,442.0,
19029,261.0,
02425,168.0,
35037,5510.0,
42246,1235.0,
09225,15744.0,
62258,317.0,
65174,101.0,
86231,479.0,
25564,1061.0,
50304,163.0,
33324,4300.0,
34259,5335.0,
27206,422.0,
35085,5765.0,
57641,323.0,
77056,162.0,
28065,110.0,
973362,6335.0,
52394,229.0,
52196,111.0,
05160,96.0,
38538,4681.0,
12070,523.0,
81116,1908.0,
86164,680.0,
62243,103.0,
61018,62.0,
54482,9719.0,
56017,2770.0,
40187,1053.0,
80179,206.0,
60637,478.0,
10057,59.0,
70422,139.0,
974419,6782.0,
09056,325.0,
52450,154.0,
54186,980.0,
64356,120.0,
25524,892.0,
04099,96.0,
31294,80.0,
11240,577.0,
51377,40.0,
60664,486.0,
80675,138.0,
30024,465.0,
45034,2183.0,
04088,4842.0,
17124,397.0,
27075,380.0,
70181,137.0,
87154,11301.0,
23069,378.0,
62102,273.0,
17140,3230.0,
35080,2186.0,
66111,149.0,
16413,137.0,
02536,93.0,
18279,27113.0,
01185,3919.0,
02275,339.0,
61086,134.0,
32272,171.0,
63088,66.0,
58258,559.0,
10284,127.0,
23252,159.0,
89189,576.0,
25032,422.0,
71109,332.0,
46033,192.0,
48009,1094.0,
971110,1510.0,
26017,13.0,
62465,224.0,
78350,7054.0,
09081,268.0,
18012,477.0,
27430,348.0,
31453,141.0,
35345,896.0,
41262,1052.0,
21303,19.0,
85118,2282.0,
51516,59.0,
95058,2600.0,
34028,6241.0,
43206,432.0,
02182,140.0,
36071,922.0,
59653,7644.0,
22084,1817.0,
38167,505.0,
40232,232.0,
29222,406.0,
14098,2577.0,
21516,83.0,
62450,248.0,
33239,488.0,
58294,123.0,
35082,1462.0,
76045,367.0,
73132,794.0,
02609,22.0,
33296,1071.0,
2A065,1282.0,
60493,452.0,
61227,136.0,
76723,424.0,
88109,655.0,
80362,301.0,
77356,52.0,
42158,196.0,
08307,88.0,
33027,286.0,
25070,372.0,
27215,383.0,
89248,57.0,
63345,3320.0,
30141,6034.0,
61447,1390.0,
49113,474.0,
39156,258.0,
11252,325.0,
76457,962.0,
40055,1517.0,
88434,238.0,
32253,530.0,
06128,3504.0,
88379,331.0,
55211,63.0,
81055,282.0,
02485,114.0,
69040,5613.0,
10366,78.0,
44174,2013.0,
54249,273.0,
02260,591.0,
27059,302.0,
45017,363.0,
61301,205.0,
35046,496.0,
32310,95.0,
07149,310.0,
11253,854.0,
70103,204.0,
15098,103.0,
54251,105.0,
32066,259.0,
74081,17627.0,
12115,306.0,
77050,538.0,
10340,2284.0,
10403,71.0,
70076,342.0,
60674,626.0,
16016,856.0,
21700,107.0,
02104,103.0,
38478,986.0,
25308,411.0,
27204,306.0,
25529,930.0,
77268,7722.0,
06122,3992.0,
60469,357.0,
37263,2175.0,
51164,177.0,
05068,412.0,
73135,556.0,
46320,357.0,
30002,700.0,
66202,186.0,
76167,1465.0,
66119,293.0,
34186,476.0,
35315,1412.0,
30192,404.0,
09300,197.0,
26080,42.0,
15033,226.0,
76436,626.0,
39062,65.0,
25469,452.0,
28387,1050.0,
33158,258.0,
04170,64.0,
90088,1025.0,
02233,130.0,
63189,348.0,
01260,256.0,
39107,118.0,
57256,796.0,
76731,182.0,
62267,374.0,
07213,151.0,
30045,379.0,
63464,337.0,
64262,284.0,
27099,740.0,
26024,348.0,
32157,167.0,
82047,52.0,
51193,2472.0,
65392,408.0,
56157,1755.0,
87051,706.0,
64192,127.0,
91095,2131.0,
45292,855.0,
18031,627.0,
18160,1596.0,
71374,164.0,
52536,47.0,
80193,123.0,
32183,256.0,
38390,553.0,
80826,845.0,
69069,10466.0,
30204,341.0,
60030,562.0,
89075,722.0,
11266,5644.0,
36028,103.0,
90068,839.0,
46010,342.0,
46299,119.0,
61289,58.0,
03125,133.0,
77423,705.0,
15084,289.0,
33167,16531.0,
39279,560.0,
55008,174.0,
19132,102.0,
33207,5432.0,
02827,289.0,
76663,1056.0,
18074,198.0,
38102,526.0,
08225,201.0,
27502,2353.0,
34238,59.0,
30171,1463.0,
62167,272.0,
08184,82.0,
52042,100.0,
02310,275.0,
90012,1104.0,
62382,641.0,
72190,279.0,
77339,1909.0,
57368,3217.0,
67351,1707.0,
22181,688.0,
53173,187.0,
51201,142.0,
44020,18662.0,
37166,817.0,
79031,1766.0,
89173,468.0,
17321,309.0,
70114,223.0,
25232,109.0,
29089,937.0,
14448,50.0,
64071,190.0,
27141,68.0,
50378,671.0,
62066,42.0,
67303,723.0,
14119,1495.0,
04192,1214.0,
33349,2129.0,
22302,867.0,
16163,1033.0,
02483,534.0,
38003,1047.0,
32027,1358.0,
57082,313.0,
39480,298.0,
85014,1170.0,
55274,283.0,
73061,416.0,
65335,510.0,
90043,543.0,
31564,147.0,
14364,483.0,
01032,3304.0,
76727,1117.0,
972216,3481.0,
65457,72.0,
64103,202.0,
21277,909.0,
61272,38.0,
39201,300.0,
63194,369.0,
32319,1499.0,
82092,254.0,
71431,348.0,
80106,186.0,
72143,1935.0,
12192,183.0,
14358,97.0,
17045,1006.0,
83078,304.0,
05028,147.0,
2B298,1606.0,
27074,288.0,
76508,445.0,
34144,652.0,
27082,2255.0,
02074,615.0,
42106,281.0,
33434,2092.0,
27432,600.0,
08197,51.0,
64203,294.0,
39306,1009.0,
80658,156.0,
71263,6405.0,
59013,1347.0,
47208,206.0,
72320,2484.0,
35115,20170.0,
10266,41.0,
21427,163.0,
18231,717.0,
27348,1658.0,
18103,1459.0,
42238,341.0,
21383,1684.0,
14122,130.0,
15267,4063.0,
57186,897.0,
01152,765.0,
35276,527.0,
63169,17.0,
39426,237.0,
08418,242.0,
11331,63.0,
21508,390.0,
25502,484.0,
29177,3713.0,
30156,8608.0,
34278,49.0,
80004,525.0,
88061,353.0,
25093,77.0,
54043,1385.0,
62030,313.0,
64168,672.0,
80302,151.0,
01147,477.0,
17167,755.0,
64426,236.0,
42078,288.0,
59485,1783.0,
81321,81.0,
46336,376.0,
55048,32.0,
60672,312.0,
22332,477.0,
02062,141.0,
15188,1116.0,
49121,464.0,
61401,107.0,
33431,344.0,
73147,194.0,
39351,184.0,
71144,185.0,
11317,139.0,
09151,52.0,
72182,1603.0,
09150,181.0,
54340,341.0,
26157,747.0,
38375,106.0,
39377,166.0,
50607,392.0,
61036,197.0,
76291,1133.0,
11405,527.0,
63268,240.0,
39409,122.0,
51095,78.0,
30339,1039.0,
61056,171.0,
72306,1319.0,
41217,746.0,
85208,2235.0,
02758,2036.0,
72200,3498.0,
60133,536.0,
70499,109.0,
95658,1080.0,
61092,647.0,
76324,800.0,
38400,3329.0,
02454,417.0,
62237,486.0,
14252,241.0,
27534,854.0,
62488,730.0,
80455,70.0,
60512,152.0,
31557,26206.0,
88172,232.0,
11312,108.0,
04043,82.0,
89177,73.0,
55447,356.0,
51450,401.0,
79345,930.0,
11282,42.0,
44057,2356.0,
80482,146.0,
54072,243.0,
70406,91.0,
23080,90.0,
51567,557.0,
91016,4174.0,
56071,797.0,
01347,1818.0,
07315,361.0,
76454,90.0,
35325,154.0,
80643,477.0,
58213,483.0,
81066,304.0,
93063,25657.0,
21113,158.0,
02041,827.0,
76238,2795.0,
84122,5858.0,
65078,386.0,
33329,244.0,
66079,194.0,
14676,1027.0,
46276,173.0,
02743,179.0,
34253,35.0,
16205,588.0,
76242,193.0,
38559,4062.0,
40094,659.0,
30280,360.0,
61398,56.0,
62390,1463.0,
06011,3734.0,
76594,1356.0,
91332,1433.0,
14495,493.0,
89105,454.0,
62838,92.0,
08151,305.0,
76453,992.0,
31328,325.0,
40039,139.0,
07295,1113.0,
67454,438.0,
77457,1261.0,
80762,374.0,
01330,193.0,
79047,446.0,
30159,847.0,
33488,371.0,
69229,735.0,
62256,150.0,
03191,290.0,
41088,215.0,
22210,3057.0,
67447,31450.0,
34128,1573.0,
50487,2798.0,
14716,229.0,
64351,161.0,
60691,127.0,
86103,1733.0,
78073,14008.0,
60089,442.0,
39474,351.0,
58287,241.0,
57200,387.0,
25048,3718.0,
2B328,95.0,
38333,296.0,
25117,90.0,
71066,113.0,
47187,288.0,
01062,812.0,
33201,791.0,
11216,386.0,
2B195,132.0,
88058,93.0,
51258,234.0,
62484,353.0,
50268,274.0,
70144,33.0,
14747,725.0,
76483,224.0,
39342,128.0,
85193,588.0,
21247,771.0,
30127,1081.0,
33108,2858.0,
02252,59.0,
25458,220.0,
28072,395.0,
31129,26.0,
67375,1253.0,
10210,439.0,
52011,67.0,
51163,234.0,
08066,67.0,
60255,357.0,
61499,163.0,
35124,2417.0,
42296,537.0,
39110,63.0,
09143,22.0,
50567,917.0,
54524,91.0,
89365,566.0,
19064,76.0,
80027,23.0,
51051,179.0,
02443,188.0,
60445,285.0,
39314,93.0,
22099,1074.0,
02208,273.0,
41035,592.0,
80378,67.0,
50455,938.0,
01387,194.0,
57131,268.0,
01252,765.0,
02353,308.0,
07251,194.0,
33152,145.0,
61222,751.0,
01079,805.0,
76388,447.0,
42281,148.0,
60044,1518.0,
66113,185.0,
62708,39.0,
42331,996.0,
50577,319.0,
76285,633.0,
59648,14179.0,
16027,125.0,
14245,325.0,
22088,277.0,
27612,356.0,
17151,884.0,
62836,886.0,
59123,1607.0,
70494,311.0,
63410,134.0,
88472,142.0,
33396,254.0,
71449,95.0,
63038,1497.0,
63205,470.0,
74189,1609.0,
24205,587.0,
14575,448.0,
25066,80.0,
40299,201.0,
80235,1299.0,
59069,684.0,
52067,85.0,
22285,255.0,
88497,527.0,
2B251,3498.0,
47044,292.0,
39375,123.0,
62063,1998.0,
62155,681.0,
60494,1645.0,
59158,2867.0,
57339,348.0,
13051,8671.0,
80397,99.0,
68285,387.0,
60294,87.0,
71393,472.0,
43106,142.0,
27550,334.0,
49373,4290.0,
34024,2544.0,
03025,1393.0,
72194,261.0,
57183,190.0,
42117,106.0,
85129,3340.0,
42247,302.0,
72297,515.0,
21337,1307.0,
35153,324.0,
42037,539.0,
57383,177.0,
57562,791.0,
87040,1629.0,
34321,2018.0,
50374,39.0,
08350,197.0,
71517,256.0,
69074,1385.0,
85197,1389.0,
40037,1587.0,
85307,703.0,
47196,287.0,
70327,132.0,
38111,7828.0,
42062,1070.0,
89054,793.0,
86013,101.0,
18116,291.0,
64432,95.0,
21154,5478.0,
39343,18.0,
37154,4081.0,
27405,123.0,
21479,90.0,
38323,1140.0,
34218,298.0,
62307,263.0,
43126,740.0,
77504,835.0,
79114,1571.0,
24172,812.0,
57765,1083.0,
49381,1829.0,
61472,317.0,
63333,215.0,
15220,143.0,
02679,145.0,
57464,871.0,
69285,3756.0,
51314,201.0,
38232,610.0,
17248,995.0,
78138,10013.0,
57019,10235.0,
15028,355.0,
06092,1492.0,
42094,7937.0,
80379,651.0,
71398,1070.0,
12002,858.0,
43260,22.0,
67424,241.0,
86044,604.0,
71224,78.0,
46106,276.0,
70344,314.0,
47049,2337.0,
31532,97.0,
08073,101.0,
68161,539.0,
27462,156.0,
60524,2587.0,
59082,1754.0,
45041,116.0,
89470,150.0,
47054,1709.0,
17203,776.0,
21001,437.0,
22172,3061.0,
88276,441.0,
37103,153.0,
63358,315.0,
81003,931.0,
67146,628.0,
11044,92.0,
64261,362.0,
88303,207.0,
05092,749.0,
08170,203.0,
47056,844.0,
26330,2209.0,
35135,2169.0,
44090,1371.0,
03115,340.0,
55180,136.0,
78647,821.0,
44014,3554.0,
41109,729.0,
89066,985.0,
28331,493.0,
59194,1298.0,
61216,184.0,
72016,1519.0,
42174,961.0,
80623,360.0,
38433,1108.0,
41258,1177.0,
88416,132.0,
67358,816.0,
53168,1260.0,
62702,336.0,
35320,514.0,
54075,124.0,
25265,1358.0,
54140,108.0,
27199,598.0,
36033,402.0,
15059,134.0,
55471,104.0,
67221,284.0,
70339,1676.0,
25217,592.0,
90020,307.0,
80311,153.0,
51154,230.0,
65291,153.0,
38163,231.0,
02283,290.0,
27699,126.0,
65310,247.0,
05027,179.0,
77271,128.0,
60534,745.0,
21576,162.0,
06102,143.0,
67377,986.0,
55036,91.0,
26302,566.0,
70155,808.0,
70307,127.0,
38314,7320.0,
28282,427.0,
35022,722.0,
47272,195.0,
82016,205.0,
27326,347.0,
80022,223.0,
64390,154.0,
14012,130.0,
12031,327.0,
46129,266.0,
52113,227.0,
02593,1013.0,
74193,1060.0,
74129,217.0,
66082,441.0,
09295,103.0,
76627,1427.0,
25322,390.0,
17319,114.0,
43254,255.0,
28021,1504.0,
67446,448.0,
70243,308.0,
07084,991.0,
25630,80.0,
01282,256.0,
02757,577.0,
64447,138.0,
12071,370.0,
62236,326.0,
63336,252.0,
71417,1041.0,
34247,4807.0,
64539,220.0,
02463,77.0,
25601,1509.0,
46288,194.0,
68371,330.0,
09178,40.0,
02639,386.0,
05073,348.0,
22035,1040.0,
89379,152.0,
58023,177.0,
02087,30.0,
52195,45.0,
71218,610.0,
02618,735.0,
40117,2505.0,
65468,54.0,
77417,230.0,
79074,180.0,
89253,214.0,
10195,297.0,
50389,443.0,
59401,2157.0,
61187,175.0,
78501,3051.0,
59332,1780.0,
68014,355.0,
01290,1206.0,
44161,3617.0,
83148,10928.0,
27685,629.0,
24040,554.0,
19171,195.0,
83138,2863.0,
27321,130.0,
71387,264.0,
18025,673.0,
88495,165.0,
31260,97.0,
05085,530.0,
39406,265.0,
33109,2211.0,
51542,167.0,
67360,958.0,
82039,534.0,
14347,686.0,
02788,473.0,
18208,421.0,
67137,5440.0,
60427,197.0,
37050,10881.0,
14196,218.0,
03120,688.0,
53124,855.0,
68295,2815.0,
12086,324.0,
63055,984.0,
59365,6574.0,
77458,5494.0,
89411,511.0,
40328,1525.0,
55312,169.0,
32106,901.0,
31471,395.0,
58292,189.0,
45314,416.0,
63305,927.0,
59170,5207.0,
71507,177.0,
09140,112.0,
17264,5746.0,
50629,711.0,
60636,4613.0,
37066,569.0,
29152,711.0,
22362,2489.0,
60286,3000.0,
77102,166.0,
63001,2666.0,
62047,147.0,
39477,279.0,
24113,94.0,
73322,509.0,
86249,145.0,
33450,218.0,
54491,358.0,
93053,41125.0,
72123,67.0,
73055,2018.0,
62467,148.0,
2B225,110.0,
26346,227.0,
23116,590.0,
39009,542.0,
71254,136.0,
24104,589.0,
65110,85.0,
57195,570.0,
12041,233.0,
15076,185.0,
49082,962.0,
35210,11044.0,
54518,1260.0,
34021,288.0,
77266,771.0,
35126,8095.0,
28113,1436.0,
24585,717.0,
81289,2425.0,
55527,659.0,
79076,1928.0,
51421,73.0,
46267,564.0,
2B190,182.0,
54157,4572.0,
40115,314.0,
65102,22.0,
66066,673.0,
79203,419.0,
47060,983.0,
21465,75.0,
50402,3282.0,
11064,342.0,
78530,372.0,
76129,213.0,
40305,194.0,
78084,590.0,
45103,1500.0,
51014,298.0,
74155,842.0,
32102,199.0,
63184,298.0,
59003,378.0,
44037,2934.0,
80732,672.0,
36018,6721.0,
32170,143.0,
02832,218.0,
68334,7933.0,
70398,68.0,
54570,324.0,
64039,250.0,
03317,295.0,
57697,308.0,
29273,2335.0,
86041,9974.0,
72377,1034.0,
76335,81.0,
76185,167.0,
80038,125.0,
81235,814.0,
03090,278.0,
89124,1177.0,
72163,498.0,
50008,481.0,
78013,474.0,
34220,235.0,
64489,325.0,
94016,29462.0,
55450,53.0,
48012,333.0,
02086,1068.0,
56006,1551.0,
08067,1213.0,
15130,137.0,
32050,107.0,
40043,709.0,
86096,663.0,
76507,786.0,
77194,423.0,
14027,3275.0,
61197,155.0,
82045,336.0,
83090,13321.0,
80503,189.0,
10207,127.0,
62207,581.0,
52295,101.0,
52440,383.0,
22262,2822.0,
16373,225.0,
14554,536.0,
2B137,25.0,
73020,414.0,
80800,134.0,
17393,1678.0,
51538,121.0,
36140,1269.0,
27168,196.0,
12089,5911.0,
80617,245.0,
70507,225.0,
21195,149.0,
01434,375.0,
32002,88.0,
11153,209.0,
87140,1656.0,
51614,1037.0,
72186,905.0,
27681,24064.0,
82144,706.0,
73320,913.0,
79352,162.0,
95101,959.0,
79161,598.0,
76667,377.0,
26167,416.0,
89320,56.0,
06106,567.0,
33199,20294.0,
31008,228.0,
67058,378.0,
68260,1141.0,
79024,1864.0,
05151,1086.0,
86009,1112.0,
71320,336.0,
39037,194.0,
85268,1398.0,
11080,163.0,
51229,122.0,
64280,448.0,
55579,114.0,
51172,6065.0,
67071,438.0,
59580,4010.0,
33251,722.0,
60173,734.0,
38529,3670.0,
67086,364.0,
17408,767.0,
63468,304.0,
55555,29.0,
28388,1042.0,
46160,468.0,
54223,184.0,
01350,2522.0,
88411,81.0,
70473,2024.0,
73220,331.0,
50029,1214.0,
07238,309.0,
91659,5327.0,
58074,327.0,
02642,179.0,
31243,86.0,
88448,189.0,
31084,1116.0,
65325,41.0,
50221,61.0,
29261,170.0,
19106,397.0,
44185,3150.0,
73129,1244.0,
25523,736.0,
53017,699.0,
06089,2194.0,
37199,464.0,
65156,228.0,
21581,143.0,
60138,912.0,
73029,4595.0,
08430,44.0,
30169,5755.0,
62381,157.0,
18085,259.0,
71522,1674.0,
57063,226.0,
33363,3804.0,
19286,569.0,
84090,627.0,
50197,1463.0,
22004,4786.0,
52502,53.0,
31153,433.0,
14102,1014.0,
83021,2567.0,
10288,284.0,
27100,1058.0,
38357,2678.0,
10033,5080.0,
14250,318.0,
17034,469.0,
33118,1810.0,
37218,591.0,
19158,167.0,
56164,6284.0,
29054,632.0,
57242,2840.0,
32037,142.0,
08031,50.0,
77430,5918.0,
38423,5501.0,
42210,437.0,
45202,871.0,
67225,106.0,
62422,515.0,
72356,458.0,
66064,443.0,
2B199,157.0,
74033,1236.0,
28389,360.0,
08077,57.0,
57156,1178.0,
89446,438.0,
45166,279.0,
53274,236.0,
08257,192.0,
37196,1803.0,
69219,2109.0,
46133,207.0,
70088,129.0,
27347,724.0,
64507,147.0,
75120,194771.0,
02793,132.0,
15179,241.0,
27216,534.0,
38494,747.0,
44056,3445.0,
90008,4823.0,
09222,28.0,
27263,643.0,
31580,884.0,
71080,87.0,
55419,174.0,
01451,6258.0,
78049,1519.0,
65477,70.0,
64004,96.0,
65331,3235.0,
34171,160.0,
61126,502.0,
25075,362.0,
06036,381.0,
35148,149.0,
63303,47.0,
40017,386.0,
46216,698.0,
63187,560.0,
86017,1165.0,
43221,383.0,
77125,1420.0,
68212,586.0,
80598,1281.0,
07136,121.0,
69294,2632.0,
72043,314.0,
26349,366.0,
21038,7819.0,
65469,28.0,
59390,4140.0,
81306,824.0,
25255,347.0,
70234,224.0,
87180,651.0,
78389,1690.0,
57355,848.0,
35034,1135.0,
09118,166.0,
50641,612.0,
29277,2245.0,
24582,476.0,
59375,4666.0,
62183,796.0,
04162,271.0,
35136,8232.0,
47257,502.0,
27081,179.0,
52109,8.0,
69231,2614.0,
59215,973.0,
55188,45.0,
50425,1183.0,
61373,262.0,
14547,146.0,
11375,35.0,
53049,700.0,
71245,325.0,
38528,1226.0,
81021,6148.0,
64398,462.0,
52540,27.0,
15234,317.0,
06067,1307.0,
11330,502.0,
85089,5002.0,
80527,309.0,
53129,400.0,
21283,60.0,
2B003,34.0,
21214,192.0,
12223,977.0,
09049,172.0,
37167,1916.0,
62158,607.0,
32084,56.0,
46002,92.0,
47179,2072.0,
46273,911.0,
27105,2959.0,
30257,1765.0,
76588,440.0,
63200,910.0,
14435,178.0,
85223,2857.0,
72270,161.0,
59480,942.0,
08343,1205.0,
37278,980.0,
19269,1377.0,
47047,172.0,
27453,1848.0,
62393,1060.0,
76751,1387.0,
04092,81.0,
59289,1544.0,
56248,4078.0,
76536,1075.0,
80213,571.0,
46060,232.0,
89404,498.0,
71215,2557.0,
07239,99.0,
60553,269.0,
67341,364.0,
65107,92.0,
21144,28.0,
84053,1747.0,
70436,125.0,
42129,1764.0,
22229,1089.0,
06150,3162.0,
62324,536.0,
64290,588.0,
25094,111.0,
63292,145.0,
70268,190.0,
50236,1547.0,
56018,909.0,
15022,172.0,
02038,74.0,
68022,1415.0,
36241,2774.0,
43223,1072.0,
59656,5141.0,
81128,1734.0,
972229,19922.0,
60540,568.0,
55040,251.0,
55497,342.0,
67051,329.0,
53009,645.0,
24282,156.0,
33082,1269.0,
63233,1022.0,
42061,487.0,
2A359,232.0,
08397,54.0,
2B238,198.0,
77507,503.0,
50006,149.0,
86108,376.0,
70297,56.0,
56111,1335.0,
62389,34.0,
72251,365.0,
30107,487.0,
24150,556.0,
59622,1259.0,
64165,280.0,
34317,173.0,
72017,248.0,
18277,37.0,
71323,126.0,
55367,133.0,
47271,299.0,
43218,1083.0,
27655,735.0,
50098,654.0,
32316,100.0,
15184,788.0,
15077,56.0,
16044,227.0,
44083,2355.0,
54260,949.0,
64319,194.0,
34105,223.0,
14274,2137.0,
02196,331.0,
50158,299.0,
40079,145.0,
06033,11756.0,
60681,506.0,
14453,376.0,
81123,96.0,
46120,310.0,
63455,3439.0,
11131,373.0,
23242,177.0,
07105,110.0,
09299,409.0,
67020,877.0,
60587,1475.0,
11143,94.0,
77302,2046.0,
55384,112.0,
22282,3449.0,
44058,500.0,
78133,5835.0,
38199,2222.0,
64330,291.0,
30058,207.0,
66030,216.0,
28009,75.0,
22202,784.0,
80427,343.0,
57652,435.0,
29005,1139.0,
62213,720.0,
21535,1269.0,
02278,41.0,
02155,179.0,
56226,501.0,
55357,109.0,
62116,197.0,
88344,182.0,
46101,413.0,
16351,589.0,
53233,357.0,
57106,3989.0,
57168,618.0,
62386,6899.0,
51625,293.0,
89051,543.0,
66050,3901.0,
64438,509.0,
69017,659.0,
18240,687.0,
69089,14094.0,
59444,927.0,
43207,247.0,
69171,2275.0,
31367,93.0,
69272,4128.0,
76367,2570.0,
53061,501.0,
11142,195.0,
07339,1797.0,
39057,115.0,
52243,120.0,
73265,595.0,
65100,4733.0,
29125,788.0,
27528,3669.0,
40214,490.0,
02521,1384.0,
23083,260.0,
02720,2072.0,
14150,593.0,
22231,341.0,
84021,78.0,
73139,280.0,
78261,675.0,
18217,175.0,
24472,909.0,
21249,729.0,
17145,492.0,
85262,3228.0,
31199,198.0,
08175,211.0,
71127,77.0,
49057,337.0,
90078,192.0,
69236,538.0,
71581,252.0,
38307,539.0,
89203,180.0,
02131,1911.0,
65358,57.0,
06004,75456.0,
39228,1035.0,
38059,2486.0,
15224,119.0,
02818,1039.0,
62138,744.0,
18023,1481.0,
57038,6596.0,
72202,223.0,
49291,397.0,
79246,641.0,
52443,37.0,
23099,343.0,
24463,526.0,
52170,160.0,
24111,72.0,
02120,196.0,
79163,568.0,
28260,95.0,
33180,191.0,
73267,284.0,
18115,840.0,
02829,42.0,
55125,772.0,
16346,269.0,
21461,1487.0,
971120,15826.0,
66025,1233.0,
88510,154.0,
38511,3075.0,
62615,276.0,
45309,689.0,
06034,1537.0,
69164,309.0,
51133,51.0,
27683,260.0,
11163,46.0,
62283,124.0,
24525,192.0,
77494,2713.0,
41242,4621.0,
69087,3091.0,
61425,117.0,
06084,9941.0,
43268,7061.0,
16165,384.0,
87188,413.0,
02740,243.0,
14522,443.0,
43068,41.0,
54055,318.0,
14511,65.0,
16372,154.0,
57566,2424.0,
42167,360.0,
974402,12616.0,
08259,91.0,
65239,164.0,
51491,100.0,
46306,79.0,
31521,358.0,
07078,3049.0,
55345,106.0,
14533,89.0,
37128,1269.0,
76533,1234.0,
91390,3130.0,
07312,516.0,
40061,1003.0,
54154,531.0,
80125,82.0,
84033,122.0,
57583,137.0,
51166,65.0,
55271,396.0,
42334,1296.0,
76240,1057.0,
02488,149.0,
05166,1229.0,
80214,336.0,
40296,3608.0,
67539,1173.0,
08346,1372.0,
39080,57.0,
83154,717.0,
51430,97.0,
12042,220.0,
64240,207.0,
27435,233.0,
74294,670.0,
26075,31.0,
32063,193.0,
89226,184.0,
62566,714.0,
19217,181.0,
63383,240.0,
02655,128.0,
58016,159.0,
53112,419.0,
64454,164.0,
33237,779.0,
56053,5609.0,
49278,3521.0,
02438,284.0,
24529,206.0,
32324,110.0,
36080,72.0,
17361,123.0,
66103,549.0,
55350,71.0,
74313,404.0,
81068,163.0,
33499,389.0,
62278,566.0,
80513,172.0,
24163,146.0,
62777,171.0,
08004,214.0,
07100,444.0,
62209,174.0,
77495,7154.0,
29024,7397.0,
11127,83.0,
67537,456.0,
81215,644.0,
03250,381.0,
11413,509.0,
19248,662.0,
70060,291.0,
39285,333.0,
31513,354.0,
38067,1476.0,
59382,1473.0,
62062,43.0,
74232,492.0,
10101,187.0,
25486,379.0,
41207,1127.0,
71181,156.0,
11003,194.0,
76730,114.0,
62892,665.0,
30316,242.0,
74291,315.0,
91272,20631.0,
57714,420.0,
67241,182.0,
14452,591.0,
53055,608.0,
61100,286.0,
80347,152.0,
15005,349.0,
64013,161.0,
71220,504.0,
51244,243.0,
24518,272.0,
57593,969.0,
76708,766.0,
71427,57.0,
70199,102.0,
13031,3101.0,
70352,40.0,
60542,1002.0,
62728,686.0,
86037,503.0,
63314,528.0,
01067,262.0,
13071,20018.0,
55557,133.0,
63011,231.0,
71344,58.0,
02796,88.0,
90029,1965.0,
02784,175.0,
63411,507.0,
26221,69.0,
29113,2193.0,
23206,674.0,
35038,663.0,
91533,1790.0,
91284,1154.0,
72158,850.0,
14281,241.0,
61050,358.0,
14758,715.0,
67477,610.0,
68316,735.0,
62077,367.0,
48181,63.0,
80092,582.0,
63301,782.0,
21587,267.0,
11348,80.0,
18086,565.0,
22011,1086.0,
31507,1410.0,
37206,1602.0,
47030,216.0,
50570,425.0,
23263,359.0,
06129,352.0,
36232,1151.0,
22207,2164.0,
64250,949.0,
11347,101.0,
24321,836.0,
71074,545.0,
27302,1011.0,
27562,4657.0,
48031,94.0,
51248,2258.0,
32058,45.0,
60177,448.0,
22369,691.0,
52200,86.0,
76554,324.0,
43208,39.0,
83065,2739.0,
58014,71.0,
40194,1161.0,
27594,303.0,
18165,1253.0,
51393,232.0,
72353,221.0,
21220,132.0,
01380,688.0,
39390,278.0,
79190,490.0,
35188,6483.0,
17452,4782.0,
30163,155.0,
11015,240.0,
60500,3267.0,
77405,1926.0,
80234,836.0,
38322,95.0,
07309,1603.0,
64145,494.0,
02654,90.0,
89042,199.0,
95229,9438.0,
76586,668.0,
07193,284.0,
62419,183.0,
01084,756.0,
68084,1518.0,
02531,125.0,
2B185,1551.0,
42072,73.0,
42198,944.0,
51441,115.0,
65418,290.0,
27224,500.0,
10076,323.0,
36097,339.0,
60157,10714.0,
21235,46.0,
70404,650.0,
46016,405.0,
34125,110.0,
38445,743.0,
10361,209.0,
22053,676.0,
52207,94.0,
88152,276.0,
04137,43.0,
69050,2194.0,
90009,5111.0,
27527,205.0,
40003,292.0,
02213,317.0,
55004,82.0,
2B290,288.0,
74127,1379.0,
64283,180.0,
72132,9116.0,
32036,681.0,
01228,648.0,
84081,7999.0,
26374,24.0,
29199,4833.0,
69151,1475.0,
64508,128.0,
21061,77.0,
29106,1786.0,
21691,367.0,
94003,19746.0,
47146,1332.0,
81011,963.0,
02709,408.0,
16295,1407.0,
72210,289.0,
81256,83.0,
49026,2752.0,
51101,623.0,
63388,740.0,
02590,180.0,
89297,136.0,
2A158,30.0,
52034,133.0,
18105,493.0,
27089,432.0,
05119,676.0,
30122,711.0,
62863,3650.0,
59559,1958.0,
57008,211.0,
73090,243.0,
21472,176.0,
45320,358.0,
73228,743.0,
02386,235.0,
01351,1501.0,
10127,67.0,
47200,122.0,
68281,472.0,
24366,823.0,
33422,7303.0,
70505,188.0,
80169,81.0,
62216,198.0,
21638,1055.0,
35095,5469.0,
21115,383.0,
61087,185.0,
82150,894.0,
03227,380.0,
21618,563.0,
07281,7417.0,
65253,64.0,
23199,451.0,
41164,2773.0,
31218,116.0,
33062,760.0,
91338,6622.0,
26244,120.0,
01428,119.0,
03113,566.0,
76694,125.0,
59038,1430.0,
85141,615.0,
39501,1048.0,
71282,1237.0,
73255,810.0,
67172,2151.0,
27173,119.0,
26176,1243.0,
46334,1535.0,
2B054,188.0,
38383,2564.0,
01016,427.0,
39289,356.0,
03045,890.0,
07325,2035.0,
61345,1212.0,
38419,182.0,
55035,148.0,
07224,240.0,
36090,131.0,
62896,739.0,
19038,1584.0,
60066,243.0,
63159,132.0,
40298,377.0,
26125,1216.0,
39157,52.0,
08377,143.0,
57610,300.0,
86005,642.0,
52222,50.0,
85064,2436.0,
08244,76.0,
17249,196.0,
76030,461.0,
76139,239.0,
95489,724.0,
27541,120.0,
09198,193.0,
60136,520.0,
85296,1224.0,
50222,770.0,
62186,12678.0,
2B135,362.0,
28419,359.0,
81160,420.0,
03128,2669.0,
39116,131.0,
65002,780.0,
91075,76.0,
57576,719.0,
07301,948.0,
72179,1934.0,
26084,3770.0,
59304,402.0,
38526,364.0,
76732,248.0,
62474,1124.0,
15021,604.0,
91159,1726.0,
81198,324.0,
65163,28.0,
80291,282.0,
94056,2487.0,
25625,49.0,
17208,883.0,
63134,90.0,
36095,110.0,
30054,259.0,
10208,293.0,
51031,290.0,
42073,681.0,
50409,1746.0,
80557,574.0,
32021,68.0,
25479,432.0,
55116,56.0,
25077,75.0,
52506,123.0,
76738,708.0,
31384,1187.0,
40333,1266.0,
89060,426.0,
47100,5231.0,
24133,1344.0,
72161,860.0,
02524,709.0,
29013,218.0,
65437,151.0,
71328,629.0,
54234,2580.0,
11326,84.0,
19099,215.0,
80317,236.0,
74262,1106.0,
01304,2734.0,
38516,6657.0,
32251,64.0,
24106,516.0,
52235,285.0,
45155,14624.0,
21611,969.0,
70130,330.0,
26329,184.0,
89481,135.0,
39540,221.0,
24217,451.0,
28286,605.0,
21259,307.0,
76541,1428.0,
26096,2034.0,
80241,1152.0,
77178,479.0,
59144,883.0,
86063,271.0,
21349,576.0,
18236,130.0,
77428,858.0,
39199,921.0,
46195,376.0,
30137,115.0,
31209,171.0,
52244,817.0,
01117,146.0,
41067,2750.0,
45329,1332.0,
33155,154.0,
07200,46.0,
11221,269.0,
08022,340.0,
78344,665.0,
67045,3334.0,
62378,195.0,
10168,80.0,
88486,3961.0,
83017,2440.0,
37138,726.0,
01031,3646.0,
71452,111.0,
49215,4030.0,
50463,539.0,
56180,686.0,
31353,78.0,
71042,328.0,
35180,744.0,
40004,1819.0,
58313,99.0,
34023,6878.0,
32362,147.0,
10116,311.0,
2A118,194.0,
53156,252.0,
15166,297.0,
16186,613.0,
01124,668.0,
76477,447.0,
62713,1339.0,
16007,509.0,
56210,464.0,
28310,281.0,
2B068,34.0,
39160,827.0,
16425,523.0,
25424,591.0,
80044,388.0,
91507,317.0,
34006,269.0,
61375,1202.0,
78239,1893.0,
25242,98.0,
47014,197.0,
40112,106.0,
40242,101.0,
81076,691.0,
33336,1046.0,
21190,469.0,
33001,1893.0,
28327,209.0,
65447,1358.0,
37127,348.0,
2B306,99.0,
10141,754.0,
47198,346.0,
17398,164.0,
77015,99.0,
78255,4155.0,
49220,1800.0,
71333,1251.0,
03235,1023.0,
55407,139.0,
55475,64.0,
47248,512.0,
88122,367.0,
51631,164.0,
58217,221.0,
17462,764.0,
57162,824.0,
38117,645.0,
19149,202.0,
64361,170.0,
10416,235.0,
35001,6282.0,
64224,670.0,
57424,208.0,
80371,117.0,
2B246,210.0,
49058,889.0,
02309,647.0,
54317,125.0,
23063,152.0,
02571,720.0,
25466,830.0,
37150,1313.0,
63259,318.0,
70145,397.0,
52242,950.0,
14731,190.0,
26161,44.0,
57381,276.0,
65261,54.0,
87016,311.0,
69194,6466.0,
2A258,60.0,
73154,2974.0,
73138,484.0,
06100,217.0,
89033,363.0,
64515,243.0,
77048,2690.0,
55289,58.0,
69270,3869.0,
45055,552.0,
02234,77.0,
17266,655.0,
54056,148.0,
57573,114.0,
76628,778.0,
57011,633.0,
10432,70.0,
66081,135.0,
14398,551.0,
01373,1101.0,
32322,179.0,
63149,623.0,
08375,181.0,
02787,252.0,
78217,6462.0,
87141,725.0,
41106,4798.0,
26011,2442.0,
30143,228.0,
71227,538.0,
19231,175.0,
17002,131.0,
53164,360.0,
31073,501.0,
61381,55.0,
59353,358.0,
73216,444.0,
68363,572.0,
47082,217.0,
33433,8467.0,
25245,988.0,
07056,880.0,
15078,158.0,
61091,1005.0,
27153,351.0,
77100,4417.0,
61068,201.0,
15250,497.0,
42102,886.0,
09216,63.0,
32292,452.0,
14070,226.0,
42255,294.0,
52001,307.0,
38354,397.0,
02286,843.0,
80547,223.0,
76223,509.0,
52284,97.0,
91179,4730.0,
21387,206.0,
45167,1663.0,
04166,1822.0,
58015,129.0,
68142,308.0,
53178,226.0,
13067,3114.0,
18121,104.0,
21080,714.0,
81304,195.0,
08209,457.0,
02173,11874.0,
64354,121.0,
86265,465.0,
71115,90.0,
36075,93.0,
70165,546.0,
16349,552.0,
34013,1626.0,
71357,200.0,
45296,727.0,
62469,621.0,
44212,8625.0,
50109,1862.0,
21556,248.0,
63178,14286.0,
29077,2024.0,
30015,177.0,
32061,162.0,
51153,1024.0,
40069,412.0,
76413,459.0,
10056,211.0,
57299,915.0,
02048,117.0,
26342,334.0,
49129,3798.0,
29034,675.0,
71529,286.0,
70562,150.0,
973352,150.0,
60338,4334.0,
49130,618.0,
57278,71.0,
85071,3238.0,
04120,57.0,
971124,10443.0,
36092,296.0,
80694,341.0,
31278,327.0,
25395,1484.0,
30126,764.0,
77027,1167.0,
21138,583.0,
27054,492.0,
02115,223.0,
73190,268.0,
27399,52.0,
10302,90.0,
33250,301.0,
35235,1121.0,
77066,317.0,
11333,104.0,
37133,550.0,
31197,339.0,
63172,58.0,
04118,115.0,
76330,710.0,
42034,118.0,
02006,265.0,
57719,83.0,
21604,144.0,
28206,724.0,
14520,862.0,
21705,57.0,
32460,293.0,
30327,55.0,
71248,707.0,
31410,4251.0,
09076,210.0,
40062,336.0,
71026,340.0,
56003,5514.0,
07347,576.0,
81038,2250.0,
84097,661.0,
31167,692.0,
02163,2644.0,
57308,124.0,
06098,131.0,
79343,223.0,
19180,691.0,
50290,359.0,
54283,322.0,
19283,71.0,
15017,126.0,
73028,273.0,
27294,578.0,
46186,348.0,
27254,832.0,
73034,2142.0,
60350,1399.0,
21439,74.0,
34241,832.0,
27167,615.0,
55468,91.0,
60502,126.0,
30265,238.0,
27279,3100.0,
10226,107.0,
18037,1008.0,
69183,301.0,
19257,276.0,
13099,937.0,
61034,211.0,
60116,2995.0,
21596,380.0,
65272,75.0,
41237,974.0,
52234,34.0,
60111,174.0,
24370,1967.0,
21589,96.0,
07006,160.0,
82135,1262.0,
64265,79.0,
44019,896.0,
02801,275.0,
69254,899.0,
59242,690.0,
2B226,75.0,
02287,1083.0,
64292,249.0,
57147,313.0,
74068,414.0,
76365,165.0,
18091,228.0,
41113,195.0,
16145,612.0,
31506,11243.0,
70515,65.0,
71024,511.0,
80197,38.0,
50351,70.0,
21330,395.0,
30011,8362.0,
89292,246.0,
27212,114.0,
67082,1010.0,
82054,404.0,
88106,982.0,
77103,218.0,
17292,462.0,
70321,1345.0,
41089,196.0,
56190,1896.0,
54429,317.0,
47312,697.0,
55437,112.0,
36143,481.0,
32081,128.0,
63381,1657.0,
02219,211.0,
03004,265.0,
74144,733.0,
71456,1919.0,
45237,114.0,
51458,69.0,
76462,4794.0,
52411,223.0,
30253,1221.0,
88012,1110.0,
14103,435.0,
35227,3132.0,
71277,680.0,
07019,11803.0,
88527,165.0,
47289,569.0,
53090,153.0,
80173,465.0,
61149,372.0,
59394,406.0,
61138,202.0,
65445,218.0,
40127,531.0,
65134,13.0,
51511,117.0,
60574,641.0,
55554,264.0,
80086,1105.0,
14762,11597.0,
02107,101.0,
31027,224.0,
17450,231.0,
89265,598.0,
54306,360.0,
84005,195.0,
25605,444.0,
31314,441.0,
24138,8108.0,
25541,341.0,
93055,53471.0,
50050,127.0,
01430,527.0,
36014,217.0,
48160,160.0,
65267,506.0,
61151,358.0,
39168,46.0,
57612,207.0,
54572,654.0,
41224,185.0,
80622,1366.0,
47223,234.0,
21271,304.0,
80137,465.0,
30029,1564.0,
68129,1352.0,
71044,322.0,
27158,696.0,
60698,300.0,
43197,370.0,
50025,7890.0,
16061,4253.0,
60249,199.0,
03106,1309.0,
27536,487.0,
32311,328.0,
40283,3048.0,
28398,1259.0,
37108,740.0,
86293,4074.0,
13013,1861.0,
10219,62.0,
76184,108.0,
28400,205.0,
57701,844.0,
35103,397.0,
80131,3115.0,
64482,654.0,
71570,525.0,
69047,1094.0,
04123,1064.0,
76377,2603.0,
32323,123.0,
40142,965.0,
05146,125.0,
17110,986.0,
02762,175.0,
19166,87.0,
79347,1086.0,
34298,4756.0,
76363,566.0,
12157,1518.0,
67253,658.0,
06152,13092.0,
32450,101.0,
47009,217.0,
91600,6947.0,
88515,145.0,
88330,213.0,
36205,113.0,
18068,39.0,
70019,124.0,
87111,1540.0,
02303,680.0,
55361,124.0,
52174,47.0,
77069,1982.0,
34022,6712.0,
15034,180.0,
65132,50.0,
33273,7355.0,
32446,262.0,
54204,92.0,
30334,8573.0,
87185,1712.0,
46085,244.0,
18271,1278.0,
60632,758.0,
17050,543.0,
76347,313.0,
64123,1327.0,
60620,471.0,
2B012,60.0,
24098,2790.0,
32122,359.0,
57301,304.0,
43008,135.0,
73259,535.0,
25373,40.0,
63052,1048.0,
22255,868.0,
67228,787.0,
35116,2308.0,
66074,398.0,
76054,531.0,
11370,3098.0,
17191,369.0,
22308,648.0,
17345,311.0,
34323,42.0,
29055,3142.0,
14302,175.0,
16315,121.0,
69385,46630.0,
45072,1381.0,
65042,541.0,
61192,114.0,
19072,2602.0,
14089,434.0,
35032,3737.0,
10021,154.0,
89422,39.0,
04197,3416.0,
10145,217.0,
62631,418.0,
62791,54.0,
34219,544.0,
08379,241.0,
68046,412.0,
62430,165.0,
67244,146.0,
76257,192.0,
72144,354.0,
60535,315.0,
88413,20471.0,
31343,65.0,
39220,393.0,
82127,773.0,
34271,215.0,
64451,91.0,
85087,216.0,
89089,146.0,
64218,355.0,
35008,689.0,
51500,131.0,
08179,624.0,
81094,93.0,
50617,325.0,
56223,1514.0,
56176,5304.0,
52300,182.0,
33496,2224.0,
14226,240.0,
28057,574.0,
35091,542.0,
02682,109.0,
58052,47.0,
91184,267.0,
16284,123.0,
26290,399.0,
80708,198.0,
95078,1822.0,
80281,189.0,
02013,414.0,
84020,1376.0,
82151,425.0,
32465,169.0,
51228,103.0,
61370,166.0,
26138,1100.0,
50317,249.0,
02512,272.0,
38126,3970.0,
08479,171.0,
28357,1088.0,
39046,73.0,
91293,953.0,
31584,5763.0,
45154,1699.0,
14720,865.0,
17375,1186.0,
64481,221.0,
55120,848.0,
11054,264.0,
51270,232.0,
50210,349.0,
27354,502.0,
50267,2000.0,
67111,405.0,
24251,586.0,
64219,265.0,
62268,5094.0,
53191,244.0,
28102,710.0,
47138,1591.0,
66209,32.0,
07072,1669.0,
76394,652.0,
72317,558.0,
65454,101.0,
46323,80.0,
13109,2313.0,
01074,2409.0,
11001,535.0,
35333,1706.0,
81277,558.0,
22097,756.0,
13010,3956.0,
15101,552.0,
30129,707.0,
80784,300.0,
42222,5643.0,
33075,16954.0,
64019,240.0,
31341,4979.0,
02392,314.0,
44052,7330.0,
21365,75.0,
62464,3167.0,
67091,324.0,
60068,3167.0,
46116,68.0,
972215,1090.0,
76015,543.0,
64368,236.0,
09152,26.0,
41288,794.0,
76070,687.0,
95254,554.0,
66012,3203.0,
37065,564.0,
84009,1339.0,
70567,149.0,
57437,624.0,
60569,238.0,
23045,937.0,
57233,81.0,
08420,1277.0,
27077,895.0,
67381,342.0,
03309,476.0,
54184,8667.0,
24306,102.0,
67285,1411.0,
74086,607.0,
18080,155.0,
46256,217.0,
02333,158.0,
68023,975.0,
78077,757.0,
82139,124.0,
87195,140.0,
18210,654.0,
73019,937.0,
01294,828.0,
76458,134.0,
66189,4887.0,
32275,46.0,
45039,673.0,
35179,3783.0,
24274,906.0,
05170,2040.0,
21405,824.0,
42318,1484.0,
02127,194.0,
02018,1948.0,
66116,188.0,
2B365,148.0,
08440,152.0,
64271,574.0,
31123,50.0,
13050,9335.0,
70072,79.0,
62455,112.0,
16377,101.0,
69077,991.0,
21347,296.0,
66217,1903.0,
17364,445.0,
17139,349.0,
78474,741.0,
37114,187.0,
61492,124.0,
07321,233.0,
59423,1229.0,
19151,886.0,
39063,273.0,
46008,212.0,
29220,8304.0,
90080,395.0,
40174,95.0,
71478,94.0,
31085,241.0,
03149,430.0,
42339,241.0,
17331,1241.0,
71158,1639.0,
2B052,18.0,
80799,4235.0,
27625,315.0,
71061,485.0,
29003,2159.0,
63232,489.0,
38038,526.0,
55577,61.0,
81212,138.0,
23258,312.0,
61049,105.0,
52303,103.0,
62292,957.0,
62881,394.0,
78642,15050.0,
70184,761.0,
31124,364.0,
09048,62.0,
60520,205.0,
35273,2024.0,
89281,295.0,
08024,1120.0,
16083,360.0,
17072,1266.0,
01303,1686.0,
65481,176.0,
50518,311.0,
09086,306.0,
04066,497.0,
76460,594.0,
63260,153.0,
48177,304.0,
73109,762.0,
06003,561.0,
45022,423.0,
34100,81.0,
86236,881.0,
43137,8788.0,
52104,1055.0,
30048,172.0,
68130,1026.0,
54525,639.0,
81167,96.0,
35198,695.0,
74290,403.0,
08132,181.0,
11439,359.0,
14053,174.0,
66218,349.0,
45129,1047.0,
32128,208.0,
62218,340.0,
02626,347.0,
42275,6125.0,
35191,1070.0,
72325,902.0,
31505,316.0,
02015,80.0,
82154,214.0,
47314,387.0,
16342,285.0,
54428,881.0,
2A324,386.0,
28333,145.0,
54517,204.0,
38066,170.0,
40332,2166.0,
39310,444.0,
56026,2376.0,
33048,237.0,
60657,282.0,
64181,291.0,
51070,209.0,
21149,170.0,
38483,1542.0,
60356,517.0,
74292,890.0,
30212,2330.0,
76479,139.0,
17150,524.0,
2B291,40.0,
19122,201.0,
39211,263.0,
80057,81.0,
47182,287.0,
58108,78.0,
42202,667.0,
19069,147.0,
81044,265.0,
05016,222.0,
65014,36.0,
02677,249.0,
25505,1195.0,
40126,1861.0,
74065,432.0,
60498,503.0,
88333,106.0,
59427,670.0,
30237,633.0,
22203,3302.0,
28188,915.0,
53085,202.0,
86066,31262.0,
63028,475.0,
31550,553.0,
36237,776.0,
37237,1278.0,
95309,235.0,
59535,1713.0,
35257,2944.0,
77441,2095.0,
24527,969.0,
40322,159.0,
54427,97.0,
76749,346.0,
63113,141463.0,
62252,2734.0,
55172,73.0,
87023,194.0,
27623,486.0,
28130,963.0,
62161,719.0,
62198,331.0,
62882,1302.0,
22331,208.0,
63350,1212.0,
39321,154.0,
03132,598.0,
66001,82.0,
67379,942.0,
17252,300.0,
67123,482.0,
59296,353.0,
08202,530.0,
59596,568.0,
13119,6754.0,
47007,175.0,
33115,242.0,
93064,43802.0,
80709,256.0,
27381,150.0,
52033,138.0,
95488,8186.0,
65187,114.0,
87161,4630.0,
76724,126.0,
14393,326.0,
61268,122.0,
28177,660.0,
29214,669.0,
35236,9114.0,
46170,947.0,
09027,69.0,
01314,1600.0,
15064,77.0,
41085,1053.0,
57175,230.0,
02670,162.0,
24364,398.0,
62154,651.0,
32008,81.0,
38561,1635.0,
54153,63.0,
02043,71.0,
57049,4205.0,
53184,167.0,
41101,1259.0,
80794,59.0,
66037,12436.0,
88376,266.0,
53143,537.0,
94059,19157.0,
55071,182.0,
65084,292.0,
88066,73.0,
77357,837.0,
81259,214.0,
24349,347.0,
01399,1873.0,
57037,262.0,
45018,956.0,
62418,316.0,
58056,311.0,
72164,71.0,
88355,1273.0,
60040,651.0,
51050,127.0,
46069,199.0,
89194,123.0,
27366,205.0,
76512,28.0,
52260,131.0,
61279,622.0,
17291,5781.0,
33515,437.0,
08436,394.0,
24089,470.0,
88526,406.0,
55175,166.0,
25238,164.0,
47032,6212.0,
53120,484.0,
61286,90.0,
08013,406.0,
34199,8244.0,
01002,236.0,
47126,80.0,
03181,334.0,
17197,3465.0,
59260,3206.0,
80629,113.0,
79056,785.0,
72180,5363.0,
08431,108.0,
50200,832.0,
89176,142.0,
89102,2290.0,
36213,238.0,
74160,1008.0,
89463,276.0,
08038,298.0,
64425,483.0,
11263,253.0,
03210,392.0,
62801,2571.0,
14146,153.0,
21185,559.0,
63085,1042.0,
58076,84.0,
91587,5182.0,
03102,3112.0,
63334,537.0,
73050,553.0,
88127,64.0,
42157,810.0,
71405,152.0,
15129,187.0,
67077,570.0,
78464,865.0,
85149,369.0,
31537,180.0,
89227,1323.0,
57380,110.0,
76415,346.0,
36124,287.0,
31302,296.0,
62692,325.0,
39447,217.0,
67368,1567.0,
71059,3580.0,
54171,1202.0,
67407,1708.0,
65398,214.0,
64266,247.0,
2B058,310.0,
24324,551.0,
82027,1268.0,
58295,952.0,
01149,1015.0,
08069,159.0,
19097,118.0,
10013,159.0,
88507,227.0,
52147,91.0,
33050,528.0,
33359,252.0,
80024,542.0,
85106,1401.0,
95258,369.0,
02510,150.0,
32142,138.0,
29143,937.0,
51414,160.0,
34130,1552.0,
19177,190.0,
61101,209.0,
89382,1604.0,
50450,332.0,
54047,214.0,
25420,141.0,
86085,245.0,
21451,78.0,
28123,507.0,
64525,703.0,
62632,269.0,
19092,85.0,
70262,177.0,
18130,307.0,
21002,295.0,
51630,326.0,
39379,492.0,
72104,599.0,
33421,471.0,
26087,1300.0,
65218,599.0,
41132,353.0,
40092,268.0,
95252,33375.0,
73186,485.0,
79299,2483.0,
11204,36.0,
76236,328.0,
21478,302.0,
70296,237.0,
2B292,77.0,
01407,965.0,
86229,371.0,
57553,643.0,
21504,85.0,
27677,372.0,
46163,342.0,
60306,153.0,
70041,410.0,
88487,3936.0,
02632,60.0,
43160,171.0,
71271,149.0,
26149,940.0,
48034,2126.0,
33006,928.0,
48091,66.0,
50363,1132.0,
15102,103.0,
15151,158.0,
88293,244.0,
37136,491.0,
59011,10246.0,
26209,29.0,
29083,216.0,
77058,25419.0,
38420,256.0,
38282,799.0,
71361,69.0,
39512,61.0,
27332,794.0,
33408,347.0,
42093,1391.0,
67003,470.0,
21096,117.0,
51290,302.0,
57589,2092.0,
76016,117.0,
54441,253.0,
28033,812.0,
70066,156.0,
59567,365.0,
81023,202.0,
94058,33480.0,
87178,2853.0,
39452,515.0,
76556,1036.0,
87189,178.0,
59184,660.0,
56135,1486.0,
73175,75.0,
42040,52.0,
03193,191.0,
14377,629.0,
45224,4244.0,
08134,92.0,
80621,390.0,
12136,964.0,
38166,462.0,
85298,1578.0,
80463,698.0,
64487,233.0,
26152,30.0,
23197,361.0,
59001,461.0,
62321,4583.0,
71457,117.0,
31163,2477.0,
61399,70.0,
19276,2934.0,
95427,13864.0,
57716,1593.0,
15159,298.0,
33191,496.0,
35187,1316.0,
11297,152.0,
37072,8044.0,
26214,71.0,
70489,793.0,
67349,547.0,
2A098,743.0,
90086,201.0,
78285,554.0,
65426,147.0,
80127,816.0,
60296,159.0,
60650,523.0,
86178,2437.0,
32202,257.0,
30001,475.0,
77238,4190.0,
59440,742.0,
45070,45.0,
26177,755.0,
84141,10661.0,
46135,49.0,
77026,411.0,
74064,1242.0,
10150,273.0,
52161,85.0,
74040,3135.0,
62462,125.0,
63122,74.0,
25551,122.0,
21257,80.0,
18204,342.0,
88229,96.0,
34172,272084.0,
23090,407.0,
60396,618.0,
70350,69.0,
42229,239.0,
58083,1570.0,
60184,213.0,
62054,580.0,
09168,172.0,
62894,4196.0,
63433,56.0,
61252,129.0,
28315,22.0,
34133,61.0,
54549,3850.0,
02003,1016.0,
08037,876.0,
46202,479.0,
76502,467.0,
37051,865.0,
26357,1934.0,
55039,0.0,
11401,778.0,
62710,149.0,
37245,2128.0,
54556,109.0,
41080,1316.0,
51559,3998.0,
44136,1224.0,
26331,576.0,
42036,489.0,
41078,787.0,
77047,1463.0,
02486,107.0,
26382,505.0,
39415,1137.0,
07207,1038.0,
43072,154.0,
55206,149.0,
57568,1391.0,
18196,101.0,
40026,368.0,
13014,13937.0,
28369,647.0,
52134,255.0,
28350,864.0,
21702,269.0,
63229,1188.0,
64475,211.0,
01175,829.0,
64460,374.0,
71479,1864.0,
2A008,1592.0,
72380,930.0,
32459,1140.0,
55506,35.0,
47185,2842.0,
25296,803.0,
76631,1313.0,
10408,115.0,
02313,477.0,
16153,537.0,
54602,151.0,
73222,5678.0,
63108,620.0,
73094,384.0,
42320,703.0,
42087,1224.0,
23149,609.0,
47235,510.0,
47297,141.0,
85156,2038.0,
08448,1066.0,
59438,750.0,
08321,168.0,
38381,1892.0,
52177,871.0,
23195,1014.0,
02592,223.0,
56045,628.0,
62568,620.0,
61141,429.0,
89285,254.0,
64326,125.0,
79144,380.0,
40225,213.0,
23055,30.0,
54221,218.0,
86077,1136.0,
52063,97.0,
18233,1517.0,
28207,220.0,
78327,3851.0,
32371,104.0,
62374,152.0,
87047,1784.0,
76455,305.0,
43217,510.0,
14487,863.0,
82136,1610.0,
02797,178.0,
27057,276.0,
02643,775.0,
54536,2544.0,
54563,1477.0,
38360,398.0,
63294,263.0,
60236,224.0,
04124,414.0,
78036,473.0,
23100,505.0,
62303,197.0,
27056,10275.0,
77453,1154.0,
36037,307.0,
05044,130.0,
38013,3190.0,
88423,1357.0,
46193,436.0,
14354,1722.0,
57415,1722.0,
32082,332.0,
55353,84.0,
80097,131.0,
70414,1013.0,
42290,589.0,
11275,188.0,
39298,52.0,
89458,171.0,
82157,132.0,
59136,7047.0,
28279,4125.0,
32356,108.0,
80430,206.0,
17332,382.0,
70244,115.0,
74311,4001.0,
88225,2351.0,
17062,251.0,
80368,4718.0,
50156,62.0,
02710,782.0,
46124,298.0,
21051,111.0,
63467,48.0,
11280,1019.0,
57352,479.0,
39328,457.0,
37130,2242.0,
21655,221.0,
55139,0.0,
89288,203.0,
68356,956.0,
02023,108.0,
82051,851.0,
01286,370.0,
04217,730.0,
94038,31201.0,
55186,2212.0,
47019,975.0,
51175,199.0,
27470,1155.0,
54284,1192.0,
42029,1584.0,
83152,717.0,
2B055,118.0,
48163,112.0,
86018,341.0,
16038,330.0,
31423,297.0,
22143,1633.0,
24289,1437.0,
77289,363.0,
71366,386.0,
70002,215.0,
68089,1682.0,
46211,365.0,
45264,195.0,
58131,2492.0,
43071,486.0,
58013,99.0,
57671,160.0,
43253,207.0,
51568,290.0,
74196,427.0,
12257,724.0,
64527,1351.0,
26102,142.0,
36202,3112.0,
15069,249.0,
01432,259.0,
57531,727.0,
30144,472.0,
19070,357.0,
79175,522.0,
12171,520.0,
85016,2118.0,
60596,258.0,
2B087,1685.0,
65052,80.0,
42260,985.0,
58154,131.0,
11210,1121.0,
24188,614.0,
57196,411.0,
05163,141.0,
88280,101.0,
50388,857.0,
22309,197.0,
25547,3975.0,
76567,181.0,
77153,8669.0,
17196,492.0,
25116,260.0,
53128,328.0,
25633,683.0,
56087,611.0,
10064,2950.0,
33507,314.0,
85234,8349.0,
62447,2189.0,
08398,86.0,
71294,1252.0,
64548,163.0,
52428,55.0,
64144,145.0,
04036,964.0,
02185,391.0,
73326,1884.0,
34269,145.0,
49114,158.0,
65290,200.0,
50083,567.0,
2A139,1503.0,
51547,148.0,
14366,21132.0,
58129,186.0,
43053,203.0,
25229,340.0,
27410,582.0,
45171,546.0,
42283,1202.0,
31530,230.0,
61363,69.0,
22033,372.0,
33467,252.0,
40188,456.0,
30297,259.0,
66151,74.0,
71354,582.0,
91273,793.0,
89424,143.0,
14334,325.0,
62091,97.0,
44131,14288.0,
40327,252.0,
46034,304.0,
21241,284.0,
63418,572.0,
28301,435.0,
25061,105.0,
60357,565.0,
45044,180.0,
32156,212.0,
2B321,15.0,
90057,709.0,
27241,180.0,
71076,45166.0,
38355,128.0,
62414,251.0,
87162,197.0,
38340,2081.0,
27465,396.0,
57386,341.0,
66112,205.0,
21177,182.0,
54005,108.0,
51185,295.0,
67534,716.0,
72370,356.0,
59484,6317.0,
32109,195.0,
02663,231.0,
16002,526.0,
55290,53.0,
27391,1575.0,
62090,126.0,
25248,550.0,
09195,23.0,
65251,1944.0,
63072,1261.0,
60496,163.0,
31456,47.0,
38446,551.0,
83067,4273.0,
10427,234.0,
974403,6519.0,
80459,98.0,
86264,802.0,
10301,145.0,
76465,587.0,
69191,5485.0,
77445,30068.0,
58046,1861.0,
72036,337.0,
53197,894.0,
65361,87.0,
84143,1174.0,
65319,133.0,
03259,356.0,
67417,324.0,
62105,550.0,
19259,231.0,
67415,466.0,
76295,1248.0,
54216,123.0,
58246,809.0,
63029,249.0,
83036,7150.0,
72192,105.0,
32110,407.0,
84023,103.0,
2B274,105.0,
32023,72.0,
14431,4945.0,
09085,428.0,
48087,134.0,
55143,137.0,
10437,629.0,
89255,1043.0,
52121,22560.0,
91035,365.0,
33260,862.0,
09322,318.0,
23097,306.0,
64198,1762.0,
47216,611.0,
05006,2311.0,
28104,908.0,
62052,404.0,
27617,493.0,
28410,337.0,
21341,105.0,
71501,161.0,
37214,16239.0,
95341,386.0,
77208,1453.0,
71292,1270.0,
03219,208.0,
63405,585.0,
77306,542.0,
78076,256.0,
48080,2944.0,
79338,201.0,
26179,2245.0,
82035,327.0,
64545,9316.0,
63218,182.0,
70569,81.0,
51560,107.0,
55571,215.0,
88283,94.0,
72045,780.0,
85008,3483.0,
17069,253.0,
08342,300.0,
40290,124.0,
15132,37.0,
60367,360.0,
89175,139.0,
84054,18955.0,
26188,1061.0,
87073,393.0,
12006,370.0,
87021,2469.0,
51107,317.0,
39092,167.0,
41019,105.0,
86107,494.0,
16418,1550.0,
67029,397.0,
31165,5782.0,
07263,104.0,
69106,992.0,
54077,1099.0,
61052,182.0,
58168,451.0,
71017,85.0,
17216,982.0,
79198,263.0,
29230,1737.0,
85004,2651.0,
27055,309.0,
70147,248.0,
32013,21962.0,
34050,1559.0,
72298,541.0,
54451,3890.0,
29135,3995.0,
37038,782.0,
16286,1908.0,
04226,579.0,
37162,484.0,
60528,113.0,
2A247,11354.0,
27616,1860.0,
12029,192.0,
95203,24606.0,
38036,84.0,
31336,567.0,
05024,78.0,
13091,5388.0,
07231,2541.0,
81039,2027.0,
33117,243.0,
02238,1951.0,
28316,149.0,
59387,1784.0,
51595,123.0,
02746,685.0,
89247,283.0,
28314,138.0,
09087,61.0,
86001,726.0,
11167,106.0,
89431,73.0,
60595,396.0,
45204,814.0,
50410,3952.0,
52019,95.0,
34049,240.0,
80764,297.0,
17148,488.0,
69065,883.0,
62174,1314.0,
17441,995.0,
12110,381.0,
71145,562.0,
71072,130.0,
95287,600.0,
70126,184.0,
58078,63.0,
06075,4819.0,
39165,62.0,
06001,89.0,
86194,87427.0,
63154,331.0,
60346,9136.0,
22286,423.0,
50582,2651.0,
90077,302.0,
77137,248.0,
45137,732.0,
10017,141.0,
28199,1819.0,
2B257,148.0,
01015,495.0,
57481,2449.0,
83031,4345.0,
17310,1049.0,
46257,142.0,
07090,1176.0,
35156,623.0,
36085,245.0,
63116,2098.0,
44216,3941.0,
60678,1269.0,
62570,11708.0,
23264,47.0,
23227,212.0,
08486,1589.0,
02240,230.0,
60154,1530.0,
42112,432.0,
90076,1136.0,
60050,326.0,
59548,620.0,
80588,364.0,
02232,376.0,
70534,139.0,
48131,150.0,
80126,981.0,
85199,521.0,
83061,53039.0,
56010,6126.0,
56246,2075.0,
15149,241.0,
58099,177.0,
38128,504.0,
24137,745.0,
12076,255.0,
28035,991.0,
88203,337.0,
84094,623.0,
76317,429.0,
32255,158.0,
89402,196.0,
31065,2863.0,
50296,229.0,
57198,208.0,
65155,68.0,
67263,1614.0,
38269,5020.0,
47087,149.0,
28292,670.0,
72149,635.0,
64143,152.0,
62644,519.0,
02402,47.0,
60232,517.0,
27039,486.0,
07346,3847.0,
35189,3243.0,
60398,2298.0,
76014,1452.0,
10364,81.0,
79254,422.0,
06091,2339.0,
39529,66.0,
22360,8172.0,
53121,1413.0,
53235,224.0,
22366,437.0,
41118,232.0,
31317,444.0,
34264,199.0,
31345,2278.0,
81222,3330.0,
62143,55.0,
38444,135.0,
52377,302.0,
08143,87.0,
88255,88.0,
43194,720.0,
17192,764.0,
42279,14356.0,
30243,6863.0,
30245,772.0,
33034,438.0,
50399,204.0,
65438,68.0,
71185,347.0,
30193,540.0,
29094,730.0,
18198,398.0,
25284,5480.0,
11268,93.0,
54208,283.0,
80135,248.0,
40093,271.0,
56093,681.0,
80146,189.0,
57226,3036.0,
37068,699.0,
39389,563.0,
32456,59.0,
46255,364.0,
70448,157.0,
59521,457.0,
05053,229.0,
09069,28.0,
76019,443.0,
64057,1839.0,
64528,173.0,
62333,390.0,
32211,202.0,
24584,960.0,
60476,191.0,
50575,617.0,
14427,295.0,
52043,48.0,
10161,43.0,
25279,107.0,
76266,704.0,
85120,1331.0,
55212,68.0,
17084,611.0,
33532,506.0,
60351,111.0,
24062,176.0,
51342,268.0,
23072,223.0,
76058,240.0,
62522,243.0,
76087,597.0,
03001,2789.0,
90071,1126.0,
69217,754.0,
52275,90.0,
77358,1073.0,
51318,618.0,
57623,768.0,
71203,41.0,
53222,366.0,
72057,74.0,
49353,13125.0,
58193,1505.0,
87079,818.0,
17240,3226.0,
81043,753.0,
60431,501.0,
49048,2789.0,
04205,1392.0,
78616,1247.0,
30246,121.0,
82123,1233.0,
51581,216.0,
68199,518.0,
24226,1283.0,
51428,488.0,
80568,322.0,
34159,3289.0,
74054,621.0,
18038,610.0,
70282,1088.0,
55573,1646.0,
64049,248.0,
67304,598.0,
80120,570.0,
80001,23821.0,
34059,320.0,
42052,3703.0,
76039,1229.0,
46046,467.0,
34110,664.0,
14165,195.0,
63156,65.0,
01023,69.0,
21180,129.0,
59635,345.0,
67380,203.0,
64557,408.0,
77070,1462.0,
13208,79010.0,
76294,392.0,
40176,117.0,
14311,928.0,
62131,350.0,
62650,720.0,
55076,192.0,
60075,133.0,
05104,330.0,
39218,424.0,
78551,39547.0,
62291,2865.0,
43061,783.0,
76193,357.0,
77197,161.0,
19169,277.0,
31357,263.0,
42304,6057.0,
62630,276.0,
04210,123.0,
52437,37.0,
11224,30.0,
80384,190.0,
85116,411.0,
94034,26645.0,
14086,383.0,
67032,222.0,
14574,1663.0,
80376,570.0,
24414,284.0,
78559,454.0,
60012,3074.0,
35107,1750.0,
67273,500.0,
08488,3048.0,
17254,194.0,
10406,1842.0,
51492,1511.0,
50509,735.0,
36073,208.0,
14660,99.0,
21572,323.0,
67022,259.0,
76040,305.0,
53093,307.0,
14338,2004.0,
44002,3516.0,
64092,337.0,
70550,15473.0,
2B063,29.0,
04096,1134.0,
60224,148.0,
71112,262.0,
08138,272.0,
35250,1848.0,
55216,50.0,
08300,16.0,
45153,753.0,
87121,522.0,
42132,571.0,
25477,284.0,
26360,575.0,
11288,1390.0,
69227,3892.0,
38421,38019.0,
13102,6567.0,
82187,665.0,
57408,920.0,
08357,788.0,
11424,96.0,
62377,963.0,
80747,143.0,
66208,1691.0,
81131,2007.0,
50247,184.0,
51597,318.0,
36041,138.0,
79124,134.0,
16188,339.0,
07338,1916.0,
16242,1389.0,
83116,15590.0,
49378,2506.0,
58097,102.0,
57292,22.0,
77217,2381.0,
87187,6922.0,
11388,41.0,
33475,382.0,
39238,118.0,
55328,312.0,
38514,179.0,
71582,289.0,
27207,575.0,
10347,218.0,
35314,958.0,
77239,1533.0,
60478,346.0,
88115,1597.0,
10315,41.0,
02441,205.0,
52066,55.0,
89181,119.0,
15024,66.0,
57137,731.0,
11083,52.0,
53139,392.0,
12220,264.0,
26060,139.0,
80219,53.0,
23131,733.0,
67550,1753.0,
55498,368.0,
08033,95.0,
70383,351.0,
09279,44.0,
71544,188.0,
10075,131.0,
86051,221.0,
14475,1127.0,
80603,293.0,
52035,201.0,
50619,318.0,
16239,132.0,
55398,1031.0,
62095,241.0,
15225,219.0,
40083,118.0,
88213,111.0,
2B261,567.0,
35059,4673.0,
31274,182.0,
11201,793.0,
71029,273.0,
25324,141.0,
57061,1186.0,
67148,185.0,
61448,447.0,
50489,495.0,
55007,247.0,
38267,687.0,
58053,338.0,
14015,691.0,
32132,6280.0,
89262,184.0,
61152,89.0,
25402,33.0,
2A204,97.0,
22137,1574.0,
74060,134.0,
42214,930.0,
80717,1000.0,
54106,72.0,
62799,722.0,
77462,811.0,
27476,417.0,
80671,245.0,
51112,393.0,
81100,378.0,
17276,80.0,
74255,1775.0,
38069,1331.0,
62620,1452.0,
39465,202.0,
59269,1552.0,
21332,1003.0,
54577,144.0,
16140,417.0,
54039,4440.0,
08354,869.0,
21036,70.0,
32043,152.0,
85105,549.0,
80312,283.0,
54231,182.0,
55547,125.0,
22145,787.0,
80726,260.0,
89130,850.0,
62607,82.0,
54369,643.0,
86048,993.0,
54097,117.0,
28012,1628.0,
33390,460.0,
88085,163.0,
14369,270.0,
52369,82.0,
22340,1178.0,
68054,343.0,
14093,224.0,
52497,442.0,
39364,505.0,
52231,98.0,
72224,509.0,
24109,113.0,
39565,97.0,
47137,1446.0,
10175,181.0,
30007,40711.0,
62356,788.0,
55059,207.0,
81319,478.0,
69230,345.0,
16270,394.0,
32026,102.0,
971117,22456.0,
68188,648.0,
40035,531.0,
19235,214.0,
23043,99.0,
83111,1862.0,
39282,73.0,
70299,352.0,
47005,502.0,
72070,261.0,
45270,2066.0,
79131,338.0,
62111,289.0,
52302,176.0,
91482,613.0,
38159,510.0,
64341,139.0,
06083,28100.0,
71202,1941.0,
63348,181.0,
43092,383.0,
02602,1801.0,
26097,663.0,
72280,1994.0,
10355,64.0,
72054,3828.0,
34062,125.0,
80189,73.0,
14106,651.0,
79008,867.0,
27598,1309.0,
69181,189.0,
69066,3797.0,
08166,285.0,
65128,124.0,
16060,516.0,
55163,80.0,
37205,1335.0,
85161,2401.0,
77418,887.0,
52135,99.0,
45006,1099.0,
57465,2090.0,
68303,239.0,
43251,3372.0,
64128,165.0,
73149,295.0,
50430,37.0,
56082,353.0,
30064,118.0,
54042,335.0,
84091,5103.0,
76565,1109.0,
85233,594.0,
14598,188.0,
02541,408.0,
02385,164.0,
55054,60.0,
33319,494.0,
79129,1596.0,
09215,132.0,
41097,2419.0,
72042,2106.0,
74226,587.0,
38459,846.0,
55494,479.0,
63060,104.0,
50468,772.0,
18280,709.0,
63148,2440.0,
10250,223.0,
64291,342.0,
66129,1245.0,
31322,60.0,
78605,1043.0,
21667,395.0,
70536,148.0,
37085,836.0,
55366,970.0,
85038,2702.0,
86125,570.0,
35067,1489.0,
25087,176.0,
60117,313.0,
52406,202.0,
2A014,68.0,
09239,141.0,
37122,37703.0,
67267,17450.0,
88266,928.0,
86089,402.0,
05058,205.0,
25281,268.0,
26352,239.0,
83098,11074.0,
48112,164.0,
02116,132.0,
21100,32.0,
67411,4973.0,
59514,4175.0,
22212,1116.0,
71453,250.0,
65452,1062.0,
82168,344.0,
59329,5073.0,
72274,199.0,
13107,5483.0,
11027,738.0,
38308,255.0,
51569,377.0,
76403,156.0,
74165,678.0,
21384,61.0,
79210,1054.0,
77492,699.0,
21400,50.0,
21398,348.0,
11133,37.0,
02410,256.0,
05038,339.0,
80332,414.0,
95002,1002.0,
35033,3234.0,
28296,271.0,
72152,476.0,
80244,195.0,
46117,682.0,
63215,613.0,
21182,95.0,
79092,356.0,
76509,1727.0,
69238,3566.0,
67398,348.0,
77089,985.0,
11414,28.0,
25088,94.0,
80183,260.0,
02671,319.0,
59207,4144.0,
14082,204.0,
08454,85.0,
33542,904.0,
60695,1397.0,
16024,508.0,
67343,4855.0,
27072,743.0,
51660,2255.0,
57237,301.0,
43232,359.0,
60379,636.0,
26019,237.0,
71014,13863.0,
07022,1049.0,
71461,62.0,
15079,369.0,
33213,4054.0,
31191,103.0,
50013,389.0,
22003,914.0,
82095,207.0,
84044,1141.0,
48191,90.0,
71424,206.0,
77338,613.0,
76356,111.0,
55192,48.0,
41008,728.0,
06019,1466.0,
68107,351.0,
14437,9636.0,
43119,841.0,
71470,327.0,
63073,415.0,
77325,363.0,
52523,70.0,
81035,180.0,
68218,3574.0,
81049,378.0,
54434,273.0,
23139,531.0,
39535,469.0,
12166,108.0,
2B334,128.0,
76250,1089.0,
57404,231.0,
17093,4005.0,
62616,173.0,
25196,1423.0,
01209,650.0,
07007,1038.0,
08358,238.0,
31398,79.0,
80729,179.0,
57016,411.0,
39247,68.0,
88046,118.0,
32266,158.0,
42115,1186.0,
45330,232.0,
74007,2353.0,
67378,4181.0,
87127,617.0,
09157,2524.0,
30016,305.0,
49224,988.0,
57211,946.0,
66233,174.0,
84034,4691.0,
01009,337.0,
18004,1025.0,
54159,9953.0,
15209,112.0,
38156,943.0,
78439,99.0,
43060,89.0,
02253,339.0,
59115,699.0,
22321,1706.0,
51277,259.0,
30067,431.0,
33244,352.0,
60656,247.0,
70128,419.0,
22039,576.0,
49054,2916.0,
79180,263.0,
70312,729.0,
06112,3989.0,
64344,426.0,
70323,195.0,
974411,142442.0,
76501,139.0,
53071,454.0,
27157,591.0,
48128,584.0,
95102,365.0,
05109,519.0,
60355,1110.0,
76057,11957.0,
64207,388.0,
31522,52.0,
70491,465.0,
08023,58.0,
03319,463.0,
02064,3861.0,
36087,325.0,
70195,283.0,
19016,313.0,
38260,497.0,
34262,210.0,
11292,159.0,
10420,2755.0,
2B347,318.0,
29254,4731.0,
60204,304.0,
21425,5394.0,
27342,210.0,
40255,466.0,
07002,547.0,
67361,494.0,
60189,937.0,
45076,250.0,
76526,162.0,
34112,171.0,
72315,835.0,
81088,517.0,
21651,218.0,
10405,44.0,
17154,699.0,
21696,87.0,
72335,1098.0,
26135,118.0,
10170,510.0,
54301,128.0,
18183,140.0,
73114,813.0,
30039,2204.0,
47109,289.0,
30090,258.0,
59233,385.0,
32095,588.0,
10019,399.0,
69054,322.0,
60530,218.0,
46313,400.0,
64068,2047.0,
77374,2067.0,
16291,7357.0,
63112,517.0,
61342,1489.0,
89013,3115.0,
88269,277.0,
10421,144.0,
17081,363.0,
45135,341.0,
54065,1080.0,
40148,89.0,
42245,358.0,
79086,1732.0,
52319,69.0,
63212,1225.0,
42288,720.0,
72201,257.0,
24416,181.0,
70071,74.0,
40105,442.0,
39427,59.0,
01263,3828.0,
71534,125.0,
2A040,439.0,
84019,13776.0,
01320,3651.0,
58102,1602.0,
08092,187.0,
15020,87.0,
31204,79.0,
88415,3848.0,
68361,331.0,
23057,589.0,
57313,142.0,
66038,4914.0,
16213,329.0,
63139,627.0,
48111,217.0,
01192,2312.0,
11421,494.0,
59089,1428.0,
03225,433.0,
03241,342.0,
44123,976.0,
68026,1235.0,
18034,326.0,
60387,1447.0,
58185,564.0,
51502,92.0,
61300,434.0,
52365,373.0,
55177,64.0,
57311,571.0,
67300,9233.0,
68024,188.0,
30223,3899.0,
43239,798.0,
03216,176.0,
23204,155.0,
02183,196.0,
83092,3689.0,
29165,3413.0,
84056,4778.0,
59065,866.0,
66130,1333.0,
27656,1304.0,
33128,628.0,
89478,950.0,
39207,91.0,
01040,470.0,
27431,582.0,
41156,508.0,
80722,511.0,
43215,207.0,
28401,450.0,
71515,99.0,
63015,242.0,
59464,2179.0,
76118,270.0,
31076,497.0,
10285,82.0,
74126,830.0,
29059,1028.0,
10054,131.0,
18018,2716.0,
61486,5052.0,
61028,508.0,
71331,94.0,
18284,226.0,
28334,1714.0,
62695,278.0,
50003,2799.0,
54559,296.0,
56136,774.0,
15051,222.0,
24260,894.0,
56230,470.0,
50044,307.0,
88518,25.0,
08242,481.0,
77468,23669.0,
87020,1657.0,
87084,149.0,
63002,67.0,
38266,416.0,
95011,414.0,
45124,164.0,
77093,425.0,
10396,501.0,
35177,4510.0,
19223,300.0,
61341,1079.0,
81081,1310.0,
31139,196.0,
88006,302.0,
17128,703.0,
40306,655.0,
25634,593.0,
78618,545.0,
68180,844.0,
46149,736.0,
91602,403.0,
24262,306.0,
32097,119.0,
39187,236.0,
14054,217.0,
54244,118.0,
32418,242.0,
57561,802.0,
50390,151.0,
28120,468.0,
16039,482.0,
64116,269.0,
70105,113.0,
54088,257.0,
08298,1631.0,
15143,110.0,
49030,1013.0,
79174,3656.0,
21094,366.0,
06013,636.0,
76400,2156.0,
78146,30809.0,
71317,203.0,
17229,246.0,
74002,2324.0,
79304,756.0,
18224,308.0,
90052,3141.0,
12189,369.0,
68300,5446.0,
15262,529.0,
14335,309.0,
10445,63.0,
14232,137.0,
38247,3280.0,
51549,109.0,
14496,57.0,
34304,897.0,
89308,190.0,
31511,263.0,
76456,789.0,
41158,2217.0,
22343,3627.0,
22176,6346.0,
02077,401.0,
44061,3118.0,
90033,5818.0,
71297,769.0,
44085,949.0,
46302,137.0,
70237,99.0,
64428,149.0,
02192,385.0,
14124,628.0,
18030,1116.0,
31449,132.0,
32191,132.0,
16389,86.0,
03053,1064.0,
80318,3205.0,
82160,273.0,
53116,767.0,
68098,624.0,
10129,298.0,
37282,1447.0,
78516,900.0,
18075,1071.0,
59316,3480.0,
50278,267.0,
77327,8445.0,
28040,313.0,
50578,97.0,
02750,606.0,
38386,2390.0,
31233,1004.0,
50299,211.0,
51339,554.0,
16352,206.0,
50592,1432.0,
60566,198.0,
32174,224.0,
62048,10863.0,
56234,2116.0,
43094,82.0,
54350,671.0,
10156,676.0,
44096,4623.0,
09334,543.0,
77347,856.0,
27278,1863.0,
27609,320.0,
15260,111.0,
67187,468.0,
80583,270.0,
82126,1342.0,
72111,521.0,
74299,2355.0,
60625,535.0,
72299,2345.0,
50239,1139.0,
01011,394.0,
37030,800.0,
12153,396.0,
02319,515.0,
02327,177.0,
08272,56.0,
76076,244.0,
31014,58.0,
02162,289.0,
38549,26.0,
60409,2128.0,
80229,333.0,
68075,872.0,
85285,729.0,
76658,622.0,
70521,168.0,
77401,698.0,
73314,258.0,
69002,249.0,
59670,1356.0,
80695,477.0,
48086,229.0,
54233,34.0,
01396,1036.0,
14261,342.0,
72127,1962.0,
84013,245.0,
70485,230.0,
34340,1453.0,
73064,5140.0,
63434,530.0,
08416,142.0,
82185,236.0,
07065,263.0,
43247,72.0,
78015,12249.0,
34176,2540.0,
62094,389.0,
51060,181.0,
39315,416.0,
31090,391.0,
67298,538.0,
67257,731.0,
10335,235.0,
35185,262.0,
62588,2148.0,
03086,323.0,
25053,99.0,
62742,266.0,
26301,3926.0,
81098,639.0,
63400,1085.0,
39330,156.0,
32194,215.0,
33192,24439.0,
44063,3532.0,
54250,704.0,
67280,818.0,
54461,68.0,
46220,754.0,
21316,329.0,
62622,198.0,
31066,3625.0,
14327,21393.0,
59039,883.0,
67258,205.0,
26306,291.0,
39258,434.0,
89083,1805.0,
77263,241.0,
67346,535.0,
62814,128.0,
2B016,430.0,
12174,3280.0,
32072,43.0,
71549,201.0,
57449,529.0,
11361,756.0,
48016,535.0,
47017,382.0,
67140,729.0,
81313,228.0,
48089,458.0,
58298,387.0,
71355,266.0,
78506,811.0,
60225,788.0,
37173,792.0,
57656,352.0,
74211,2807.0,
10209,1905.0,
92073,48066.0,
30037,3024.0,
27269,206.0,
70175,143.0,
38221,160.0,
34027,1651.0,
23198,144.0,
03064,181.0,
54190,112.0,
21194,896.0,
51217,2886.0,
29117,5378.0,
54508,258.0,
30095,545.0,
38235,389.0,
31306,90.0,
71230,7367.0,
63392,544.0,
57201,764.0,
64337,143.0,
60559,797.0,
43267,1440.0,
28216,204.0,
33457,562.0,
42218,172023.0,
74004,383.0,
50277,624.0,
66053,3057.0,
65116,294.0,
46212,72.0,
85067,983.0,
2B036,79.0,
01268,250.0,
89019,167.0,
63364,650.0,
25004,1047.0,
88370,58.0,
71538,437.0,
80550,147.0,
58293,422.0,
53273,1086.0,
61273,56.0,
46181,99.0,
21404,446.0,
76050,1025.0,
28421,296.0,
55521,258.0,
05161,960.0,
62452,1331.0,
40324,266.0,
88521,282.0,
28373,3121.0,
31373,180.0,
22327,1543.0,
51532,536.0,
43234,1801.0,
15178,132.0,
55520,425.0,
68273,714.0,
26092,619.0,
02340,5351.0,
02157,768.0,
02442,89.0,
07191,2331.0,
51487,337.0,
01014,3410.0,
33362,1310.0,
30051,1399.0,
88030,132.0,
03272,280.0,
41006,428.0,
57544,626.0,
18148,2537.0,
19114,160.0,
39494,326.0,
08104,41.0,
57753,63.0,
39020,94.0,
85214,1874.0,
57264,404.0,
02416,444.0,
71303,462.0,
41196,94.0,
24105,139.0,
45160,668.0,
80443,1668.0,
19190,199.0,
63153,92.0,
72214,12.0,
89302,217.0,
55268,704.0,
31067,41.0,
62242,103.0,
51256,343.0,
79334,893.0,
26256,105.0,
31281,1355.0,
89168,181.0,
86248,551.0,
25325,231.0,
87123,142.0,
07037,164.0,
972234,1568.0,
04127,365.0,
60166,919.0,
02334,3011.0,
60244,132.0,
54035,392.0,
82028,728.0,
10143,199.0,
03196,218.0,
60477,1365.0,
03185,37839.0,
33461,391.0,
74305,8351.0,
03155,1963.0,
54468,126.0,
80707,89.0,
09256,68.0,
31042,2533.0,
74154,2366.0,
11384,120.0,
49301,7203.0,
36008,225.0,
57422,873.0,
86068,1174.0,
33009,10476.0,
76520,666.0,
31490,5637.0,
80559,166.0,
74288,3835.0,
33427,248.0,
38414,42.0,
31503,937.0,
23187,212.0,
61457,519.0,
07218,323.0,
30108,168.0,
58278,1586.0,
73289,441.0,
77344,2125.0,
38050,616.0,
76281,2070.0,
60550,223.0,
26328,55.0,
11132,1288.0,
78291,2135.0,
16223,2141.0,
64439,1620.0,
34180,1372.0,
29284,2430.0,
26041,1381.0,
40297,203.0,
39054,76.0,
79326,1411.0,
10264,112.0,
65416,78.0,
64421,1279.0,
23182,184.0,
34139,1429.0,
35002,1616.0,
62367,843.0,
94054,22377.0,
25368,1208.0,
12219,371.0,
03042,550.0,
65443,17.0,
01288,2437.0,
63256,139.0,
22363,1360.0,
62246,175.0,
67201,331.0,
85098,1822.0,
64177,604.0,
68078,1743.0,
01402,675.0,
28108,248.0,
63226,1910.0,
11218,76.0,
57382,573.0,
24042,626.0,
15083,1976.0,
60131,116.0,
07265,1419.0,
40274,1356.0,
04050,26.0,
88390,114.0,
08205,77.0,
19051,162.0,
70401,130.0,
17274,7811.0,
38039,3029.0,
76721,313.0,
03292,919.0,
76407,268.0,
29091,2254.0,
28160,790.0,
70162,487.0,
80697,28.0,
25474,109.0,
51286,247.0,
17381,225.0,
25186,979.0,
79302,1423.0,
69252,712.0,
55395,54.0,
78391,393.0,
70232,135.0,
67476,689.0,
88198,576.0,
11344,759.0,
42326,828.0,
67074,704.0,
2A132,134.0,
56212,2404.0,
10180,85.0,
03043,1207.0,
85021,1757.0,
14293,279.0,
79130,2946.0,
34277,169.0,
10313,420.0,
62409,198.0,
50172,367.0,
24575,223.0,
33087,422.0,
61082,99.0,
79022,200.0,
68203,1288.0,
09132,206.0,
52550,2891.0,
14341,11500.0,
18264,75.0,
57627,306.0,
47171,416.0,
17351,1943.0,
02270,153.0,
31417,8252.0,
23030,2732.0,
76582,269.0,
52401,401.0,
26033,847.0,
93048,104139.0,
21578,264.0,
07297,497.0,
07151,271.0,
50523,1630.0,
90062,320.0,
59259,518.0,
71124,206.0,
16018,735.0,
91319,620.0,
80691,403.0,
35017,640.0,
38304,1482.0,
2B265,383.0,
68151,991.0,
29232,63532.0,
18161,252.0,
51590,399.0,
03304,2226.0,
77114,3964.0,
14005,679.0,
32079,1047.0,
71082,219.0,
66211,163.0,
60603,883.0,
80288,346.0,
19120,223.0,
65127,1293.0,
02128,1558.0,
59113,1322.0,
33281,68386.0,
59117,929.0,
44149,3746.0,
54145,909.0,
58028,125.0,
32075,226.0,
63428,299.0,
88500,883.0,
61408,354.0,
35030,629.0,
03204,644.0,
71081,2395.0,
58152,1422.0,
89223,747.0,
89229,440.0,
30304,181.0,
72115,960.0,
38268,240.0,
44041,5241.0,
64235,309.0,
62510,31517.0,
52547,212.0,
62265,1158.0,
80746,1057.0,
01239,646.0,
91689,7143.0,
21106,804.0,
08283,124.0,
68268,659.0,
76644,789.0,
47033,414.0,
53091,523.0,
80287,243.0,
70222,87.0,
17275,772.0,
51082,92.0,
62341,457.0,
01397,1059.0,
67104,877.0,
30309,279.0,
02723,96.0,
21292,5480.0,
52172,276.0,
40021,700.0,
38412,4531.0,
59544,11108.0,
57262,578.0,
65117,42.0,
19089,173.0,
02579,123.0,
59098,4773.0,
62764,4634.0,
05162,1392.0,
44036,11866.0,
14204,189.0,
81030,115.0,
03022,1017.0,
60194,250.0,
95369,2913.0,
57653,33.0,
57446,43.0,
76719,926.0,
11105,649.0,
25390,398.0,
07008,1430.0,
08255,257.0,
76085,355.0,
64461,1203.0,
84151,210.0,
24184,142.0,
14132,208.0,
64355,128.0,
60366,364.0,
76255,7189.0,
39577,317.0,
16390,227.0,
39120,139.0,
68126,3337.0,
74235,452.0,
2A345,511.0,
26113,4455.0,
77316,6777.0,
84003,12325.0,
61229,132.0,
28074,302.0,
63456,313.0,
76575,28738.0,
94042,18124.0,
28185,1269.0,
31245,204.0,
64268,259.0,
10193,329.0,
72066,469.0,
65186,46.0,
70009,101.0,
85198,1314.0,
52364,107.0,
01088,915.0,
21250,87.0,
2A028,132.0,
56188,1424.0,
25182,81.0,
03098,4308.0,
34087,2962.0,
71036,71.0,
32380,141.0,
37276,1391.0,
25317,206.0,
83062,25298.0,
69112,5289.0,
34268,657.0,
31012,94.0,
27635,142.0,
16076,945.0,
86261,2016.0,
15018,153.0,
07122,1532.0,
59356,2305.0,
38297,1152.0,
08110,165.0,
27151,1840.0,
64270,933.0,
04149,2809.0,
88372,6422.0,
38140,8212.0,
88273,457.0,
24514,274.0,
2B164,32.0,
16420,262.0,
29011,3528.0,
63262,2650.0,
43095,135.0,
36186,239.0,
67347,1720.0,
78320,424.0,
40261,2461.0,
50321,523.0,
71002,1182.0,
10119,191.0,
64492,276.0,
48144,332.0,
04104,341.0,
44162,43784.0,
88095,1715.0,
74109,844.0,
34194,3794.0,
14096,216.0,
64329,1266.0,
57330,1257.0,
86109,241.0,
12186,206.0,
63058,536.0,
06022,485.0,
34135,3175.0,
55516,601.0,
85251,666.0,
18195,189.0,
31479,43.0,
47281,223.0,
77240,2157.0,
71327,347.0,
25607,58.0,
03104,1224.0,
21043,248.0,
25481,326.0,
21312,36.0,
89291,341.0,
87165,114.0,
60107,2957.0,
46286,189.0,
55155,432.0,
66088,5405.0,
76395,581.0,
74029,430.0,
59141,592.0,
86172,172.0,
45122,1312.0,
22381,367.0,
66221,41.0,
38026,951.0,
91226,6492.0,
57393,238.0,
23213,196.0,
32022,149.0,
22092,289.0,
54168,255.0,
76717,705.0,
59234,5858.0,
24053,6851.0,
08187,324.0,
02358,380.0,
89380,404.0,
28335,935.0,
19119,128.0,
22305,477.0,
17036,753.0,
88320,857.0,
46079,95.0,
73116,556.0,
61024,657.0,
33535,4325.0,
37259,453.0,
50111,1037.0,
64249,1281.0,
64480,192.0,
74112,4118.0,
51125,51.0,
10035,793.0,
39052,77.0,
34107,343.0,
36111,189.0,
27008,1468.0,
73182,2239.0,
42001,401.0,
89252,174.0,
32242,1534.0,
66100,168.0,
87076,258.0,
30331,1756.0,
42141,558.0,
02636,206.0,
73039,572.0,
60328,296.0,
54564,156.0,
45306,830.0,
21711,110.0,
63207,838.0,
38173,248.0,
09233,43.0,
43076,141.0,
14713,412.0,
16236,2493.0,
81298,488.0,
88435,518.0,
08199,850.0,
41276,2529.0,
27238,1206.0,
08469,519.0,
07237,748.0,
48079,105.0,
37161,742.0,
45339,479.0,
68228,474.0,
76408,1024.0,
63035,1142.0,
62706,2555.0,
41213,120.0,
36170,119.0,
10115,1741.0,
31185,131.0,
84078,3745.0,
27134,234.0,
14694,478.0,
46319,164.0,
38334,1390.0,
63296,691.0,
72129,823.0,
45078,274.0,
25320,1161.0,
21319,811.0,
60546,141.0,
11328,252.0,
54349,179.0,
28210,218.0,
02125,219.0,
68340,374.0,
30154,400.0,
50288,1290.0,
54561,57.0,
31164,199.0,
63012,845.0,
57246,227.0,
49299,2609.0,
30356,2947.0,
06021,727.0,
02083,719.0,
10072,40.0,
47194,327.0,
30287,613.0,
21041,169.0,
71199,176.0,
40097,436.0,
80063,1020.0,
02122,57.0,
39573,768.0,
42154,474.0,
22139,90.0,
25472,37.0,
48194,447.0,
34339,155.0,
07275,117.0,
14055,427.0,
58107,176.0,
46232,634.0,
68196,297.0,
38129,357.0,
56033,2721.0,
78125,860.0,
12209,760.0,
03091,479.0,
80324,151.0,
25513,34.0,
62590,58.0,
69240,666.0,
22375,659.0,
88485,136.0,
18256,342.0,
24562,285.0,
68140,1208.0,
34188,145.0,
14223,93.0,
82129,117.0,
77182,4770.0,
82119,666.0,
03263,193.0,
46036,134.0,
67072,673.0,
32404,588.0,
16233,460.0,
09054,319.0,
21527,289.0,
31200,71.0,
76181,161.0,
64324,1751.0,
55174,67.0,
84014,1120.0,
2B159,100.0,
66039,148.0,
87086,1085.0,
27590,223.0,
36083,121.0,
02207,208.0,
27454,472.0,
57683,6315.0,
46226,222.0,
11407,273.0,
59479,3054.0,
45189,288.0,
30035,249.0,
44186,6074.0,
66032,65.0,
43138,399.0,
55024,163.0,
51525,2084.0,
72196,681.0,
29272,2939.0,
80143,101.0,
45278,1104.0,
43140,604.0,
76653,355.0,
56205,879.0,
88307,102.0,
63118,450.0,
39070,89.0,
27442,221.0,
73226,1621.0,
02798,1103.0,
67060,561.0,
27464,832.0,
61275,886.0,
14116,114.0,
42208,1838.0,
91377,45902.0,
29172,2148.0,
2B318,565.0,
18190,941.0,
70051,45.0,
76052,187.0,
51158,568.0,
11392,281.0,
57202,1141.0,
32320,142.0,
16393,2021.0,
37071,128.0,
45321,742.0,
33443,141.0,
69275,26826.0,
32012,1128.0,
54136,2375.0,
01017,422.0,
14732,336.0,
76338,215.0,
61032,359.0,
76208,641.0,
45331,589.0,
79259,1321.0,
40030,48.0,
38377,3324.0,
33114,1829.0,
53246,1946.0,
29228,729.0,
89048,339.0,
10295,331.0,
85018,3942.0,
42252,242.0,
70295,196.0,
974416,81415.0,
24076,395.0,
59068,3122.0,
39169,584.0,
41160,317.0,
58027,124.0,
80084,231.0,
71003,814.0,
48147,648.0,
95250,9591.0,
18206,1547.0,
72272,319.0,
80486,639.0,
67295,658.0,
04139,484.0,
26282,213.0,
80563,92.0,
46192,287.0,
45009,1166.0,
57763,38.0,
37176,1129.0,
21178,122.0,
74019,2645.0,
60279,217.0,
55285,146.0,
39460,191.0,
49269,2584.0,
10103,149.0,
32377,176.0,
59495,2377.0,
43258,1846.0,
66210,7347.0,
73057,526.0,
88028,661.0,
31050,534.0,
47034,604.0,
18083,770.0,
59217,328.0,
77225,326.0,
78162,539.0,
40129,864.0,
57348,723.0,
19075,349.0,
32225,109.0,
32189,107.0,
16050,262.0,
80775,650.0,
14390,194.0,
47055,499.0,
21672,23.0,
40047,310.0,
50604,730.0,
10077,96.0,
57439,425.0,
80052,199.0,
35052,476.0,
29098,2080.0,
60295,454.0,
57633,1293.0,
63437,132.0,
51300,107.0,
81175,359.0,
72048,549.0,
63340,276.0,
25558,993.0,
22002,1114.0,
17369,2405.0,
67115,2299.0,
53270,137.0,
28176,673.0,
17311,1302.0,
83059,2697.0,
54412,30.0,
07235,223.0,
68335,430.0,
16194,98.0,
22098,1372.0,
73309,298.0,
87176,667.0,
11012,2028.0,
66125,388.0,
07307,445.0,
51055,6481.0,
42077,316.0,
77118,11599.0,
23200,182.0,
95270,546.0,
38530,2393.0,
76545,1935.0,
53057,513.0,
78472,338.0,
28251,1058.0,
51391,2164.0,
72001,1618.0,
02103,1277.0,
74279,728.0,
48063,214.0,
26108,8181.0,
61006,13903.0,
59474,1020.0,
42083,476.0,
30135,3585.0,
77424,290.0,
67522,550.0,
35226,1773.0,
48153,97.0,
64230,5535.0,
48110,100.0,
62535,170.0,
50476,217.0,
80411,510.0,
28105,546.0,
28329,148.0,
86131,839.0,
12037,619.0,
57472,147.0,
21483,275.0,
77509,604.0,
80810,116.0,
04046,722.0,
73202,424.0,
59205,9214.0,
59623,692.0,
40252,674.0,
31419,171.0,
67344,327.0,
05086,104.0,
64180,188.0,
59219,702.0,
85123,264.0,
32138,145.0,
59637,1267.0,
03254,4971.0,
88118,739.0,
72128,353.0,
80245,281.0,
03105,344.0,
65118,26.0,
26215,403.0,
83080,868.0,
77029,197.0,
71281,334.0,
17437,103.0,
64509,158.0,
74062,1210.0,
24224,694.0,
31290,42.0,
25306,99.0,
57692,92.0,
17117,123.0,
64534,191.0,
70028,161.0,
54066,318.0,
88179,45.0,
71433,497.0,
30073,1572.0,
30218,226.0,
94065,5621.0,
21433,378.0,
11309,58.0,
50121,227.0,
02109,496.0,
58282,396.0,
45040,1993.0,
63033,272.0,
67478,2008.0,
2A331,71.0,
85090,2623.0,
48073,110.0,
85207,381.0,
34010,2923.0,
16354,109.0,
59573,133.0,
71438,549.0,
39237,48.0,
31318,206.0,
38136,480.0,
24179,742.0,
73128,4298.0,
50208,155.0,
06009,107.0,
18200,332.0,
25526,1534.0,
77018,7368.0,
64374,1051.0,
79285,1606.0,
88258,983.0,
79058,713.0,
46082,358.0,
57615,1010.0,
13048,4267.0,
79001,979.0,
71279,451.0,
26191,2235.0,
52171,227.0,
27417,619.0,
16208,410.0,
71305,806.0,
18036,531.0,
89259,105.0,
89456,657.0,
54015,259.0,
40182,853.0,
95094,325.0,
73160,837.0,
04022,446.0,
42131,342.0,
85247,1010.0,
57680,1286.0,
30036,3264.0,
27472,270.0,
24555,652.0,
67196,2575.0,
94048,4806.0,
23017,170.0,
51098,140.0,
70151,36.0,
29100,435.0,
62603,935.0,
74254,597.0,
61180,110.0,
40221,361.0,
34118,513.0,
80737,168.0,
33489,388.0,
10346,57.0,
33350,1189.0,
27005,1161.0,
33204,505.0,
45208,14326.0,
47031,5486.0,
44182,4535.0,
70371,199.0,
33478,3096.0,
30235,841.0,
64201,211.0,
60473,286.0,
61497,1543.0,
12128,244.0,
16261,441.0,
08413,256.0,
88147,438.0,
01367,747.0,
21442,689.0,
02754,169.0,
28046,516.0,
08075,148.0,
73054,7174.0,
65479,327.0,
25214,501.0,
31433,9510.0,
72021,587.0,
25235,318.0,
02097,259.0,
80002,278.0,
39456,346.0,
38015,1778.0,
59164,256.0,
50482,207.0,
09284,178.0,
25622,251.0,
51360,271.0,
01338,819.0,
02105,201.0,
70467,3269.0,
03024,256.0,
54239,125.0,
88480,171.0,
36224,1187.0,
56182,999.0,
67246,1178.0,
79150,855.0,
12039,293.0,
08098,61.0,
70187,238.0,
31436,381.0,
53126,1059.0,
88455,125.0,
27049,546.0,
26043,156.0,
24302,306.0,
47046,601.0,
83012,3060.0,
42064,785.0,
28406,368.0,
54312,499.0,
37002,1853.0,
69034,42581.0,
60109,276.0,
27659,112.0,
33173,204.0,
50342,800.0,
07202,135.0,
67544,7757.0,
30242,172.0,
19060,639.0,
38330,103.0,
54471,74.0,
64457,204.0,
37202,506.0,
39132,37.0,
40065,8396.0,
05017,2449.0,
09339,761.0,
77532,70.0,
62739,321.0,
36016,1019.0,
22260,551.0,
61029,912.0,
44113,3956.0,
01274,636.0,
35139,4951.0,
21533,93.0,
35154,1669.0,
12228,302.0,
60401,814.0,
18207,6629.0,
31110,636.0,
38012,2782.0,
17186,785.0,
38169,22066.0,
77211,1015.0,
42151,405.0,
35247,1026.0,
86154,217.0,
29276,1234.0,
32442,388.0,
03201,351.0,
36042,687.0,
28417,1353.0,
71212,1380.0,
68150,480.0,
21701,134.0,
55323,63.0,
07204,2528.0,
16143,663.0,
2B320,319.0,
08239,1196.0,
62563,7743.0,
39336,118.0,
30059,2370.0,
89039,77.0,
80763,385.0,
48050,204.0,
73067,1133.0,
67452,1463.0,
34272,2962.0,
08088,134.0,
59107,4658.0,
81075,489.0,
29176,1795.0,
46218,177.0,
79207,653.0,
59336,1363.0,
09084,94.0,
57263,684.0,
64437,201.0,
62614,522.0,
58221,158.0,
11061,302.0,
29201,1941.0,
49069,2413.0,
05168,652.0,
62196,647.0,
62439,360.0,
53180,692.0,
15057,203.0,
08318,353.0,
57572,2147.0,
10146,86.0,
54087,134.0,
03195,2606.0,
74197,1608.0,
44217,5628.0,
33047,1792.0,
21125,253.0,
47051,2374.0,
40098,373.0,
2B230,115.0,
02744,88.0,
88126,1541.0,
28084,716.0,
14610,1843.0,
27673,195.0,
57492,481.0,
67422,605.0,
09212,81.0,
14282,206.0,
10032,328.0,
57354,118.0,
50574,264.0,
78415,529.0,
45310,1561.0,
46296,459.0,
44026,18646.0,
10435,178.0,
06018,10015.0,
55553,1293.0,
17209,252.0,
34078,1418.0,
32099,84.0,
76001,1172.0,
44195,8100.0,
09072,27.0,
31576,300.0,
33508,620.0,
81263,405.0,
17385,6637.0,
34254,1151.0,
60029,2803.0,
22317,261.0,
18064,213.0,
85117,599.0,
14535,585.0,
02421,81.0,
27436,403.0,
27530,89.0,
85294,2774.0,
14077,692.0,
88260,174.0,
55453,59.0,
39100,88.0,
27426,1187.0,
80306,149.0,
35238,211373.0,
04068,812.0,
73299,297.0,
76543,628.0,
74114,489.0,
82019,702.0,
25635,186.0,
24466,351.0,
59138,674.0,
18270,722.0,
39104,618.0,
2A312,460.0,
62584,1376.0,
66108,4077.0,
89268,818.0,
88250,442.0,
27582,1570.0,
21637,217.0,
54516,11.0,
80665,129.0,
52517,125.0,
71022,658.0,
52308,431.0,
70293,88.0,
73151,2493.0,
77473,455.0,
70470,171.0,
32199,210.0,
50235,239.0,
17068,231.0,
55258,612.0,
79349,159.0,
14230,110.0,
95303,200.0,
23041,268.0,
57142,420.0,
58229,286.0,
12305,1320.0,
60537,3851.0,
66179,1173.0,
41012,251.0,
77413,3552.0,
80246,344.0,
41151,3319.0,
06047,98.0,
18205,9295.0,
78030,1966.0,
62311,2069.0,
14516,1954.0,
76283,239.0,
55505,3040.0,
69105,923.0,
43211,2510.0,
21207,79.0,
35131,4042.0,
17339,1256.0,
61010,106.0,
26262,267.0,
64382,332.0,
32360,146.0,
54032,176.0,
67426,358.0,
76113,363.0,
21435,299.0,
82084,185.0,
94017,75961.0,
39146,653.0,
15172,115.0,
32064,441.0,
19123,7522.0,
08070,338.0,
71174,192.0,
66158,172.0,
38329,61.0,
19108,73.0,
32144,83.0,
67345,3419.0,
52206,167.0,
47308,212.0,
74175,326.0,
12092,546.0,
50046,419.0,
34129,15748.0,
11287,84.0,
01066,72.0,
76026,2776.0,
46172,458.0,
55584,119.0,
79265,1252.0,
65060,52.0,
49218,1294.0,
09057,310.0,
65322,241.0,
2B051,89.0,
91079,573.0,
10220,1523.0,
78314,4359.0,
32092,110.0,
56218,760.0,
14037,383.0,
76473,741.0,
39547,707.0,
27191,1078.0,
07074,126.0,
02664,113.0,
08437,172.0,
02817,65.0,
57192,1272.0,
55288,1476.0,
62499,271.0,
2B233,146.0,
24206,134.0,
18007,71.0,
07223,132.0,
57033,547.0,
16360,450.0,
38124,2218.0,
67302,2096.0,
61440,899.0,
73189,219.0,
57607,728.0,
67517,707.0,
51564,288.0,
61361,196.0,
11021,612.0,
35111,708.0,
68312,345.0,
51119,512.0,
78674,9975.0,
42319,690.0,
71021,288.0,
28267,494.0,
01210,231.0,
42266,661.0,
85099,976.0,
80278,179.0,
62828,60.0,
66118,320.0,
51363,245.0,
60332,662.0,
74168,763.0,
48165,187.0,
23130,564.0,
85145,957.0,
57761,271.0,
15257,147.0,
59377,1857.0,
57663,7660.0,
02690,84.0,
85179,987.0,
65397,164.0,
78575,7725.0,
79253,722.0,
76232,628.0,
22114,819.0,
11226,73.0,
61317,150.0,
70545,163.0,
37153,4206.0,
76624,3616.0,
31500,567.0,
17330,1270.0,
28230,347.0,
57305,461.0,
30098,365.0,
33085,2779.0,
27196,1297.0,
03289,566.0,
27693,1207.0,
54363,266.0,
10007,111.0,
11188,1620.0,
58143,156.0,
70211,81.0,
26155,1207.0,
11187,50.0,
10074,489.0,
31051,354.0,
27101,431.0,
37189,1029.0,
80760,397.0,
88459,50.0,
69289,4615.0,
89338,2793.0,
33113,166.0,
11386,466.0,
51109,192.0,
57346,618.0,
29093,1434.0,
11129,2002.0,
48150,190.0,
81121,295.0,
71111,327.0,
61088,46.0,
58029,92.0,
84085,411.0,
61030,260.0,
55140,13.0,
60226,418.0,
93007,52797.0,
52347,253.0,
60622,436.0,
60589,3099.0,
21457,79.0,
28289,243.0,
95040,808.0,
21539,75.0,
52526,94.0,
82056,169.0,
45322,177.0,
02731,167.0,
26340,282.0,
46250,71.0,
57338,559.0,
52087,202.0,
29030,3833.0,
81069,940.0,
35221,2692.0,
57258,139.0,
46055,1085.0,
88432,165.0,
51100,92.0,
18079,476.0,
17043,792.0,
14385,159.0,
25548,162.0,
60605,336.0,
38254,503.0,
80030,198.0,
65191,143.0,
19226,130.0,
17396,1654.0,
34178,2979.0,
67205,4382.0,
16250,228.0,
79316,468.0,
16093,1525.0,
70437,24.0,
64073,245.0,
85303,1793.0,
06149,10232.0,
54367,2242.0,
25007,105.0,
77244,760.0,
33090,5215.0,
79335,796.0,
86144,316.0,
82177,171.0,
33080,5759.0,
02589,247.0,
77315,3403.0,
82191,327.0,
14719,596.0,
62290,391.0,
21373,730.0,
39470,3137.0,
60545,575.0,
91333,4176.0,
62293,254.0,
87072,516.0,
2A041,2961.0,
02346,676.0,
47027,3117.0,
58280,658.0,
54322,5459.0,
39458,256.0,
78003,3250.0,
07303,248.0,
16183,182.0,
95183,6610.0,
76097,105.0,
77392,706.0,
32210,533.0,
80354,192.0,
73311,88.0,
62774,4740.0,
55341,135.0,
22288,380.0,
81087,340.0,
39021,159.0,
77207,159.0,
70311,7026.0,
02542,97.0,
58124,766.0,
89434,354.0,
15002,209.0,
21600,121.0,
21030,103.0,
52053,76.0,
26192,298.0,
24394,138.0,
14360,191.0,
27555,244.0,
22215,11569.0,
74082,3884.0,
33446,195.0,
66171,10716.0,
11101,49.0,
67266,666.0,
03006,665.0,
64327,176.0,
27108,1270.0,
76177,290.0,
27516,862.0,
16066,507.0,
10117,146.0,
64488,439.0,
41146,971.0,
95141,27.0,
67414,1575.0,
59305,1580.0,
57267,861.0,
84070,1633.0,
78615,1095.0,
51439,433.0,
16200,468.0,
76180,192.0,
86029,805.0,
54064,345.0,
70496,33.0,
45273,2931.0,
50054,189.0,
24422,111.0,
58059,5050.0,
49163,1839.0,
32117,843.0,
62332,486.0,
80195,157.0,
85288,7263.0,
89420,915.0,
43007,604.0,
52426,119.0,
85301,1589.0,
59122,32852.0,
30325,1626.0,
44125,2178.0,
45311,688.0,
21426,227.0,
05098,532.0,
70238,133.0,
59550,2974.0,
57693,906.0,
22296,607.0,
56055,1994.0,
60149,1887.0,
14310,746.0,
34058,5935.0,
17411,1382.0,
2B005,30.0,
14379,370.0,
26186,64.0,
54020,446.0,
22128,422.0,
08289,617.0,
83146,1667.0,
51281,662.0,
16396,129.0,
78361,45052.0,
50532,4018.0,
64294,149.0,
33119,22882.0,
35347,2547.0,
60686,2338.0,
48116,292.0,
28128,429.0,
02462,268.0,
03261,205.0,
43142,616.0,
08016,206.0,
70320,115.0,
72228,2151.0,
35211,1637.0,
17253,1295.0,
12065,526.0,
70287,51.0,
62072,254.0,
39006,422.0,
14627,447.0,
38453,1751.0,
74191,2882.0,
16269,910.0,
67461,336.0,
16338,314.0,
63423,605.0,
30121,223.0,
54355,95.0,
53094,2231.0,
46338,94.0,
31378,76.0,
51040,258.0,
36228,2575.0,
01236,998.0,
35041,850.0,
66225,1545.0,
59547,893.0,
73303,7019.0,
84123,1359.0,
89115,169.0,
68138,2202.0,
89290,54.0,
72348,144.0,
38120,701.0,
16110,415.0,
31263,2648.0,
02826,416.0,
22264,1006.0,
80533,2867.0,
22067,2482.0,
45275,500.0,
03023,8565.0,
72376,673.0,
54135,1431.0,
61435,263.0,
44199,1983.0,
33355,1583.0,
39043,1071.0,
23112,784.0,
68232,514.0,
33366,10495.0,
87104,481.0,
46318,213.0,
26185,508.0,
86083,1123.0,
04101,115.0,
77013,379.0,
25382,522.0,
12045,425.0,
28080,257.0,
47078,1300.0,
60422,194.0,
19253,226.0,
50596,296.0,
70053,78.0,
70274,35.0,
10005,275.0,
65455,457.0,
21710,1075.0,
28182,333.0,
28096,1055.0,
30260,944.0,
14047,13888.0,
77112,221.0,
45087,3145.0,
54396,231.0,
28081,312.0,
68002,374.0,
71565,582.0,
14700,608.0,
63269,803.0,
80607,234.0,
42075,1223.0,
59408,1446.0,
89398,356.0,
56109,1038.0,
08391,1019.0,
16414,351.0,
16238,103.0,
06040,46.0,
08094,64.0,
2B280,121.0,
76036,731.0,
87041,2050.0,
89479,298.0,
78367,3542.0,
77291,844.0,
82103,116.0,
62051,4642.0,
95008,939.0,
59600,788.0,
57445,684.0,
44204,8750.0,
81073,171.0,
55540,45.0,
29252,1006.0,
72313,228.0,
31133,91.0,
21473,1342.0,
58286,596.0,
02022,408.0,
25124,274.0,
51212,152.0,
64016,321.0,
31441,142.0,
50015,651.0,
26129,1072.0,
77425,787.0,
24418,929.0,
04230,3244.0,
02490,133.0,
88156,148.0,
59035,2494.0,
11112,100.0,
57443,5814.0,
28022,1181.0,
55111,462.0,
19002,386.0,
83048,3612.0,
84138,9519.0,
63130,276.0,
51456,60.0,
26131,132.0,
02304,2915.0,
09015,732.0,
54302,764.0,
17337,3529.0,
51134,235.0,
80390,379.0,
26121,1049.0,
81029,189.0,
42204,1583.0,
05129,140.0,
14195,211.0,
23109,167.0,
56036,6747.0,
02480,300.0,
16289,259.0,
46247,161.0,
45019,715.0,
88275,217.0,
45257,497.0,
60305,270.0,
35270,375.0,
31473,419.0,
62233,1127.0,
69234,1444.0,
37156,10787.0,
89092,247.0,
33525,1308.0,
39499,180.0,
03294,152.0,
12109,106.0,
95298,552.0,
55089,85.0,
91244,1280.0,
09231,171.0,
70338,241.0,
08419,1350.0,
11029,68.0,
21209,1839.0,
34169,3489.0,
88342,176.0,
88200,55.0,
76535,478.0,
14064,253.0,
11358,31.0,
73087,5919.0,
67545,511.0,
73327,426.0,
02391,224.0,
38172,1313.0,
64142,811.0,
71155,560.0,
21114,166.0,
11391,20.0,
13047,42937.0,
22244,507.0,
28303,102.0,
77340,602.0,
54183,86.0,
24272,454.0,
13113,8347.0,
88091,408.0,
51629,876.0,
68252,1564.0,
15232,241.0,
61133,774.0,
67520,5614.0,
36021,900.0,
77104,622.0,
07300,429.0,
14111,360.0,
50085,1177.0,
71198,350.0,
57209,5439.0,
50571,27.0,
12054,376.0,
38049,260.0,
85055,928.0,
77332,278.0,
10378,73.0,
08363,6783.0,
58259,182.0,
59492,602.0,
72221,386.0,
11185,558.0,
62328,925.0,
44143,39568.0,
30353,55.0,
23141,680.0,
16011,591.0,
18040,368.0,
07123,178.0,
69176,4198.0,
33252,706.0,
25476,127.0,
77044,860.0,
80569,284.0,
21432,285.0,
04006,645.0,
79220,629.0,
62837,513.0,
12160,301.0,
03282,377.0,
10184,127.0,
62021,383.0,
71308,33.0,
42183,7889.0,
63238,221.0,
64309,196.0,
25208,158.0,
50031,2228.0,
71469,343.0,
02795,1724.0,
63080,1324.0,
33377,79.0,
71129,288.0,
50291,135.0,
70304,137.0,
35228,6399.0,
09078,82.0,
65173,190.0,
60551,305.0,
34307,2627.0,
54202,368.0,
68165,236.0,
68253,1796.0,
70374,112.0,
80450,106.0,
02012,68.0,
34325,1550.0,
70075,198.0,
08216,285.0,
61153,1324.0,
01180,780.0,
24096,711.0,
16363,505.0,
19011,1156.0,
43191,251.0,
59062,161.0,
03260,235.0,
2B260,154.0,
79351,1754.0,
81275,185.0,
04045,1218.0,
59140,438.0,
88492,92.0,
31517,2049.0,
65244,491.0,
83039,138.0,
60216,172.0,
15046,229.0,
35240,7940.0,
15081,115.0,
45266,219.0,
70215,254.0,
80631,114.0,
88125,56.0,
48021,179.0,
40019,1048.0,
32208,3730.0,
70538,79.0,
21225,147.0,
65313,715.0,
03092,657.0,
46005,331.0,
57434,527.0,
39103,327.0,
89011,139.0,
17326,276.0,
32232,45.0,
21245,322.0,
30252,229.0,
25107,179.0,
31524,140.0,
24232,64.0,
46072,306.0,
47113,131.0,
80600,753.0,
42081,1495.0,
04133,220.0,
74103,1948.0,
77286,244.0,
2B333,123.0,
80081,93.0,
09092,45.0,
40152,1032.0,
08247,138.0,
63441,209.0,
28172,769.0,
59646,20990.0,
51128,54.0,
76004,501.0,
11006,74.0,
81013,384.0,
40040,388.0,
80150,245.0,
80804,189.0,
62501,232.0,
33347,316.0,
52258,352.0,
30349,449.0,
50124,136.0,
27047,309.0,
67008,1268.0,
07023,353.0,
24488,431.0,
32276,79.0,
84032,508.0,
44205,2430.0,
46180,559.0,
12035,164.0,
28219,403.0,
59167,193.0,
80670,542.0,
59253,7623.0,
81272,222.0,
72368,332.0,
79012,1254.0,
02123,295.0,
16030,981.0,
05181,324.0,
74225,14542.0,
23020,394.0,
34064,441.0,
64459,158.0,
82070,74.0,
39099,445.0,
71290,392.0,
70032,37.0,
18113,180.0,
09247,190.0,
04091,83.0,
972206,6063.0,
30145,1438.0,
68198,278.0,
57397,106.0,
61040,1120.0,
77524,513.0,
27067,1477.0,
59229,580.0,
85047,19501.0,
64132,4754.0,
47326,1718.0,
66155,92.0,
22021,1145.0,
57051,398.0,
69102,657.0,
51464,334.0,
02623,110.0,
88419,132.0,
72326,225.0,
77309,1684.0,
18094,339.0,
49262,681.0,
23098,87.0,
59309,4052.0,
10011,231.0,
80663,373.0,
57031,955.0,
62670,588.0,
29155,877.0,
62304,336.0,
59079,6716.0,
34294,914.0,
58173,163.0,
63115,222.0,
16366,2118.0,
44069,15858.0,
77478,1016.0,
17244,637.0,
32338,138.0,
21279,33.0,
64106,455.0,
83102,2306.0,
62743,422.0,
02251,32.0,
2B319,747.0,
64084,132.0,
08367,2393.0,
15004,456.0,
74293,3483.0,
76629,272.0,
77038,442.0,
51253,259.0,
60318,614.0,
61412,683.0,
50405,252.0,
81184,27.0,
42221,533.0,
02481,447.0,
21528,152.0,
07333,930.0,
71189,1601.0,
64353,1089.0,
05140,308.0,
73256,349.0,
77043,390.0,
11136,790.0,
69067,1095.0,
71149,1471.0,
63356,314.0,
62093,245.0,
16177,111.0,
54172,308.0,
50525,314.0,
22193,1537.0,
72113,787.0,
32421,141.0,
30254,1864.0,
57225,140.0,
14162,1251.0,
55481,316.0,
34215,875.0,
01329,143.0,
34301,44270.0,
32349,126.0,
40285,603.0,
84146,516.0,
58149,1986.0,
84037,2199.0,
50238,490.0,
62778,74.0,
38513,262.0,
11024,875.0,
27334,103.0,
10269,142.0,
04106,376.0,
78644,5978.0,
27422,851.0,
63370,378.0,
2A141,113.0,
57533,917.0,
67556,201.0,
56251,6946.0,
73253,632.0,
16368,823.0,
06068,413.0,
08327,2230.0,
60020,302.0,
54187,89.0,
63094,517.0,
51267,190.0,
80542,565.0,
76499,1074.0,
51641,203.0,
01005,1635.0,
43220,160.0,
66016,4681.0,
30076,809.0,
39184,211.0,
80770,583.0,
62261,5128.0,
43031,150.0,
74218,6589.0,
86213,2440.0,
86150,303.0,
78188,436.0,
16128,221.0,
11426,1083.0,
32004,151.0,
56024,2330.0,
90015,287.0,
10249,427.0,
10386,253.0,
69115,4616.0,
19239,332.0,
71221,3661.0,
01280,154.0,
64526,1525.0,
34083,347.0,
78171,1157.0,
02203,1316.0,
50097,133.0,
25280,174.0,
74018,1544.0,
12152,124.0,
02068,108.0,
10341,335.0,
85056,371.0,
56139,369.0,
17336,2636.0,
02350,156.0,
40051,703.0,
80753,129.0,
34046,56.0,
49167,2621.0,
49355,2823.0,
42030,498.0,
36210,324.0,
67204,11028.0,
74066,196.0,
11042,210.0,
16068,566.0,
16320,902.0,
76011,188.0,
88402,404.0,
86230,180.0,
66017,4037.0,
62107,367.0,
43073,140.0,
70207,3176.0,
88059,426.0,
38481,960.0,
61251,151.0,
40109,445.0,
42127,7673.0,
01339,1406.0,
64130,1167.0,
01238,2448.0,
73074,351.0,
54164,82.0,
01165,1482.0,
21118,34.0,
35145,1459.0,
24256,3117.0,
57511,1040.0,
29085,742.0,
11078,196.0,
86250,289.0,
60135,1509.0,
18242,3202.0,
2B179,56.0,
27540,671.0,
31097,437.0,
71120,3768.0,
07013,1152.0,
14304,848.0,
89359,426.0,
01026,855.0,
51370,212.0,
11016,84.0,
46057,588.0,
45116,964.0,
52405,491.0,
63214,3935.0,
04121,693.0,
16212,390.0,
57001,372.0,
79294,182.0,
25293,1069.0,
33472,404.0,
17359,1173.0,
62429,309.0,
64206,132.0,
60183,305.0,
44158,6627.0,
54230,47.0,
42120,1647.0,
47093,355.0,
57502,338.0,
12254,2168.0,
13032,7510.0,
72218,307.0,
02605,170.0,
31390,2870.0,
26279,71.0,
21089,436.0,
03237,430.0,
02228,289.0,
60458,345.0,
59575,390.0,
68324,588.0,
77310,299.0,
76398,643.0,
39209,150.0,
14412,66.0,
17415,25601.0,
56186,4987.0,
12017,211.0,
25379,71.0,
2B148,5009.0,
76189,168.0,
02502,1478.0,
15063,351.0,
80438,547.0,
80153,139.0,
04097,394.0,
45209,286.0,
57025,523.0,
26101,163.0,
83022,26.0,
02716,306.0,
58113,133.0,
50495,75.0,
2B341,763.0,
62099,5346.0,
62073,1292.0,
46142,163.0,
41039,730.0,
32257,71.0,
16168,772.0,
82169,2166.0,
36230,2018.0,
33037,2169.0,
19018,196.0,
31132,56.0,
29215,2959.0,
41050,996.0,
07096,386.0,
33168,606.0,
65219,142.0,
63419,528.0,
28183,637.0,
28313,191.0,
70399,224.0,
31528,170.0,
13019,9251.0,
66178,2055.0,
73032,2132.0,
22344,700.0,
83027,5487.0,
24036,173.0,
39081,374.0,
37185,1621.0,
18104,143.0,
54143,380.0,
28109,318.0,
33196,173.0,
11090,659.0,
16063,166.0,
45053,5748.0,
29207,4323.0,
84089,19498.0,
68076,912.0,
88048,1022.0,
69030,812.0,
11067,1631.0,
74185,2332.0,
60275,220.0,
57618,668.0,
59263,1016.0,
32213,2070.0,
34047,639.0,
05165,241.0,
68104,325.0,
65235,4076.0,
46244,88.0,
10118,108.0,
35289,1056.0,
62040,9936.0,
27337,382.0,
10409,555.0,
31176,185.0,
52488,258.0,
51402,233.0,
07009,1156.0,
13214,61186.0,
28144,233.0,
80666,34.0,
61243,1452.0,
76380,329.0,
79070,417.0,
16402,301.0,
80614,308.0,
81122,71.0,
60115,910.0,
11231,87.0,
88406,112.0,
82010,273.0,
34184,636.0,
33157,742.0,
11034,877.0,
58171,285.0,
56184,7424.0,
11270,126.0,
10404,115.0,
47107,346.0,
70183,62.0,
80080,160.0,
43127,783.0,
28394,1365.0,
77085,2956.0,
67056,694.0,
81211,451.0,
31205,2927.0,
35322,998.0,
57181,86.0,
2B155,40.0,
33272,1155.0,
972217,8543.0,
23004,560.0,
78147,456.0,
88421,124.0,
16169,605.0,
76351,172074.0,
13216,16883.0,
85083,1655.0,
11076,11476.0,
80651,281.0,
87009,162.0,
34066,191.0,
08192,100.0,
44127,2490.0,
78383,18827.0,
01245,874.0,
21127,549.0,
19206,88.0,
17165,400.0,
80446,811.0,
14674,125.0,
40245,1855.0,
60052,98.0,
55144,462.0,
78118,2811.0,
62811,1120.0,
32218,53.0,
80010,2881.0,
76449,541.0,
74085,1199.0,
27132,817.0,
25257,299.0,
47150,363.0,
28349,246.0,
16071,567.0,
72084,1272.0,
17432,357.0,
05177,678.0,
42306,448.0,
31324,2247.0,
04023,209.0,
77157,293.0,
69154,2205.0,
76329,3091.0,
64179,139.0,
52305,522.0,
27070,758.0,
56034,4183.0,
18172,1882.0,
49086,1247.0,
35076,3681.0,
73241,1147.0,
32365,342.0,
01358,408.0,
50137,623.0,
88077,581.0,
27069,733.0,
60006,1122.0,
73230,192.0,
80321,148.0,
57350,1538.0,
971134,7425.0,
76392,1324.0,
02172,252.0,
02420,835.0,
59313,1450.0,
50118,323.0,
76634,801.0,
83020,28.0,
24384,23.0,
55347,389.0,
28018,1265.0,
2B256,22.0,
56137,3242.0,
77248,683.0,
70049,86.0,
08096,630.0,
44126,3977.0,
45085,1949.0,
19201,575.0,
10257,37.0,
35110,926.0,
15154,1131.0,
13097,12737.0,
57690,3255.0,
03019,1661.0,
08044,116.0,
10291,168.0,
60313,2500.0,
82145,367.0,
26193,410.0,
37253,197.0,
24292,458.0,
15107,180.0,
60103,4260.0,
78005,19985.0,
06059,2526.0,
39217,566.0,
54463,245.0,
59652,372.0,
21305,218.0,
14680,134.0,
87059,1754.0,
70272,230.0,
60461,180.0,
23167,403.0,
80292,137.0,
24304,960.0,
34258,1479.0,
50589,318.0,
06071,673.0,
16337,936.0,
54129,1702.0,
88163,757.0,
25609,419.0,
10324,148.0,
26116,5471.0,
82172,293.0,
25444,139.0,
71286,233.0,
63120,703.0,
60561,205.0,
65332,155.0,
88175,521.0,
67141,576.0,
26026,82.0,
25554,130.0,
76053,106.0,
67427,397.0,
02193,72.0,
51177,231.0,
60007,2987.0,
59664,323.0,
42003,1837.0,
15066,130.0,
11091,1107.0,
59199,736.0,
24560,113.0,
63117,129.0,
35202,959.0,
49029,1045.0,
76419,168.0,
35332,1059.0,
11172,601.0,
73123,423.0,
62272,300.0,
78278,512.0,
74253,928.0,
17380,3926.0,
21659,178.0,
83030,1808.0,
44203,1873.0,
28337,2422.0,
68186,325.0,
45033,408.0,
31512,794.0,
24334,215.0,
74233,2411.0,
51117,312.0,
60208,133.0,
08008,711.0,
37034,306.0,
31504,215.0,
08057,279.0,
25200,1374.0,
09319,125.0,
62069,303.0,
53053,539.0,
84010,706.0,
80359,297.0,
34252,271.0,
54586,730.0,
24547,6212.0,
55411,88.0,
79020,939.0,
39011,381.0,
66188,265.0,
54142,141.0,
83091,6049.0,
22323,801.0,
62831,294.0,
27570,100.0,
23042,128.0,
62683,248.0,
24139,2033.0,
57027,131.0,
2B177,56.0,
31247,1355.0,
26310,152.0,
28034,773.0,
88007,56.0,
09146,51.0,
80147,335.0,
02761,200.0,
78120,1942.0,
55245,173.0,
27064,656.0,
76279,358.0,
19191,658.0,
91312,10228.0,
38100,2665.0,
46223,153.0,
85295,3053.0,
67506,5552.0,
88326,345.0,
26294,580.0,
18129,233.0,
62178,22802.0,
78460,1105.0,
09280,663.0,
76233,131.0,
71546,401.0,
57091,1006.0,
17383,359.0,
54379,100.0,
41083,522.0,
15104,358.0,
48173,230.0,
56091,2471.0,
41120,1284.0,
77353,442.0,
14751,285.0,
76064,493.0,
21538,133.0,
19073,4334.0,
11387,92.0,
78062,7583.0,
10418,218.0,
31434,75.0,
78193,1063.0,
10374,144.0,
18189,449.0,
56264,460.0,
54544,138.0,
01233,128.0,
62908,1557.0,
57567,148.0,
25354,162.0,
17465,594.0,
35346,190.0,
65154,43.0,
07186,8305.0,
74241,3214.0,
91275,2593.0,
42108,988.0,
16173,192.0,
67102,231.0,
54573,185.0,
19117,754.0,
10327,111.0,
66073,155.0,
69169,620.0,
32286,725.0,
19270,553.0,
63234,825.0,
54007,552.0,
83124,2506.0,
07018,36.0,
89142,873.0,
77533,2650.0,
39090,186.0,
32237,461.0,
33291,182.0,
21680,489.0,
03303,251.0,
71552,545.0,
63047,1852.0,
07308,2082.0,
12202,23741.0,
27521,152.0,
80393,340.0,
41261,131.0,
66169,122.0,
51057,83.0,
01269,3524.0,
28010,353.0,
35056,832.0,
62567,630.0,
81163,10118.0,
17389,563.0,
03258,1662.0,
48013,958.0,
80819,92.0,
44001,1984.0,
31459,720.0,
36196,113.0,
65441,84.0,
89240,380.0,
79267,350.0,
54093,158.0,
17003,3733.0,
63051,596.0,
09303,350.0,
80029,873.0,
11205,114.0,
09338,145.0,
35102,539.0,
54070,155.0,
86038,251.0,
54444,214.0,
64222,71.0,
45269,3230.0,
68289,2297.0,
76504,142.0,
64536,826.0,
2A249,3734.0,
76162,240.0,
55372,388.0,
40095,682.0,
11048,705.0,
76033,464.0,
11353,1833.0,
68225,1608.0,
62794,626.0,
23036,1015.0,
11134,49.0,
39133,73.0,
78562,1456.0,
27028,338.0,
01343,1719.0,
54596,763.0,
31494,164.0,
42308,779.0,
57088,318.0,
05122,856.0,
51353,56.0,
89050,938.0,
77285,20713.0,
71349,52.0,
37023,280.0,
94002,44818.0,
29074,1039.0,
12085,296.0,
41189,462.0,
57414,1212.0,
57757,15898.0,
59414,4776.0,
19074,60.0,
51570,99.0,
21298,104.0,
971119,8057.0,
52366,83.0,
02312,1158.0,
38045,2325.0,
23159,174.0,
28088,13226.0,
85243,2607.0,
10387,59671.0,
85020,3930.0,
09017,108.0,
25512,2245.0,
41095,1136.0,
81036,1225.0,
86167,732.0,
44084,7879.0,
54211,175.0,
02606,75.0,
08309,53.0,
62626,2344.0,
76621,1164.0,
59662,1223.0,
67073,4028.0,
71019,130.0,
42104,817.0,
66156,113.0,
24074,485.0,
21104,61.0,
67061,4037.0,
60643,1483.0,
42099,3770.0,
81312,965.0,
37152,2065.0,
80188,582.0,
73159,777.0,
85184,322.0,
19063,2965.0,
62645,5374.0,
08120,49.0,
14141,165.0,
31239,1861.0,
19173,317.0,
45011,215.0,
58238,2147.0,
13026,13792.0,
65020,254.0,
40053,334.0,
07269,1171.0,
61159,66.0,
82094,1479.0,
08203,305.0,
47057,1414.0,
39397,1584.0,
34055,200.0,
59604,842.0,
28348,4121.0,
38046,893.0,
95371,5561.0,
82009,34.0,
55356,117.0,
03202,703.0,
77331,471.0,
51160,1460.0,
88022,218.0,
974420,22209.0,
31212,1712.0,
85209,558.0,
55296,509.0,
10073,137.0,
65023,11.0,
26112,188.0,
27052,419.0,
48182,54.0,
83043,1887.0,
79308,615.0,
85019,3857.0,
65185,437.0,
05182,45.0,
27243,692.0,
52400,161.0,
65380,146.0,
63096,383.0,
53105,234.0,
02504,1676.0,
63306,608.0,
39508,764.0,
69024,2334.0,
62656,985.0,
42165,2947.0,
59311,538.0,
47247,249.0,
67177,683.0,
79238,571.0,
23183,76.0,
71488,114.0,
76047,154.0,
58139,127.0,
24183,242.0,
35338,1150.0,
17366,439.0,
67199,85.0,
19083,135.0,
32370,996.0,
47191,705.0,
31272,72.0,
67185,671.0,
01092,1573.0,
02417,99.0,
65142,214.0,
35352,7957.0,
39029,365.0,
58301,338.0,
76157,14621.0,
25385,125.0,
62175,154.0,
77086,1474.0,
73033,523.0,
55508,277.0,
55046,152.0,
67459,727.0,
70324,634.0,
18006,235.0,
51555,175.0,
74146,1282.0,
27395,89.0,
21343,102.0,
50615,6807.0,
31355,1755.0,
62364,2398.0,
81279,257.0,
80540,242.0,
16252,156.0,
62717,563.0,
57750,730.0,
72109,584.0,
36244,618.0,
70552,205.0,
2A133,139.0,
26365,596.0,
70498,522.0,
14175,280.0,
971130,1093.0,
32244,172.0,
10086,233.0,
12239,296.0,
67555,249.0,
31360,480.0,
76671,168.0,
51069,119.0,
80474,393.0,
57741,496.0,
38431,2950.0,
18089,458.0,
19059,414.0,
23237,49.0,
62736,4027.0,
15097,116.0,
73184,447.0,
77049,877.0,
76493,455.0,
80724,2681.0,
18232,229.0,
44196,1640.0,
39018,557.0,
87181,857.0,
49123,1684.0,
45043,904.0,
59212,6083.0,
60395,13995.0,
62787,317.0,
29296,1303.0,
24214,876.0,
40330,286.0,
08435,884.0,
51054,1244.0,
26238,249.0,
54058,90.0,
19045,233.0,
51170,105.0,
46161,268.0,
57636,345.0,
90036,285.0,
39333,2227.0,
37187,356.0,
54352,851.0,
62124,476.0,
59251,364.0,
50229,106.0,
60231,452.0,
73001,251.0,
59645,589.0,
62115,502.0,
60393,657.0,
33057,908.0,
17091,1924.0,
38309,2140.0,
36031,4468.0,
11212,511.0,
34196,138.0,
76385,1473.0,
31538,200.0,
63231,1851.0,
02549,872.0,
08095,181.0,
68231,1973.0,
77034,701.0,
63064,85.0,
80605,225.0,
24023,354.0,
81308,1311.0,
54334,557.0,
02337,201.0,
51004,102.0,
2A278,106.0,
31169,6170.0,
50606,517.0,
36064,763.0,
37197,509.0,
63138,706.0,
25058,1361.0,
26071,1076.0,
01422,1353.0,
27019,179.0,
38346,385.0,
08499,356.0,
39537,371.0,
72260,3412.0,
32227,810.0,
88524,360.0,
59449,8284.0,
11423,162.0,
70189,240.0,
23028,126.0,
39584,137.0,
52455,242.0,
63164,10404.0,
81237,183.0,
39239,36.0,
17349,2642.0,
74237,801.0,
22073,395.0,
28098,1851.0,
52298,85.0,
25215,97.0,
52457,175.0,
55011,248.0,
31589,1382.0,
07127,1132.0,
76491,642.0,
61043,1073.0,
76342,693.0,
07140,790.0,
76487,347.0,
67383,201.0,
37147,542.0,
57149,208.0,
07138,2003.0,
02789,2507.0,
77518,226.0,
38283,114.0,
07209,57.0,
01078,1385.0,
91473,194.0,
09281,114.0,
33046,1146.0,
82122,155.0,
08119,437.0,
50327,161.0,
07348,952.0,
57662,103.0,
27586,172.0,
80833,134.0,
74053,1132.0,
66044,341.0,
62352,97.0,
78518,113.0,
85302,3839.0,
21360,111.0,
17348,677.0,
57520,43.0,
50243,541.0,
29132,814.0,
66153,53.0,
94041,58933.0,
76123,905.0,
64468,115.0,
38241,22.0,
09246,550.0,
76303,710.0,
87163,135.0,
86207,1543.0,
54413,146.0,
37040,314.0,
27365,2077.0,
67270,360.0,
55079,619.0,
85273,1754.0,
64259,740.0,
72217,2362.0,
17143,695.0,
10363,502.0,
24180,284.0,
64506,183.0,
11283,76.0,
52432,1546.0,
59265,2286.0,
50052,163.0,
35350,784.0,
52130,200.0,
71116,161.0,
24222,2568.0,
23151,443.0,
51617,626.0,
72256,781.0,
44018,6555.0,
57306,15833.0,
57171,1083.0,
51016,259.0,
33553,1052.0,
75101,17022.0,
62457,7473.0,
23024,530.0,
62446,657.0,
63014,9717.0,
24569,151.0,
47328,552.0,
85136,112.0,
28319,464.0,
76463,694.0,
14280,223.0,
86295,377.0,
62657,467.0,
53146,1730.0,
62635,210.0,
18193,227.0,
39151,120.0,
88356,256.0,
71590,621.0,
17080,882.0,
38216,51.0,
77519,1210.0,
71173,321.0,
26371,38.0,
31102,217.0,
30208,35.0,
29180,905.0,
65108,781.0,
11434,1267.0,
52461,380.0,
51289,412.0,
32400,153.0,
61267,207.0,
30010,3377.0,
02406,139.0,
54207,120.0,
91148,140.0,
23093,1559.0,
38113,567.0,
56025,181.0,
89328,407.0,
34136,1527.0,
31019,30.0,
67005,861.0,
67329,1195.0,
27213,1054.0,
34239,5618.0,
81109,459.0,
76002,615.0,
51355,51.0,
33277,237.0,
30004,3140.0,
47072,122.0,
87007,209.0,
42053,1528.0,
08324,121.0,
15119,1764.0,
67173,1122.0,
62671,336.0,
41141,338.0,
50022,136.0,
43016,876.0,
28190,439.0,
46018,172.0,
973307,30244.0,
82124,3745.0,
52424,74.0,
17162,218.0,
45026,975.0,
50294,1228.0,
21022,462.0,
56255,2105.0,
85050,1815.0,
71533,565.0,
39435,655.0,
52355,169.0,
87200,132.0,
60663,237.0,
27034,596.0,
01072,3039.0,
59593,714.0,
02557,140.0,
31316,486.0,
52256,88.0,
23014,111.0,
46242,172.0,
32057,139.0,
57603,1228.0,
09243,90.0,
31508,42.0,
40270,439.0,
80198,379.0,
47324,1282.0,
89326,1073.0,
86007,1184.0,
84148,1308.0,
88354,163.0,
80327,161.0,
85250,2150.0,
66015,1257.0,
62747,543.0,
57113,968.0,
26359,32.0,
57218,1016.0,
57501,39.0,
58230,87.0,
80185,271.0,
2B287,137.0,
48170,180.0,
07189,281.0,
23186,134.0,
80114,313.0,
49338,1232.0,
23061,766.0,
14646,401.0,
31554,256.0,
59549,299.0,
46131,166.0,
80290,391.0,
27155,123.0,
38426,638.0,
25496,122.0,
14127,482.0,
37163,3575.0,
21559,701.0,
32389,444.0,
65294,221.0,
88228,173.0,
37093,563.0,
91495,311.0,
16412,337.0,
86148,686.0,
60361,561.0,
39394,87.0,
09335,40.0,
77461,284.0,
09023,153.0,
37221,619.0,
31211,676.0,
25172,185.0,
2B178,73.0,
62634,1147.0,
30198,226.0,
15186,202.0,
88009,3385.0,
01204,261.0,
17340,1204.0,
32246,199.0,
87058,120.0,
64269,4443.0,
76360,614.0,
14240,525.0,
80832,312.0,
32187,133.0,
76299,391.0,
77440,1095.0,
02374,917.0,
10429,261.0,
02418,211.0,
71353,593.0,
32007,203.0,
94067,22398.0,
49020,4935.0,
86110,226.0,
07344,434.0,
78396,6365.0,
68321,3816.0,
55181,3695.0,
31173,253.0,
63295,1581.0,
02738,13938.0,
57296,1099.0,
41179,199.0,
11435,140.0,
21412,1490.0,
89111,281.0,
89234,151.0,
57043,1481.0,
17379,210.0,
54189,609.0,
28136,171.0,
71204,1024.0,
59266,3918.0,
62413,12244.0,
19118,784.0,
25060,617.0,
55546,206.0,
06056,116.0,
21308,250.0,
41174,190.0,
23046,86.0,
30271,649.0,
76752,2447.0,
68342,1620.0,
09190,116.0,
18111,188.0,
71143,427.0,
70397,64.0,
18063,184.0,
76574,629.0,
27304,168.0,
77496,185.0,
71190,2295.0,
21240,233.0,
63090,487.0,
51291,1486.0,
87088,1120.0,
03114,292.0,
51307,211.0,
45169,8282.0,
56159,1728.0,
65230,244.0,
80611,821.0,
13215,80668.0,
2A091,168.0,
38364,484.0,
02220,429.0,
58148,632.0,
07070,2234.0,
60369,1904.0,
88038,34.0,
46307,635.0,
77283,908.0,
61039,121.0,
77379,11940.0,
2A011,46.0,
30310,260.0,
76163,692.0,
52189,368.0,
35246,1323.0,
53096,5786.0,
80767,230.0,
27604,180.0,
39467,172.0,
95134,4717.0,
41159,1230.0,
89395,432.0,
03048,1322.0,
23053,202.0,
55502,2743.0,
61433,284.0,
37190,178.0,
73219,624.0,
61013,185.0,
11019,48.0,
80005,104.0,
34103,961.0,
42261,904.0,
64138,2707.0,
62815,169.0,
32056,53.0,
46221,482.0,
88036,88.0,
54004,181.0,
73330,2969.0,
48156,821.0,
70133,238.0,
11324,509.0,
60482,3408.0,
71381,84.0,
22234,1133.0,
30183,638.0,
91161,19502.0,
56115,1550.0,
80543,128.0,
63056,349.0,
71157,1880.0,
86102,541.0,
53031,493.0,
60252,495.0,
09283,415.0,
01001,767.0,
67234,1584.0,
61432,569.0,
54116,2145.0,
46224,3474.0,
27511,681.0,
54414,617.0,
41055,1962.0,
01029,677.0,
38263,404.0,
64111,105.0,
88367,5505.0,
19178,857.0,
70381,340.0,
14530,1637.0,
32077,92.0,
02129,20.0,
01138,2986.0,
72366,314.0,
74003,1011.0,
94018,30408.0,
38070,1219.0,
40136,147.0,
53117,470.0,
64050,96.0,
60371,145.0,
25560,3136.0,
32369,399.0,
56179,3496.0,
22194,3640.0,
09096,38.0,
39183,667.0,
18051,168.0,
61237,350.0,
74203,51.0,
27003,1531.0,
57021,1408.0,
37090,107.0,
62251,510.0,
02528,247.0,
65378,67.0,
80377,404.0,
09121,851.0,
10164,730.0,
12187,426.0,
17135,226.0,
93030,10216.0,
40321,264.0,
02564,502.0,
08146,101.0,
59558,1752.0,
90046,455.0,
16345,198.0,
60608,100.0,
58018,38.0,
68214,343.0,
26126,61.0,
39368,4998.0,
70531,111.0,
77045,730.0,
32321,266.0,
59026,1206.0,
67503,161.0,
32200,372.0,
19266,105.0,
32420,67.0,
08378,108.0,
31579,819.0,
21686,141.0,
01231,1948.0,
38290,833.0,
21187,113.0,
14167,5973.0,
03278,219.0,
50228,1182.0,
15123,161.0,
68055,1033.0,
01187,300.0,
56079,1413.0,
76568,627.0,
38277,461.0,
30342,1209.0,
17181,273.0,
03212,1430.0,
47050,118.0,
69119,922.0,
59092,4047.0,
54198,294.0,
10344,783.0,
22115,537.0,
73274,417.0,
56056,172.0,
19215,130.0,
80293,391.0,
65017,242.0,
74301,757.0,
69064,3873.0,
61330,201.0,
69261,107.0,
03197,1458.0,
91666,2278.0,
10267,348.0,
62775,297.0,
31327,193.0,
16090,3429.0,
14241,657.0,
54034,198.0,
44214,2047.0,
89276,974.0,
17335,260.0,
21119,41.0,
11350,51.0,
81228,413.0,
08124,357.0,
38065,2046.0,
34305,117.0,
89351,457.0,
52065,74.0,
52097,47.0,
65424,105.0,
76480,453.0,
71435,246.0,
60304,268.0,
62504,240.0,
39017,752.0,
59196,1275.0,
26226,378.0,
85260,801.0,
52040,47.0,
06088,342295.0,
19031,46794.0,
19212,90.0,
50624,449.0,
52085,25.0,
61429,536.0,
32454,79.0,
85128,9361.0,
17006,281.0,
55421,65.0,
70016,167.0,
70351,249.0,
36103,1428.0,
14538,833.0,
45307,1049.0,
23253,178.0,
08113,472.0,
47086,1313.0,
23265,80.0,
33491,373.0,
72267,936.0,
62164,1220.0,
37268,138.0,
40212,903.0,
10229,114.0,
12155,324.0,
81137,80.0,
17377,115.0,
66011,3987.0,
52021,248.0,
70227,568.0,
15212,380.0,
24577,615.0,
71164,133.0,
59415,236.0,
52168,53.0,
77236,372.0,
30338,143.0,
38524,7522.0,
60274,356.0,
79066,1653.0,
39241,394.0,
76636,2244.0,
59288,2312.0,
32273,203.0,
24300,378.0,
65148,120.0,
41090,283.0,
71013,260.0,
38099,693.0,
69168,1527.0,
39059,1653.0,
17315,1275.0,
17013,363.0,
09282,4583.0,
71087,142.0,
62405,495.0,
34228,84.0,
67362,633.0,
86287,361.0,
29049,3199.0,
12032,534.0,
54494,97.0,
30354,227.0,
07220,104.0,
18066,1008.0,
12180,79.0,
29016,1054.0,
80560,244.0,
02477,964.0,
59660,3048.0,
89154,897.0,
03122,234.0,
57500,42.0,
59605,1407.0,
08466,88.0,
70107,380.0,
54170,70.0,
77106,1023.0,
21409,458.0,
51037,305.0,
10186,510.0,
38398,932.0,
34012,974.0,
62222,146.0,
04049,5198.0,
84038,4113.0,
86235,1275.0,
63258,725.0,
39376,68.0,
01202,6889.0,
62903,591.0,
70561,1455.0,
38553,18168.0,
32051,125.0,
42173,366.0,
81231,364.0,
19221,72.0,
57586,205.0,
2B227,36.0,
68073,460.0,
55438,191.0,
2A326,109.0,
89155,722.0,
51135,70.0,
14040,183.0,
33061,868.0,
64422,10794.0,
54581,300.0,
71256,570.0,
80735,169.0,
71504,84.0,
71483,433.0,
52050,1373.0,
81224,114.0,
69233,1102.0,
27095,618.0,
76613,668.0,
08386,226.0,
09309,153.0,
88100,44.0,
03286,1138.0,
14425,167.0,
08162,327.0,
67143,665.0,
43042,713.0,
55220,103.0,
68313,760.0,
43040,6657.0,
46281,196.0,
33007,1140.0,
55178,195.0,
70022,134.0,
71556,542.0,
51147,329.0,
65051,198.0,
28117,255.0,
54486,335.0,
66018,79.0,
47114,363.0,
77323,1045.0,
07334,2720.0,
41018,45539.0,
38548,4109.0,
43129,185.0,
08220,308.0,
71058,189.0,
79268,930.0,
91114,26066.0,
76676,738.0,
78057,1793.0,
68278,13750.0,
10273,26.0,
69132,841.0,
38074,319.0,
67434,2967.0,
67050,39.0,
49352,1208.0,
02262,228.0,
29162,3710.0,
62134,119.0,
80648,117.0,
02471,119.0,
39266,310.0,
63105,237.0,
89183,69.0,
16067,471.0,
89188,184.0,
60060,627.0,
05113,371.0,
78601,1607.0,
59578,1739.0,
11177,36.0,
81265,63.0,
69298,2542.0,
82147,339.0,
34221,461.0,
30269,2706.0,
63339,145.0,
59067,3889.0,
28211,581.0,
2A322,95.0,
11041,1103.0,
51190,57.0,
31182,5113.0,
18033,67189.0,
43190,3514.0,
10025,171.0,
67233,1263.0,
47167,1549.0,
72153,569.0,
82036,135.0,
65114,92.0,
72046,1514.0,
11354,25.0,
10436,183.0,
86205,184.0,
49102,348.0,
83108,2526.0,
22153,914.0,
25403,1984.0,
63445,268.0,
06042,582.0,
91200,10342.0,
02616,189.0,
92035,28498.0,
79116,1040.0,
21418,60.0,
76655,4254.0,
70093,713.0,
31296,453.0,
71321,217.0,
01199,2172.0,
91047,1297.0,
38170,2780.0,
81267,634.0,
71077,502.0,
88110,222.0,
25035,2560.0,
08144,77.0,
62678,617.0,
59418,1630.0,
67530,457.0,
65307,325.0,
66175,2752.0,
01258,1226.0,
50092,735.0,
25063,1168.0,
49027,1977.0,
37270,2673.0,
26130,30.0,
76513,598.0,
88481,1355.0,
76557,1314.0,
64503,79.0,
65470,134.0,
33380,541.0,
45061,2351.0,
14117,3709.0,
41203,504.0,
57165,590.0,
10414,117.0,
31372,450.0,
68110,795.0,
30313,718.0,
47278,424.0,
54526,8041.0,
50543,1206.0,
51489,40.0,
84015,299.0,
02164,323.0,
08484,74.0,
02136,133.0,
87014,2830.0,
03056,377.0,
41178,75.0,
12184,130.0,
38335,1034.0,
02660,40.0,
53250,402.0,
71412,1141.0,
62842,7905.0,
36100,263.0,
31021,141.0,
01042,260.0,
77022,1277.0,
02099,243.0,
32238,104.0,
45143,41.0,
36126,471.0,
25552,128.0,
29053,1725.0,
29206,2390.0,
88511,81.0,
34134,2795.0,
86252,651.0,
35004,1366.0,
85159,2313.0,
46258,151.0,
17434,6647.0,
04148,228.0,
07190,228.0,
31319,126.0,
60676,775.0,
27203,476.0,
89407,1062.0,
19271,250.0,
21009,169.0,
24284,145.0,
55221,254.0,
27622,2034.0,
39572,380.0,
68028,1986.0,
55381,202.0,
48151,59.0,
80165,173.0,
44066,5435.0,
57721,372.0,
33342,866.0,
44074,4104.0,
34303,36.0,
39554,234.0,
16008,339.0,
38011,1041.0,
17061,125.0,
65179,32.0,
48026,292.0,
80258,100.0,
66109,217.0,
40208,377.0,
38462,450.0,
29186,1590.0,
60223,3615.0,
55083,152.0,
24587,857.0,
78550,1843.0,
30109,405.0,
10069,132.0,
33498,6514.0,
11416,210.0,
65232,75.0,
03065,560.0,
36110,268.0,
29029,1117.0,
42085,847.0,
26272,356.0,
12230,434.0,
81165,233.0,
25620,301.0,
03139,328.0,
24517,76.0,
55148,128.0,
46073,419.0,
57617,312.0,
56129,1560.0,
83149,1366.0,
52198,81.0,
10191,968.0,
76171,109.0,
06007,3106.0,
80128,155.0,
31203,8620.0,
31064,25.0,
65279,223.0,
02444,111.0,
93015,4713.0,
08288,99.0,
58197,151.0,
65274,137.0,
70525,227.0,
10369,234.0,
16012,509.0,
10169,249.0,
79298,1876.0,
30149,888.0,
59363,951.0,
33523,1933.0,
62511,146.0,
80806,446.0,
57592,368.0,
25160,731.0,
2B245,60.0,
49018,6289.0,
85252,601.0,
87071,795.0,
70523,196.0,
62819,1109.0,
01328,602.0,
88026,1075.0,
31227,887.0,
60293,365.0,
19275,9702.0,
06132,442.0,
40198,183.0,
54464,107.0,
31007,68.0,
59607,497.0,
42107,321.0,
47274,429.0,
66068,121.0,
62201,2636.0,
12261,127.0,
35026,107.0,
42008,108.0,
22057,347.0,
30123,3476.0,
07182,1224.0,
59523,2531.0,
72244,3035.0,
74043,5235.0,
55526,264.0,
64411,235.0,
64298,126.0,
46086,571.0,
32399,82.0,
45317,1357.0,
59016,2398.0,
71104,186.0,
09184,39.0,
71091,186.0,
01134,1717.0,
39049,400.0,
59015,3001.0,
67392,904.0,
48175,174.0,
65308,112.0,
43163,1179.0,
18101,317.0,
65456,289.0,
21234,50.0,
38107,1588.0,
02017,304.0,
86082,1812.0,
03068,120.0,
38318,5148.0,
57733,1703.0,
73206,744.0,
05060,141.0,
53021,987.0,
02539,725.0,
02412,102.0,
12172,519.0,
41181,806.0,
70337,58.0,
68367,1206.0,
71219,557.0,
93079,12451.0,
72040,121.0,
69281,1552.0,
41027,142.0,
61169,14761.0,
77395,123.0,
31188,5189.0,
34234,114.0,
38291,1117.0,
68213,377.0,
77276,2730.0,
05064,106.0,
01310,222.0,
65414,89.0,
52354,86.0,
67315,632.0,
95271,498.0,
70361,170.0,
12225,1509.0,
11440,35.0,
12246,555.0,
29290,620.0,
25005,101.0,
63430,11308.0,
57695,533.0,
90041,1471.0,
08233,54.0,
59545,1275.0,
23166,198.0,
72367,799.0,
08403,1932.0,
10390,142.0,
91228,53237.0,
66142,54.0,
08374,85.0,
35222,1960.0,
70140,48.0,
36149,757.0,
12221,416.0,
29035,1068.0,
69080,1670.0,
79236,630.0,
37244,249.0,
14337,330.0,
971126,2488.0,
83104,4313.0,
2A211,557.0,
32154,107.0,
51161,760.0,
79160,157.0,
56070,2318.0,
49201,2102.0,
32250,87.0,
67087,1453.0,
63390,358.0,
21193,388.0,
76269,169.0,
15204,1528.0,
41036,468.0,
91198,1471.0,
24171,558.0,
23233,143.0,
38319,791.0,
71455,149.0,
34011,111.0,
36011,181.0,
32285,578.0,
55197,160.0,
83072,9193.0,
72324,515.0,
59151,1669.0,
61023,617.0,
64277,475.0,
25174,244.0,
24244,212.0,
85280,2864.0,
06010,2991.0,
43067,273.0,
91421,23565.0,
64243,205.0,
27291,139.0,
04128,207.0,
47061,650.0,
68111,829.0,
26201,44.0,
36116,129.0,
10071,48.0,
77147,673.0,
62861,4218.0,
85255,2313.0,
95170,576.0,
72223,2660.0,
38149,1488.0,
30047,6265.0,
68185,1724.0,
76564,216.0,
09172,28.0,
30219,101.0,
64098,72.0,
84144,617.0,
08274,101.0,
22319,461.0,
77411,496.0,
03116,202.0,
70208,306.0,
86114,1253.0,
61376,878.0,
64257,311.0,
39235,1241.0,
88056,85.0,
11214,369.0,
58163,186.0,
39361,170.0,
07310,889.0,
58256,385.0,
60544,191.0,
72385,1793.0,
81058,205.0,
972208,813.0,
22256,1134.0,
57160,13434.0,
70502,85.0,
77318,1454.0,
44046,2710.0,
89295,1289.0,
53067,434.0,
52047,103.0,
74087,1738.0,
52467,63.0,
32343,212.0,
41167,3477.0,
30298,530.0,
2B183,104.0,
66115,1207.0,
62404,232.0,
71184,600.0,
01061,1200.0,
12147,130.0,
79280,538.0,
73292,263.0,
43154,602.0,
60599,307.0,
15185,213.0,
67053,310.0,
35186,1136.0,
39175,73.0,
67147,522.0,
39570,203.0,
39223,189.0,
08097,488.0,
10165,314.0,
63313,145.0,
51563,106.0,
53174,797.0,
76478,153.0,
55232,112.0,
85142,984.0,
11007,108.0,
64540,2344.0,
29274,5361.0,
04220,380.0,
81020,271.0,
76734,433.0,
68167,811.0,
77076,754.0,
34206,564.0,
51284,293.0,
08136,355.0,
77130,412.0,
65228,125.0,
39164,687.0,
62270,6775.0,
16114,162.0,
60073,618.0,
15056,765.0,
54348,243.0,
70149,724.0,
26123,29.0,
39079,209.0,
22322,404.0,
80272,120.0,
26234,832.0,
33453,202.0,
01143,8762.0,
16133,201.0,
83145,1145.0,
45252,9039.0,
34004,212.0,
62411,50.0,
06140,3267.0,
67326,1394.0,
88308,301.0,
80628,725.0,
81169,92.0,
08232,395.0,
47026,268.0,
49235,482.0,
19194,1333.0,
53125,1156.0,
63195,5727.0,
01153,1904.0,
81278,183.0,
973308,3907.0,
2A262,55.0,
68234,594.0,
21542,487.0,
65120,301.0,
73200,498.0,
25106,81.0,
68085,384.0,
80014,61.0,
61491,1594.0,
01369,894.0,
89062,371.0,
16028,4774.0,
62594,331.0,
95218,16704.0,
61099,271.0,
35197,1212.0,
17042,452.0,
14556,1807.0,
59036,4778.0,
33294,519.0,
21286,90.0,
91556,391.0,
69382,30804.0,
88050,288.0,
81106,549.0,
77002,813.0,
25367,4852.0,
11302,264.0,
34104,109.0,
81083,251.0,
68322,1363.0,
89416,449.0,
32331,1252.0,
61360,115.0,
62839,1054.0,
59569,15825.0,
64376,887.0,
76610,1501.0,
03170,150.0,
61493,91.0,
89038,114.0,
21613,145.0,
28352,1581.0,
73323,380.0,
12175,158.0,
17284,1766.0,
62323,1151.0,
46028,1020.0,
02565,288.0,
47305,389.0,
08370,586.0,
17271,338.0,
47212,281.0,
22198,3983.0,
07219,291.0,
40154,314.0,
43013,337.0,
37224,947.0,
29255,869.0,
05095,277.0,
60257,463.0,
89376,162.0,
10018,938.0,
64220,521.0,
40278,873.0,
02195,897.0,
53087,226.0,
37119,1637.0,
16052,249.0,
34276,4667.0,
37142,594.0,
89165,115.0,
17033,467.0,
86090,212.0,
62850,376.0,
30231,416.0,
46114,353.0,
15256,65.0,
64406,588.0,
61295,156.0,
16003,836.0,
10381,919.0,
47067,373.0,
88011,1662.0,
44189,2245.0,
23128,139.0,
50347,260.0,
03290,1692.0,
26088,5122.0,
50024,171.0,
51013,108.0,
64034,289.0,
89144,907.0,
17285,1129.0,
30043,528.0,
47132,212.0,
81060,9688.0,
62230,831.0,
02487,662.0,
34018,879.0,
23142,297.0,
62003,633.0,
31025,810.0,
82050,1222.0,
30125,4687.0,
64003,232.0,
34250,325.0,
24490,600.0,
61259,72.0,
51056,286.0,
05001,322.0,
32153,166.0,
26284,363.0,
71296,736.0,
28365,389.0,
15237,167.0,
80331,294.0,
59372,516.0,
48048,62.0,
70011,342.0,
11244,69.0,
23259,109.0,
82052,1056.0,
09326,130.0,
53192,334.0,
53239,411.0,
12151,259.0,
69225,514.0,
10241,53.0,
67319,359.0,
60380,1585.0,
06115,116.0,
81253,490.0,
08269,84.0,
07337,2378.0,
08234,88.0,
69202,21646.0,
31303,2869.0,
62597,278.0,
15164,607.0,
04058,249.0,
57487,5076.0,
27032,442.0,
68284,689.0,
78416,338.0,
60536,141.0,
70250,420.0,
51115,523.0,
14639,269.0,
12146,2126.0,
24303,204.0,
25078,968.0,
18268,405.0,
15032,68.0,
53195,483.0,
80484,407.0,
02823,70.0,
62139,5167.0,
60077,330.0,
63087,71.0,
60015,1193.0,
64155,85.0,
06049,115.0,
05107,468.0,
72312,232.0,
61053,257.0,
38289,239.0,
15124,538.0,
60390,276.0,
72373,2600.0,
40281,9337.0,
70286,149.0,
39583,101.0,
08344,138.0,
18177,52.0,
37005,517.0,
78107,1870.0,
59214,1058.0,
14011,1070.0,
21673,211.0,
76489,422.0,
60360,7204.0,
08196,85.0,
54130,197.0,
70330,227.0,
61142,175.0,
62816,226.0,
04152,3706.0,
53249,459.0,
84074,1999.0,
71324,572.0,
60034,1137.0,
24535,252.0,
87170,387.0,
51276,169.0,
59146,2976.0,
55320,79.0,
03223,486.0,
33332,912.0,
974410,36131.0,
63017,146.0,
67546,599.0,
35203,347.0,
25223,345.0,
28347,916.0,
41126,1131.0,
41231,1285.0,
18070,215.0,
02538,63.0,
01337,1226.0,
54387,136.0,
80711,1988.0,
68275,482.0,
24278,79.0,
40303,346.0,
76683,361.0,
59315,901.0,
43189,516.0,
89266,279.0,
62160,42537.0,
86139,2641.0,
32060,147.0,
30034,6559.0,
14461,366.0,
40258,280.0,
14724,945.0,
31399,2801.0,
86272,2892.0,
24050,355.0,
77272,892.0,
57086,248.0,
16147,256.0,
39520,511.0,
32464,825.0,
33018,1246.0,
33555,4548.0,
76043,1100.0,
64321,252.0,
38558,1707.0,
57590,267.0,
73152,170.0,
47240,306.0,
34045,483.0,
89400,329.0,
63444,268.0,
07121,226.0,
81324,227.0,
65364,27.0,
82108,1333.0,
21351,1181.0,
58064,560.0,
26379,934.0,
08340,182.0,
77388,829.0,
39437,253.0,
40001,6156.0,
52362,143.0,
50135,204.0,
48059,290.0,
73040,333.0,
68328,228.0,
12169,1961.0,
27620,453.0,
42231,1180.0,
33303,839.0,
971111,4185.0,
38071,3077.0,
08277,144.0,
13082,4686.0,
03119,405.0,
01129,264.0,
02686,395.0,
16267,74.0,
18062,287.0,
17168,4048.0,
42307,821.0,
01365,1076.0,
16137,292.0,
76622,313.0,
51431,1179.0,
60331,447.0,
69276,9377.0,
16353,875.0,
69263,893.0,
24035,1383.0,
27372,616.0,
01281,4276.0,
36119,538.0,
43114,1675.0,
82087,2872.0,
11036,160.0,
89093,635.0,
32403,73.0,
62852,1409.0,
67511,823.0,
72102,88.0,
31160,2240.0,
76495,6272.0,
32139,115.0,
86091,438.0,
25098,151.0,
59557,2172.0,
12188,282.0,
24361,422.0,
53161,2013.0,
54138,2640.0,
66227,3828.0,
80047,517.0,
03088,343.0,
51656,480.0,
38255,120.0,
89159,389.0,
57064,302.0,
41091,1309.0,
36129,578.0,
38343,1538.0,
52285,90.0,
67485,1415.0,
40070,403.0,
45293,1195.0,
22005,1102.0,
25380,1119.0,
76110,465.0,
28201,1939.0,
45212,1300.0,
88322,495.0,
48190,206.0,
57275,912.0,
40143,324.0,
2B210,126.0,
41274,135.0,
91037,347.0,
21717,296.0,
73027,355.0,
64183,509.0,
70258,1987.0,
2A240,100.0,
50217,574.0,
43180,104.0,
2A066,53.0,
62407,1016.0,
52142,66.0,
81119,483.0,
59239,5521.0,
41054,336.0,
80162,749.0,
80637,281.0,
52199,52.0,
17288,306.0,
83099,7116.0,
36238,123.0,
31078,137.0,
01104,461.0,
31151,744.0,
41287,542.0,
57182,88.0,
02566,1175.0,
69297,5382.0,
90007,275.0,
65056,452.0,
41163,117.0,
34121,300.0,
62392,349.0,
45091,330.0,
50142,565.0,
27418,126.0,
76689,388.0,
24221,176.0,
57207,5554.0,
07055,2630.0,
29012,192.0,
33435,2070.0,
78124,15205.0,
64125,6566.0,
46138,670.0,
62391,1429.0,
27200,161.0,
82055,239.0,
64193,111.0,
17294,185.0,
60127,377.0,
15190,107.0,
17005,220.0,
67327,947.0,
27120,382.0,
39185,396.0,
33335,578.0,
62055,522.0,
11008,444.0,
27406,978.0,
74058,866.0,
80058,356.0,
81141,153.0,
17422,93.0,
51328,1079.0,
08404,173.0,
39149,330.0,
62385,404.0,
34109,830.0,
08089,352.0,
09070,342.0,
19012,223.0,
11207,240.0,
59055,552.0,
60247,121.0,
76197,204.0,
50252,860.0,
10171,253.0,
87006,256.0,
65352,201.0,
2B120,5788.0,
08215,37.0,
51008,217.0,
49237,158.0,
59669,533.0,
17307,1346.0,
64300,725.0,
25198,717.0,
04229,245.0,
71367,379.0,
67023,963.0,
2B152,797.0,
32217,82.0,
21310,96.0,
38250,503.0,
09026,124.0,
07323,1666.0,
02548,399.0,
32278,111.0,
85200,1005.0,
67425,588.0,
71261,622.0,
01173,10893.0,
21133,307.0,
42123,4730.0,
2A062,359.0,
37045,1048.0,
80757,143.0,
95059,343.0,
09270,266.0,
80599,258.0,
76199,664.0,
76759,484.0,
31061,209.0,
47269,871.0,
39481,451.0,
88292,871.0,
06086,246.0,
33033,792.0,
74264,7876.0,
95039,6894.0,
65425,429.0,
31527,137.0,
89449,1835.0,
08035,62.0,
53266,228.0,
83052,341.0,
18005,985.0,
80685,6061.0,
05159,92.0,
11203,11223.0,
21012,368.0,
51399,555.0,
70294,367.0,
76072,672.0,
52374,303.0,
17115,324.0,
21642,451.0,
88457,145.0,
88094,1680.0,
80654,582.0,
02398,288.0,
18108,3322.0,
29202,1283.0,
15133,128.0,
71408,367.0,
77119,270.0,
21196,979.0,
62526,130.0,
41022,148.0,
11219,23.0,
35024,10608.0,
51034,13.0,
35015,2246.0,
67531,303.0,
72225,695.0,
18134,701.0,
25456,228.0,
05091,57.0,
22152,1275.0,
49266,1172.0,
91201,28687.0,
38546,993.0,
51452,34.0,
19061,1399.0,
62580,434.0,
44156,2718.0,
17221,907.0,
24211,409.0,
40159,301.0,
12159,569.0,
62477,698.0,
65091,60.0,
24012,338.0,
95061,434.0,
41232,5509.0,
58106,348.0,
43099,538.0,
01216,880.0,
64395,142.0,
57221,11689.0,
63198,1209.0,
03127,645.0,
85094,1143.0,
67090,680.0,
58035,304.0,
81079,745.0,
55391,193.0,
59455,1002.0,
73329,1785.0,
27597,563.0,
25130,12.0,
21393,154.0,
53190,458.0,
43029,126.0,
17021,3329.0,
50261,177.0,
24216,111.0,
14458,416.0,
78108,1260.0,
68368,1270.0,
68306,484.0,
84136,1144.0,
80705,91.0,
29160,8276.0,
80212,6363.0,
76433,676.0,
59643,225.0,
85254,1740.0,
76035,2289.0,
40311,592.0,
66034,114.0,
54462,2873.0,
15263,134.0,
63253,246.0,
62313,950.0,
15226,195.0,
76190,219.0,
57148,377.0,
16064,1055.0,
07092,49.0,
45131,386.0,
17235,733.0,
05055,301.0,
71153,22308.0,
33346,413.0,
25387,399.0,
11013,365.0,
77394,2012.0,
10091,155.0,
80536,297.0,
24580,257.0,
59085,328.0,
39365,1248.0,
24339,173.0,
09193,71.0,
69253,615.0,
72099,626.0,
21105,836.0,
46113,321.0,
95656,432.0,
24443,429.0,
67195,591.0,
95241,1921.0,
40179,1752.0,
58092,427.0,
67405,2291.0,
88300,147.0,
01307,848.0,
38349,2152.0,
12113,474.0,
43219,102.0,
62507,280.0,
86140,2318.0,
76410,11188.0,
51296,85.0,
59562,546.0,
29080,2224.0,
60447,678.0,
89390,588.0,
67109,652.0,
60283,31.0,
45200,1472.0,
08252,140.0,
42243,270.0,
11337,408.0,
64022,134.0,
65321,109.0,
32382,318.0,
27127,659.0,
60501,1394.0,
54532,199.0,
63335,398.0,
76593,552.0,
58012,597.0,
57647,4286.0,
33411,155.0,
61238,76.0,
35069,7204.0,
76471,900.0,
30199,61.0,
38187,1838.0,
38193,16225.0,
89345,4692.0,
26134,71.0,
36059,253.0,
08366,669.0,
70347,359.0,
78531,5766.0,
04155,189.0,
82165,507.0,
80741,169.0,
33406,397.0,
27380,251.0,
91432,12456.0,
26293,296.0,
77477,819.0,
67352,422.0,
62555,5732.0,
30079,298.0,
64133,1246.0,
24536,312.0,
80765,867.0,
17476,257.0,
06055,154.0,
01353,1630.0,
85167,807.0,
55330,104.0,
64009,1941.0,
65262,417.0,
89364,335.0,
76175,247.0,
71299,359.0,
77336,921.0,
44080,750.0,
59159,738.0,
2A129,43.0,
52169,88.0,
53256,202.0,
64345,191.0,
21519,371.0,
14333,7676.0,
73233,147.0,
54583,413.0,
55532,318.0,
12252,404.0,
52335,115.0,
12179,97.0,
41103,407.0,
62319,250.0,
88120,540.0,
27599,955.0,
55286,235.0,
88010,185.0,
15137,273.0,
67493,460.0,
62466,227.0,
46078,106.0,
88223,149.0,
33228,713.0,
02530,86.0,
22037,437.0,
33096,7249.0,
64214,523.0,
24459,276.0,
80358,132.0,
34191,496.0,
29017,865.0,
02016,208.0,
71399,518.0,
16119,1319.0,
54368,188.0,
71475,6565.0,
01071,4524.0,
01008,744.0,
34336,4203.0,
02713,285.0,
44030,3965.0,
11418,1250.0,
83114,244.0,
68271,11962.0,
59163,21114.0,
76308,445.0,
10400,133.0,
43131,217.0,
34203,1462.0,
55565,71.0,
17470,264.0,
15233,262.0,
55349,129.0,
70163,439.0,
37248,349.0,
02637,312.0,
78498,37461.0,
56134,1008.0,
44130,5640.0,
67413,585.0,
64529,386.0,
71572,225.0,
71142,194.0,
27692,185.0,
59306,299.0,
53203,533.0,
32101,212.0,
22275,1265.0,
43196,189.0,
70091,52.0,
27240,236.0,
21487,438.0,
38361,84.0,
64191,2143.0,
57467,299.0,
13066,5459.0,
03211,2408.0,
15206,146.0,
79142,105.0,
67340,1503.0,
30324,840.0,
11164,1356.0,
62336,500.0,
55169,499.0,
80054,239.0,
60307,624.0,
39495,69.0,
50480,757.0,
82043,276.0,
01148,1855.0,
52185,76.0,
29239,3434.0,
89045,306.0,
04020,143.0,
21142,231.0,
25051,593.0,
08335,80.0,
77025,841.0,
62636,275.0,
02121,257.0,
39280,121.0,
71326,433.0,
54315,973.0,
01325,964.0,
81148,88.0,
51429,223.0,
76442,590.0,
12046,578.0,
38394,1941.0,
25437,335.0,
04016,49.0,
30299,1053.0,
10307,384.0,
2B046,177.0,
47145,3525.0,
15010,180.0,
29042,7634.0,
43238,312.0,
08243,182.0,
22106,7427.0,
62228,296.0,
29212,12175.0,
28354,442.0,
46093,95.0,
24120,632.0,
14499,508.0,
34286,431.0,
42196,117.0,
59421,13309.0,
33221,1148.0,
55129,33.0,
24108,1077.0,
38313,268.0,
83033,3445.0,
07163,93.0,
51157,77.0,
68137,646.0,
33042,4830.0,
19220,469.0,
31035,3564.0,
29178,6263.0,
21362,139.0,
44051,3478.0,
62388,296.0,
54263,6163.0,
88013,94.0,
60212,1466.0,
76635,91.0,
63284,10516.0,
21408,1577.0,
21546,212.0,
46155,135.0,
67025,1871.0,
80152,161.0,
72332,620.0,
59581,3466.0,
54229,348.0,
62519,576.0,
06136,3636.0,
57189,222.0,
39170,954.0,
86020,248.0,
51308,1887.0,
28246,533.0,
02266,52.0,
51412,68.0,
57452,868.0,
27542,804.0,
60601,1088.0,
62118,156.0,
14407,2031.0,
38356,327.0,
60509,12637.0,
76149,288.0,
94004,16399.0,
46039,192.0,
23035,768.0,
12264,3132.0,
49061,815.0,
59118,2535.0,
51087,215.0,
67189,959.0,
31213,135.0,
92077,11266.0,
36166,160.0,
01036,526.0,
19090,97.0,
67468,643.0,
39197,362.0,
56145,999.0,
77227,646.0,
33106,1182.0,
74098,1085.0,
91376,5081.0,
89034,563.0,
62508,382.0,
87087,496.0,
49076,722.0,
64538,760.0,
89334,517.0,
10106,123.0,
12056,3132.0,
80487,86.0,
43101,57.0,
27037,1140.0,
2B109,199.0,
19034,242.0,
06041,377.0,
89153,613.0,
63236,1347.0,
54175,327.0,
54068,105.0,
61183,137.0,
59192,857.0,
08001,444.0,
11225,900.0,
45217,177.0,
2B175,109.0,
57723,291.0,
27004,360.0,
21419,267.0,
31516,1789.0,
12007,180.0,
57751,13495.0,
12138,1671.0,
19008,199.0,
50094,427.0,
63150,1368.0,
68239,418.0,
24048,296.0,
27643,1135.0,
51192,352.0,
51435,167.0,
83082,1459.0,
55373,71.0,
30114,660.0,
80284,783.0,
52491,114.0,
51129,270.0,
83153,5780.0,
25164,144.0,
30337,403.0,
88254,87.0,
51364,57.0,
76173,551.0,
52190,330.0,
33400,359.0,
67406,266.0,
89221,371.0,
24175,324.0,
27415,385.0,
973303,1967.0,
76590,370.0,
62502,4386.0,
77390,22559.0,
70537,301.0,
35159,340.0,
10422,187.0,
81273,3339.0,
21636,287.0,
53248,140.0,
63309,278.0,
60353,211.0,
79094,969.0,
48030,370.0,
21685,257.0,
81082,133.0,
12161,518.0,
78276,683.0,
77528,1010.0,
56126,2204.0,
68230,594.0,
10438,251.0,
11154,57.0,
64246,283.0,
30065,355.0,
17447,1873.0,
63081,244.0,
30264,162.0,
26362,61767.0,
38347,1328.0,
10243,108.0,
08281,442.0,
88020,168.0,
49371,1643.0,
72273,217.0,
59347,533.0,
94055,10016.0,
66058,1989.0,
53072,1241.0,
41185,2374.0,
39503,348.0,
41086,637.0,
25025,669.0,
24362,847.0,
2B125,46.0,
46207,279.0,
47306,1001.0,
62034,2411.0,
53114,196.0,
64195,107.0,
86032,2097.0,
39355,273.0,
09116,420.0,
45141,152.0,
24061,131.0,
57118,180.0,
56043,735.0,
25249,60.0,
47207,230.0,
71466,128.0,
16161,156.0,
77360,409.0,
22174,722.0,
25177,165.0,
70442,103.0,
65344,2314.0,
28155,227.0,
02119,345.0,
60164,933.0,
05094,12.0,
36192,1815.0,
47266,219.0,
47052,4645.0,
52127,87.0,
47125,312.0,
19101,1341.0,
38237,196.0,
35132,1350.0,
80201,51.0,
60186,240.0,
47073,202.0,
54377,140.0,
41219,298.0,
25357,687.0,
80003,623.0,
63326,463.0,
15249,68.0,
21216,89.0,
02501,60.0,
74244,806.0,
31547,7954.0,
30343,619.0,
23174,618.0,
67324,4336.0,
74257,591.0,
02250,76.0,
36057,807.0,
37132,6343.0,
46153,621.0,
54489,161.0,
33343,793.0,
28111,368.0,
84127,2461.0,
54019,84.0,
17304,468.0,
17300,74344.0,
73113,189.0,
973311,41515.0,
07253,168.0,
33045,344.0,
80102,350.0,
47210,1926.0,
19249,369.0,
76103,6484.0,
971113,26900.0,
56163,1216.0,
04122,501.0,
42203,369.0,
65351,37.0,
31279,76.0,
76147,881.0,
15007,124.0,
50110,951.0,
26006,2471.0,
21289,117.0,
67264,854.0,
40024,283.0,
2B050,5422.0,
33547,994.0,
69149,26072.0,
04154,80.0,
65223,1141.0,
19057,485.0,
73105,1186.0,
78677,524.0,
26208,1871.0,
62342,93.0,
92076,8816.0,
47134,389.0,
68127,586.0,
72013,2157.0,
57399,98.0,
30285,699.0,
26322,428.0,
32411,95.0,
51588,298.0,
45254,2383.0,
70450,39.0,
23158,138.0,
76114,11551.0,
14592,1323.0,
74303,3213.0,
09211,133.0,
28343,449.0,
22200,572.0,
23235,812.0,
29197,4106.0,
34090,8693.0,
86028,1043.0,
35251,3393.0,
22273,2071.0,
52542,60.0,
2B353,3552.0,
58094,468.0,
91318,1964.0,
25394,1526.0,
07306,217.0,
21617,11131.0,
67021,7137.0,
70513,2358.0,
62596,248.0,
50241,184.0,
03041,349.0,
81127,119.0,
26127,100.0,
21598,159.0,
41190,215.0,
91249,3760.0,
54232,2871.0,
28192,295.0,
11049,3441.0,
71177,794.0,
27490,280.0,
63091,905.0,
02507,35.0,
12079,504.0,
2B289,113.0,
21107,906.0,
21016,779.0,
54457,43.0,
54329,19516.0,
19251,265.0,
26036,89.0,
54290,190.0,
71119,1087.0,
37106,301.0,
64293,171.0,
25149,541.0,
76494,587.0,
31018,232.0,
44122,3567.0,
89377,65.0,
31491,379.0,
31082,979.0,
62453,115.0,
67289,576.0,
41037,197.0,
24267,172.0,
61014,231.0,
51178,77.0,
37008,2689.0,
41268,155.0,
29082,494.0,
14182,399.0,
68251,886.0,
73178,463.0,
16226,706.0,
19024,650.0,
39088,404.0,
26356,137.0,
68044,816.0,
51250,5418.0,
28248,347.0,
80679,583.0,
08311,2202.0,
43257,430.0,
60016,271.0,
14562,2266.0,
63355,260.0,
17417,163.0,
49240,1029.0,
52313,151.0,
37220,385.0,
42110,4802.0,
24412,963.0,
42116,230.0,
12204,188.0,
25359,167.0,
12250,230.0,
65395,1211.0,
63406,317.0,
73242,276.0,
86158,5906.0,
02790,233.0,
04175,81.0,
32353,156.0,
37087,263.0,
62605,23.0,
64458,279.0,
72147,1059.0,
2B264,84.0,
70219,712.0,
62076,203.0,
21628,64.0,
11429,4181.0,
31005,321.0,
55193,117.0,
32394,324.0,
51362,613.0,
78009,297.0,
84035,25636.0,
38295,669.0,
40266,1567.0,
26285,288.0,
71584,1113.0,
11260,124.0,
08238,87.0,
19279,358.0,
29168,1245.0,
44215,22820.0,
87172,222.0,
17322,597.0,
28247,591.0,
66164,8422.0,
10221,178.0,
78160,5750.0,
58177,328.0,
19098,797.0,
21660,59.0,
43151,215.0,
60100,83.0,
54212,412.0,
39551,134.0,
38500,586.0,
95205,7263.0,
50193,208.0,
50437,842.0,
73278,1266.0,
2B029,250.0,
68128,645.0,
02561,157.0,
31125,37.0,
57247,103.0,
45215,216.0,
59091,595.0,
25401,28.0,
77328,449.0,
58239,170.0,
71397,287.0,
39372,98.0,
05054,473.0,
57541,632.0,
19198,114.0,
22029,370.0,
89333,170.0,
25305,565.0,
29072,2860.0,
65377,183.0,
21032,166.0,
65236,345.0,
54167,1991.0,
34299,7054.0,
17100,1100.0,
04039,1549.0,
13045,4479.0,
59256,3353.0,
11409,99.0,
28273,151.0,
27505,143.0,
19187,377.0,
89250,173.0,
76309,102.0,
67382,808.0,
65402,26.0,
71152,195.0,
64244,239.0,
89029,863.0,
52107,218.0,
70291,137.0,
49174,770.0,
60195,493.0,
46194,195.0,
91130,1165.0,
25131,119.0,
36179,204.0,
39320,348.0,
70170,126.0,
57080,76.0,
30161,193.0,
18213,5039.0,
27367,1403.0,
32387,92.0,
08018,80.0,
32229,83.0,
60039,464.0,
27068,174.0,
55368,171.0,
43079,301.0,
91195,846.0,
22182,3301.0,
07145,1088.0,
10031,418.0,
23208,436.0,
02181,105.0,
39159,265.0,
82105,1318.0,
08434,49.0,
14198,264.0,
66132,427.0,
76138,344.0,
61395,228.0,
80344,201.0,
53255,991.0,
46118,647.0,
62866,423.0,
22059,1491.0,
18257,591.0,
86159,489.0,
31346,908.0,
54085,97.0,
22233,2224.0,
25288,645.0,
09008,119.0,
45081,591.0,
01188,592.0,
87042,416.0,
95487,11809.0,
80683,108.0,
24294,5495.0,
78505,432.0,
71170,1762.0,
25629,207.0,
33140,4415.0,
28106,378.0,
86285,970.0,
18247,699.0,
24264,1777.0,
60125,804.0,
24189,484.0,
49002,2980.0,
22279,1154.0,
08427,201.0,
67514,614.0,
12236,157.0,
44009,8361.0,
08165,56.0,
24110,70.0,
10176,164.0,
38249,4892.0,
88318,221.0,
68018,800.0,
95142,2008.0,
27698,547.0,
81056,129.0,
40325,278.0,
14438,501.0,
39253,290.0,
10362,10183.0,
61261,172.0,
89352,298.0,
76013,941.0,
28217,174.0,
49056,243.0,
28095,282.0,
23078,174.0,
01331,168.0,
02499,48.0,
03165,1457.0,
77275,153.0,
54022,607.0,
66019,227.0,
65473,402.0,
22261,348.0,
79202,10204.0,
31081,9.0,
48136,127.0,
88409,2194.0,
02545,197.0,
03027,1006.0,
17067,192.0,
08323,184.0,
11004,340.0,
27285,501.0,
25398,99.0,
88157,871.0,
58222,164.0,
54479,95.0,
79049,18962.0,
43178,200.0,
63230,205.0,
45223,396.0,
57605,256.0,
71550,840.0,
10312,168.0,
24059,338.0,
23005,186.0,
95055,450.0,
86218,203.0,
61436,242.0,
42160,180.0,
27580,2328.0,
08412,149.0,
72268,723.0,
71195,218.0,
50246,67.0,
57274,863.0,
91180,346.0,
62436,168.0,
59325,876.0,
56189,1000.0,
29286,261.0,
36055,1086.0,
64095,614.0,
26008,1273.0,
88530,2697.0,
67084,2016.0,
55466,304.0,
68052,172.0,
80578,707.0,
49090,980.0,
50443,543.0,
61475,684.0,
69291,5503.0,
11306,47.0,
32178,76.0,
51088,437.0,
23026,356.0,
37123,4248.0,
56191,371.0,
56181,2667.0,
58236,115.0,
21345,219.0,
79256,208.0,
72359,1354.0,
59225,7103.0,
78686,15734.0,
56122,1656.0,
36203,42.0,
63363,277.0,
63332,529.0,
52160,90.0,
86181,253.0,
04028,121.0,
54057,65.0,
73025,503.0,
78442,3097.0,
40013,116.0,
58233,173.0,
60415,162.0,
78423,33625.0,
09268,1434.0,
32339,216.0,
69160,1102.0,
972218,5021.0,
19254,226.0,
30033,4450.0,
10062,223.0,
53145,553.0,
68114,137.0,
74166,1673.0,
57398,464.0,
45220,576.0,
17365,472.0,
54059,781.0,
68297,19907.0,
77326,5867.0,
35329,663.0,
76112,324.0,
58264,2005.0,
59275,1145.0,
52060,2139.0,
03133,522.0,
17200,7256.0,
51608,89.0,
51642,100.0,
24209,124.0,
61122,92.0,
28426,487.0,
68153,659.0,
46260,201.0,
21626,66.0,
42134,1345.0,
60667,4078.0,
13007,11325.0,
62820,859.0,
45233,397.0,
57747,275.0,
42337,236.0,
51039,128.0,
02634,78.0,
68331,1936.0,
89346,3318.0,
67165,437.0,
34088,5826.0,
94033,53124.0,
29048,2202.0,
84119,4841.0,
80744,58.0,
08043,1589.0,
32346,203.0,
53240,470.0,
19278,2316.0,
12243,816.0,
47260,468.0,
08148,243.0,
57580,180.0,
30102,598.0,
73091,192.0,
80480,114.0,
84124,925.0,
80270,5.0,
89139,1147.0,
63459,534.0,
52057,107.0,
32116,138.0,
01289,6109.0,
65283,62.0,
52212,338.0,
974406,5741.0,
08218,1574.0,
81159,344.0,
07197,2812.0,
45173,4499.0,
35084,714.0,
59166,1126.0,
18278,600.0,
78196,317.0,
34329,2701.0,
33205,1354.0,
55315,129.0,
87039,794.0,
25210,142.0,
45030,1986.0,
38097,4405.0,
87103,1570.0,
24558,595.0,
88408,3454.0,
42330,8090.0,
43252,31.0,
65270,210.0,
73103,2548.0,
25377,222.0,
76364,280.0,
59437,859.0,
91204,773.0,
73042,266.0,
34318,469.0,
07319,8292.0,
82004,142.0,
90023,1094.0,
57187,383.0,
67252,1037.0,
15207,334.0,
17350,860.0,
51049,603.0,
27424,326.0,
69245,702.0,
02236,321.0,
67312,413.0,
25455,173.0,
27051,2972.0,
24381,227.0,
32453,121.0,
09276,222.0,
57083,1160.0,
80073,163.0,
28019,248.0,
27389,420.0,
77317,4572.0,
39272,60.0,
22054,3895.0,
59577,705.0,
42251,611.0,
23222,173.0,
61017,66.0,
74176,1905.0,
69037,794.0,
19056,396.0,
41130,680.0,
62565,74.0,
52516,49.0,
24407,240.0,
11197,645.0,
51048,175.0,
10316,240.0,
89387,25018.0,
23025,1305.0,
57427,618.0,
45111,424.0,
38326,374.0,
87182,1238.0,
93046,43099.0,
65256,147.0,
88196,8284.0,
28167,394.0,
44119,1959.0,
26348,1683.0,
21086,1243.0,
04163,581.0,
47219,175.0,
23219,1259.0,
11372,397.0,
52092,105.0,
08141,185.0,
59642,553.0,
25008,472.0,
35336,169.0,
14397,372.0,
83127,2732.0,
27300,534.0,
02527,422.0,
14651,212.0,
67473,951.0,
90081,810.0,
09045,195.0,
50055,114.0,
65198,1194.0,
54048,379.0,
46102,9826.0,
42019,3239.0,
24027,349.0,
06058,618.0,
02393,148.0,
2A232,288.0,
79252,368.0,
56063,2701.0,
89367,597.0,
19022,248.0,
38517,7606.0,
67208,521.0,
60522,321.0,
67113,446.0,
36128,1630.0,
26211,1236.0,
42067,298.0,
27618,463.0,
05167,84.0,
61467,388.0,
11291,124.0,
62199,632.0,
08476,408.0,
84055,1418.0,
50181,351.0,
23031,1287.0,
71179,74.0,
03097,356.0,
26304,213.0,
60440,623.0,
31206,1245.0,
08409,18134.0,
33141,541.0,
54492,137.0,
76359,128.0,
62005,1022.0,
24543,1107.0,
51316,286.0,
31404,100.0,
33320,788.0,
25591,156.0,
50356,841.0,
88134,594.0,
39418,100.0,
43043,461.0,
57678,1994.0,
60420,454.0,
76032,116.0,
76381,137.0,
03231,203.0,
73235,245.0,
35316,788.0,
45240,1400.0,
77409,2821.0,
51231,585.0,
08294,136.0,
89117,209.0,
49107,464.0,
61385,355.0,
67355,1235.0,
07228,862.0,
49035,6589.0,
59507,18570.0,
64396,1074.0,
88053,152.0,
09020,50.0,
91547,483.0,
88271,318.0,
70015,310.0,
85286,556.0,
21619,233.0,
26381,898.0,
21230,335.0,
12205,765.0,
86062,4617.0,
38488,602.0,
10443,47.0,
26319,545.0,
89261,275.0,
08308,76.0,
36219,649.0,
30286,700.0,
01240,651.0,
60670,4657.0,
75113,183713.0,
54459,2396.0,
51436,914.0,
63137,153.0,
71498,143.0,
11093,33.0,
53022,516.0,
25062,283.0,
02198,222.0,
02583,59.0,
73121,1760.0,
40171,123.0,
16273,148.0,
21448,73.0,
83037,1385.0,
57358,1074.0,
23013,1296.0,
71459,368.0,
10108,98.0,
77442,2325.0,
40205,248.0,
45216,106.0,
65079,219.0,
57537,6486.0,
27662,355.0,
18181,525.0,
34119,1501.0,
21181,127.0,
56047,1514.0,
36024,151.0,
42188,275.0,
62572,663.0,
30275,294.0,
62858,257.0,
89008,166.0,
62642,793.0,
49028,119.0,
16026,1331.0,
76698,509.0,
36233,782.0,
42058,279.0,
39475,2362.0,
57418,320.0,
37014,3414.0,
60196,512.0,
65210,45.0,
29174,6014.0,
17265,1195.0,
81012,122.0,
51585,863.0,
30244,350.0,
17118,372.0,
80802,645.0,
90042,2095.0,
33259,1178.0,
62715,283.0,
53088,916.0,
57565,1004.0,
68080,276.0,
34175,185.0,
21005,1358.0,
32412,808.0,
86019,1897.0,
24540,1305.0,
31370,134.0,
49344,1189.0,
02021,83.0,
01248,2121.0,
78623,936.0,
50572,223.0,
86195,548.0,
59618,871.0,
87049,1323.0,
42317,134.0,
33026,481.0,
61089,97.0,
47242,552.0,
32089,252.0,
33399,297.0,
10078,29.0,
50165,3209.0,
69216,556.0,
15258,1964.0,
33524,260.0,
28203,623.0,
19272,14323.0,
12253,1064.0,
48004,208.0,
13092,8069.0,
65202,327.0,
76323,168.0,
35028,673.0,
51546,467.0,
60150,1105.0,
68276,204.0,
54295,971.0,
76657,1078.0,
14456,2147.0,
21570,203.0,
88185,115.0,
52398,706.0,
59349,1896.0,
78043,3886.0,
24386,231.0,
38332,3606.0,
67232,197.0,
25139,452.0,
36086,405.0,
03302,37.0,
70059,442.0,
47011,197.0,
38338,773.0,
95584,649.0,
63438,471.0,
24057,61.0,
08329,504.0,
48140,4162.0,
48107,204.0,
58174,122.0,
59261,1828.0,
71335,66.0,
62793,1100.0,
30268,697.0,
54436,140.0,
74055,496.0,
28193,126.0,
43159,903.0,
11162,61.0,
67296,1836.0,
62438,533.0,
68077,367.0,
30040,136.0,
55388,280.0,
80316,2081.0,
24268,588.0,
27589,996.0,
61164,228.0,
47065,2549.0,
02645,226.0,
46035,188.0,
77176,2513.0,
74090,1226.0,
53008,1756.0,
63044,436.0,
26223,541.0,
63289,266.0,
44183,2452.0,
28287,1102.0,
17076,330.0,
11094,27.0,
80814,447.0,
35166,1095.0,
35152,7164.0,
88173,436.0,
54432,1917.0,
81244,2162.0,
72118,1501.0,
18180,1861.0,
10128,80.0,
34163,2586.0,
46215,638.0,
65216,98.0,
46290,361.0,
25021,1562.0,
17121,1228.0,
24512,269.0,
52391,319.0,
54193,75.0,
89210,148.0,
16310,221.0,
04244,1679.0,
46065,458.0,
26281,33632.0,
10252,56.0,
22157,689.0,
51068,212.0,
25340,214.0,
10196,241.0,
56057,2822.0,
07335,197.0,
07290,267.0,
67226,2161.0,
44168,3917.0,
971114,7845.0,
59370,777.0,
53213,535.0,
23095,1228.0,
03070,126.0,
54098,155.0,
16254,239.0,
62623,556.0,
18138,2005.0,
34033,1892.0,
23236,250.0,
68148,341.0,
10163,55.0,
57727,124.0,
60687,391.0,
32085,180.0,
51315,162.0,
49343,3076.0,
72177,339.0,
40137,256.0,
57154,696.0,
11125,153.0,
27485,948.0,
15214,198.0,
05132,2047.0,
32209,250.0,
07139,118.0,
37015,3037.0,
95018,106817.0,
60344,460.0,
62553,288.0,
14260,245.0,
11018,1204.0,
66042,257.0,
44129,10191.0,
81230,759.0,
59406,510.0,
38362,1107.0,
71342,9064.0,
59216,347.0,
86192,170.0,
18225,256.0,
25378,368.0,
58225,406.0,
52370,265.0,
15042,319.0,
80791,730.0,
27091,636.0,
64028,154.0,
65166,64.0,
89049,25.0,
69078,786.0,
02302,310.0,
52482,100.0,
28075,1098.0,
39077,40.0,
02544,589.0,
38183,472.0,
80199,543.0,
52220,138.0,
01254,1803.0,
62768,105.0,
21577,1293.0,
31325,166.0,
60462,2850.0,
52055,111.0,
37223,331.0,
61390,143.0,
79134,567.0,
76712,794.0,
07112,257.0,
95660,703.0,
80067,203.0,
35039,2051.0,
24572,188.0,
22281,1496.0,
24122,93.0,
40002,1539.0,
11398,244.0,
65471,225.0,
64038,3141.0,
52203,156.0,
76440,176.0,
57122,691.0,
973360,7649.0,
70100,108.0,
36187,177.0,
36019,297.0,
25506,89.0,
34108,22942.0,
39014,236.0,
54213,367.0,
70197,810.0,
53154,896.0,
57324,611.0,
973357,6343.0,
70395,62.0,
89440,434.0,
71191,452.0,
73293,457.0,
23040,139.0,
64364,548.0,
25491,117.0,
46052,264.0,
04188,828.0,
70359,65.0,
32121,551.0,
50164,1065.0,
06160,67.0,
88504,156.0,
29270,1610.0,
57090,123.0,
35058,1249.0,
86073,576.0,
88154,126.0,
85072,958.0,
91593,1648.0,
03215,587.0,
21219,133.0,
74177,1039.0,
81268,76.0,
54601,123.0,
62536,619.0,
41255,336.0,
10014,195.0,
67311,1983.0,
74287,871.0,
71079,483.0,
80592,580.0,
11346,111.0,
77311,1302.0,
53119,4197.0,
11199,1444.0,
39412,306.0,
62792,1121.0,
68264,612.0,
31202,5736.0,
21342,419.0,
21267,460.0,
58289,220.0,
18058,1474.0,
51426,68.0,
54222,1377.0,
60335,150.0,
38043,1425.0,
76711,5116.0,
77414,464.0,
54575,1447.0,
21082,70.0,
62397,5739.0,
14236,476.0,
88520,336.0,
61075,1242.0,
80652,780.0,
60402,2091.0,
51053,70.0,
24545,99.0,
21163,208.0,
57474,5964.0,
55568,294.0,
62016,194.0,
31310,352.0,
09102,162.0,
43059,123.0,
60697,37.0,
08426,92.0,
54446,68.0,
35252,917.0,
17409,3032.0,
10383,175.0,
39393,70.0,
39476,1779.0,
11139,91.0,
30283,176.0,
88347,125.0,
81041,109.0,
01190,117.0,
15268,976.0,
88418,484.0,
32397,263.0,
60443,558.0,
64232,217.0,
28086,337.0,
23177,1112.0,
40264,1401.0,
67004,535.0,
57125,322.0,
51311,205.0,
62751,729.0,
76260,1657.0,
60666,1186.0,
55511,155.0,
88309,169.0,
43125,106.0,
51344,1590.0,
76280,131.0,
22341,670.0,
29217,2842.0,
62309,1562.0,
14391,392.0,
56117,4116.0,
02360,2198.0,
89184,132.0,
39118,54.0,
19040,165.0,
08034,346.0,
21394,182.0,
45105,92.0,
33278,270.0,
11342,240.0,
14614,762.0,
55359,206.0,
26316,166.0,
26183,966.0,
76176,303.0,
19014,232.0,
84135,1480.0,
09139,90.0,
45326,391.0,
25313,184.0,
68081,542.0,
55215,1161.0,
51513,542.0,
38278,473.0,
60276,197.0,
29291,991.0,
86080,510.0,
67541,572.0,
02277,333.0,
91648,2389.0,
39143,35.0,
13098,5870.0,
40158,269.0,
61384,246.0,
19036,1343.0,
79064,524.0,
09287,9.0,
76229,415.0,
32093,113.0,
56035,1196.0,
18032,1360.0,
54375,1143.0,
55097,326.0,
39094,170.0,
16253,384.0,
09130,693.0,
63374,268.0,
51583,210.0,
62779,182.0,
2B354,475.0,
72169,1482.0,
64505,287.0,
76450,272.0,
61176,158.0,
45335,1960.0,
72026,1429.0,
53073,921.0,
12203,617.0,
16203,95.0,
11195,403.0,
22354,981.0,
22338,802.0,
55021,67.0,
85174,662.0,
52330,60.0,
19255,1699.0,
22221,1792.0,
24417,532.0,
34015,167.0,
45010,1008.0,
64303,183.0,
01384,2240.0,
60046,312.0,
86223,964.0,
65096,72.0,
60614,236.0,
82133,104.0,
76434,903.0,
55113,116.0,
39234,81.0,
78302,177.0,
55385,472.0,
32215,173.0,
47098,353.0,
69255,5207.0,
44164,2136.0,
21456,157.0,
31541,3085.0,
54354,45.0,
22195,2447.0,
42277,338.0,
38189,4640.0,
95459,731.0,
50576,1080.0,
05076,86.0,
44075,1855.0,
26083,1752.0,
65264,306.0,
01283,22258.0,
43246,461.0,
83060,496.0,
77383,806.0,
27192,581.0,
54304,14681.0,
58304,1264.0,
43110,855.0,
08385,1148.0,
64357,59.0,
25413,988.0,
02414,212.0,
27246,1910.0,
39145,292.0,
85185,686.0,
56221,1728.0,
18125,1139.0,
35012,7512.0,
92063,79762.0,
91378,276.0,
62721,1910.0,
38292,1127.0,
57676,107.0,
82170,599.0,
07185,669.0,
25516,119.0,
64517,171.0,
68141,2084.0,
39174,65.0,
35233,1553.0,
06014,953.0,
33275,122.0,
59173,1685.0,
55118,87.0,
37021,1211.0,
70479,107.0,
72321,573.0,
39178,66.0,
26100,404.0,
67046,12718.0,
32162,1151.0,
03180,693.0,
48161,64.0,
01049,2927.0,
28082,539.0,
58188,104.0,
21489,59.0,
76133,419.0,
52223,72.0,
55100,114.0,
60442,132.0,
33292,157.0,
71038,469.0,
50263,413.0,
46174,226.0,
70242,136.0,
48094,402.0,
91021,10707.0,
51273,88.0,
61241,404.0,
07205,1305.0,
25345,679.0,
45249,900.0,
80402,115.0,
80696,1181.0,
52126,169.0,
06050,510.0,
23076,1404.0,
89055,3134.0,
57336,5421.0,
02397,1219.0,
24376,1362.0,
72049,271.0,
79156,717.0,
36194,997.0,
87199,822.0,
08155,100.0,
37200,1026.0,
11279,2451.0,
62022,331.0,
36134,512.0,
78006,759.0,
24136,149.0,
79329,9302.0,
65046,81.0,
14712,3645.0,
81004,49342.0,
39030,814.0,
02688,63.0,
74063,1171.0,
78384,1406.0,
61494,1323.0,
28249,633.0,
10104,310.0,
65211,138.0,
56256,112.0,
08301,66.0,
51009,838.0,
31285,686.0,
89271,105.0,
21179,852.0,
65054,564.0,
29184,2517.0,
03066,380.0,
17104,986.0,
43245,210.0,
02007,115.0,
24327,111.0,
46115,180.0,
32315,157.0,
51089,87.0,
57213,797.0,
74302,998.0,
36171,2062.0,
21566,136.0,
63224,1628.0,
62103,112.0,
25152,125.0,
72145,391.0,
80110,481.0,
51650,48.0,
31422,97.0,
27458,2446.0,
42257,883.0,
72198,2445.0,
10070,496.0,
95680,27312.0,
61426,593.0,
70265,172.0,
60474,316.0,
11141,102.0,
64512,265.0,
18046,163.0,
58269,436.0,
17397,2452.0,
76421,816.0,
88002,57.0,
40224,3612.0,
18060,50.0,
70405,184.0,
08428,146.0,
14449,419.0,
11338,66.0,
64081,252.0,
14543,1418.0,
49222,2045.0,
29026,5177.0,
41153,143.0,
05063,487.0,
02265,101.0,
80021,132699.0,
11175,488.0,
12096,4376.0,
68050,420.0,
31287,2792.0,
21580,136.0,
82066,670.0,
52075,192.0,
32347,276.0,
44163,2472.0,
62421,421.0,
38325,508.0,
51143,61.0,
26104,84.0,
22342,417.0,
65095,349.0,
66086,19.0,
80725,4005.0,
2B047,292.0,
63353,484.0,
91667,6950.0,
77446,603.0,
35331,2465.0,
41040,721.0,
34048,301.0,
28332,1076.0,
71315,174.0,
86008,393.0,
08287,142.0,
28087,243.0,
76361,699.0,
95353,1713.0,
36069,1292.0,
02206,82.0,
06073,722.0,
25222,1219.0,
91001,296.0,
37281,3068.0,
54478,141.0,
33086,370.0,
01116,518.0,
63443,413.0,
60064,1011.0,
35208,4102.0,
86022,260.0,
77209,1118.0,
39579,926.0,
78513,2171.0,
64029,676.0,
51384,355.0,
65289,99.0,
61244,255.0,
38276,2450.0,
24523,429.0,
04057,179.0,
21300,353.0,
973304,25793.0,
64473,359.0,
83109,286.0,
71403,286.0,
50230,883.0,
67458,4931.0,
61255,584.0,
16098,124.0,
64147,2647.0,
06134,489.0,
77245,463.0,
10100,1101.0,
57455,168.0,
76677,421.0,
60169,844.0,
33066,107.0,
32435,156.0,
08280,76.0,
41068,519.0,
80422,593.0,
18211,746.0,
70313,390.0,
43244,3149.0,
89273,281.0,
76353,106.0,
48008,209.0,
73075,535.0,
35101,1108.0,
77173,858.0,
81185,213.0,
01418,1021.0,
76107,296.0,
17234,314.0,
53015,1773.0,
57048,74.0,
63170,631.0,
54531,57.0,
74069,730.0,
81271,8484.0,
83125,2471.0,
51501,192.0,
24026,1786.0,
57448,259.0,
14137,2391.0,
52023,189.0,
25170,1057.0,
60425,538.0,
70471,34.0,
22034,1468.0,
65133,212.0,
27226,3904.0,
89311,1446.0,
04072,98.0,
65327,160.0,
64151,101.0,
11098,932.0,
10397,151.0,
48100,131.0,
91067,121.0,
23171,123.0,
45308,3287.0,
80721,2745.0,
51535,5102.0,
38342,279.0,
32148,88.0,
64380,223.0,
35068,6513.0,
85187,828.0,
53122,716.0,
14322,246.0,
48065,67.0,
30203,368.0,
25129,118.0,
55454,172.0,
38432,873.0,
45340,621.0,
67269,294.0,
77292,1113.0,
70357,581.0,
89212,411.0,
10308,250.0,
47139,75.0,
81257,6749.0,
50199,419.0,
51424,214.0,
31300,128.0,
39312,114.0,
56167,2473.0,
54236,305.0,
64284,7094.0,
69095,770.0,
03277,275.0,
70466,103.0,
70528,510.0,
68384,2627.0,
43088,305.0,
80093,1144.0,
63408,175.0,
27280,913.0,
70085,574.0,
60258,168.0,
62148,840.0,
70203,152.0,
15180,66.0,
24153,413.0,
31265,267.0,
33464,316.0,
91412,706.0,
06117,996.0,
76617,1697.0,
22023,446.0,
17299,24761.0,
54257,5613.0,
12256,367.0,
43182,52.0,
25246,268.0,
30093,111.0,
38158,10048.0,
33517,1560.0,
25026,219.0,
18002,203.0,
80453,157.0,
07159,557.0,
57174,86.0,
32304,281.0,
54439,4393.0,
90075,3539.0,
60662,508.0,
60219,146.0,
50302,267.0,
14228,5131.0,
27439,1079.0,
39304,234.0,
67471,7665.0,
16130,195.0,
64501,602.0,
75116,166552.0,
44172,14170.0,
01133,380.0,
84031,28422.0,
74263,5505.0,
80151,307.0,
14246,779.0,
07181,2780.0,
21612,94.0,
47018,188.0,
68143,1353.0,
65032,719.0,
24290,163.0,
29271,916.0,
50093,434.0,
08061,45.0,
94071,25849.0,
78158,28640.0,
19192,490.0,
23214,220.0,
25567,130.0,
24247,189.0,
31295,79.0,
71236,860.0,
28294,510.0,
76566,615.0,
11264,1279.0,
31158,193.0,
89199,455.0,
40080,1093.0,
88057,118.0,
91635,1943.0,
77229,1621.0,
62682,59.0,
28132,702.0,
62851,813.0,
25443,58.0,
21468,108.0,
79164,247.0,
09185,3795.0,
02635,167.0,
26169,1929.0,
51142,362.0,
61501,412.0,
21153,145.0,
56240,7756.0,
37159,7471.0,
38083,469.0,
30351,11833.0,
14410,1023.0,
91461,4665.0,
08135,138.0,
61067,172.0,
54523,474.0,
32376,118.0,
38217,77.0,
24234,354.0,
88033,345.0,
31571,274.0,
21416,2066.0,
25327,67.0,
68263,670.0,
37041,322.0,
57403,107.0,
48188,269.0,
17029,192.0,
28089,2640.0,
62552,942.0,
14742,66.0,
55032,53.0,
69075,206.0,
80451,104.0,
64413,676.0,
50117,355.0,
54394,228.0,
54046,418.0,
55382,357.0,
76220,509.0,
93010,52865.0,
67532,1090.0,
32455,184.0,
51259,218.0,
47214,708.0,
21634,159.0,
44220,1539.0,
54325,83.0,
25096,96.0,
69061,1154.0,
68149,6970.0,
17358,305.0,
64058,514.0,
55058,320.0,
53260,407.0,
43090,98.0,
63471,946.0,
02332,264.0,
65367,144.0,
57370,2187.0,
03075,194.0,
52273,123.0,
18035,902.0,
23248,369.0,
01321,912.0,
79111,293.0,
35184,5019.0,
55464,166.0,
89350,258.0,
42051,534.0,
35234,1185.0,
25342,76.0,
69028,5775.0,
76475,6135.0,
27615,179.0,
38257,461.0,
80785,545.0,
34097,457.0,
63010,1920.0,
70468,101.0,
61219,143.0,
85274,521.0,
64521,519.0,
62056,684.0,
91692,24914.0,
24553,1668.0,
78237,162.0,
31217,82.0,
62059,287.0,
24546,45.0,
21346,322.0,
25582,155.0,
45197,1229.0,
16132,935.0,
88343,140.0,
11174,50.0,
67436,516.0,
59281,1193.0,
17242,827.0,
10109,234.0,
33123,2469.0,
70349,225.0,
05099,103.0,
71201,230.0,
71334,401.0,
44190,25610.0,
02351,121.0,
39259,44.0,
51197,84.0,
40222,698.0,
36096,237.0,
74010,52029.0,
21595,148.0,
50162,1511.0,
51274,111.0,
58067,1460.0,
54030,89.0,
24409,1161.0,
32112,251.0,
14159,219.0,
11229,25.0,
81249,854.0,
76297,230.0,
31531,75.0,
59157,2335.0,
25307,783.0,
02201,467.0,
72264,12575.0,
74156,684.0,
89427,683.0,
80401,140.0,
05045,1010.0,
85015,1353.0,
29038,1080.0,
33016,484.0,
72204,579.0,
02108,147.0,
88251,1127.0,
28366,300.0,
61150,742.0,
91086,9198.0,
60533,1653.0,
971132,8578.0,
14664,296.0,
51566,281.0,
60134,2462.0,
26059,244.0,
27445,267.0,
62086,382.0,
06144,573.0,
59105,1543.0,
30106,726.0,
82082,195.0,
39268,64.0,
65094,100.0,
80526,157.0,
34342,205.0,
33541,937.0,
30097,306.0,
31519,185.0,
54403,1248.0,
57606,16126.0,
33311,1223.0,
51558,138.0,
72086,123.0,
30276,3374.0,
18117,525.0,
43212,1030.0,
34261,260.0,
59300,578.0,
68255,1355.0,
08161,42.0,
65320,805.0,
50469,318.0,
91433,4388.0,
24393,87.0,
61074,711.0,
27569,255.0,
84026,4132.0,
29018,467.0,
61446,172.0,
43024,817.0,
31268,138.0,
55057,67.0,
62652,1625.0,
77108,53569.0,
64064,489.0,
49244,4000.0,
46128,3596.0,
71090,3943.0,
78349,499.0,
68347,670.0,
80078,521.0,
03300,541.0,
44139,1368.0,
70119,335.0,
21446,246.0,
65354,64.0,
33369,722.0,
15092,1447.0,
12197,2016.0,
83136,2397.0,
67085,733.0,
60254,539.0,
59609,1692.0,
2B337,114.0,
04145,1490.0,
21327,107.0,
57708,1939.0,
14468,374.0,
36145,249.0,
80591,158.0,
40059,759.0,
26139,1969.0,
27404,109.0,
08064,278.0,
77095,1250.0,
19039,234.0,
33330,2838.0,
2B072,50.0,
15181,564.0,
59536,854.0,
17032,775.0,
31105,227.0,
28016,165.0,
83004,7137.0,
72290,1646.0,
65428,67.0,
91215,12565.0,
24296,1183.0,
33543,978.0,
60008,436.0,
46187,513.0,
76638,1113.0,
88461,213.0,
68177,1573.0,
2A336,360.0,
21482,683.0,
62147,404.0,
56152,2580.0,
32433,706.0,
31210,1279.0,
25264,79.0,
39179,246.0,
39073,161.0,
07003,153.0,
16111,204.0,
70134,226.0,
14473,127.0,
88470,1589.0,
73310,441.0,
89020,146.0,
85092,13647.0,
22370,345.0,
76470,670.0,
46044,600.0,
28110,4200.0,
21512,384.0,
03248,176.0,
02703,1105.0,
61165,709.0,
40226,202.0,
07245,2445.0,
23194,134.0,
60198,379.0,
76333,472.0,
85206,358.0,
13024,2532.0,
08393,65.0,
60511,379.0,
27353,473.0,
68182,1162.0,
52083,770.0,
89128,138.0,
07210,536.0,
62344,120.0,
70069,52.0,
23211,383.0,
76146,1433.0,
25181,135.0,
72187,1637.0,
14380,184.0,
60399,171.0,
12091,434.0,
14181,4807.0,
32432,248.0,
42043,1566.0,
28067,86.0,
19042,580.0,
03073,632.0,
33010,450.0,
41154,1121.0,
974414,52656.0,
62335,504.0,
50552,345.0,
79061,3735.0,
66127,1042.0,
06116,232.0,
33235,253.0,
88399,201.0,
80690,557.0,
09113,543.0,
64306,703.0,
69215,823.0,
85278,1297.0,
23221,190.0,
39028,445.0,
2A163,486.0,
17344,1201.0,
61484,1800.0,
30146,1431.0,
43054,189.0,
59503,180.0,
72160,633.0,
973310,3293.0,
40170,230.0,
72255,810.0,
54292,182.0,
78380,5675.0,
54578,14133.0,
70460,475.0,
33510,190.0,
67412,929.0,
28013,1417.0,
26168,530.0,
53012,507.0,
65422,324.0,
89360,352.0,
60363,240.0,
08438,112.0,
33005,11575.0,
42147,15673.0,
36161,924.0,
91540,4849.0,
22047,982.0,
13203,45337.0,
88314,116.0,
31375,3205.0,
70438,207.0,
63235,445.0,
28375,352.0,
49099,53890.0,
13205,47000.0,
67502,187.0,
55414,210.0,
60260,620.0,
43028,415.0,
40169,124.0,
72281,431.0,
17133,761.0,
60575,2889.0,
41212,3285.0,
80056,136.0,
66149,5835.0,
62909,437.0,
06125,112.0,
43193,171.0,
45056,318.0,
05059,708.0,
64023,860.0,
32185,150.0,
69134,199.0,
60310,624.0,
28004,326.0,
76418,995.0,
54473,269.0,
89222,237.0,
11215,842.0,
35027,1585.0,
69152,10132.0,
79147,724.0,
46111,156.0,
02403,282.0,
34295,1452.0,
70098,208.0,
26032,452.0,
70198,1294.0,
03085,673.0,
42323,8698.0,
83113,2284.0,
88149,58.0,
40218,517.0,
91408,1284.0,
62033,4228.0,
61396,89.0,
62661,472.0,
76172,181.0,
22026,694.0,
95422,395.0,
51447,520.0,
21164,138.0,
76204,248.0,
70014,378.0,
18250,65.0,
18227,184.0,
71384,538.0,
61351,140.0,
51329,1261.0,
88003,72.0,
2A130,2779.0,
21057,326.0,
33171,186.0,
72277,125.0,
54320,329.0,
51613,1029.0,
60641,1744.0,
19225,196.0,
63107,478.0,
65180,13.0,
59667,193.0,
29225,2132.0,
69259,61636.0,
07111,172.0,
39559,397.0,
59342,233.0,
55492,953.0,
59340,4366.0,
33529,25587.0,
31099,294.0,
39514,191.0,
54152,3161.0,
89143,323.0,
83130,11310.0,
19105,542.0,
31291,8692.0,
38413,453.0,
86292,868.0,
21515,9699.0,
21131,485.0,
70388,2025.0,
31408,88.0,
95282,176.0,
08262,599.0,
60250,412.0,
89393,121.0,
88098,872.0,
88128,251.0,
87077,510.0,
39188,316.0,
68156,3457.0,
69387,77855.0,
2A085,1323.0,
36158,746.0,
02648,1967.0,
63465,417.0,
05087,522.0,
46294,150.0,
30352,1654.0,
92075,28170.0,
43112,3832.0,
33447,2392.0,
51278,277.0,
31377,672.0,
51457,295.0,
13017,1497.0,
50540,541.0,
76109,185.0,
81297,1082.0,
48042,779.0,
23164,515.0,
62156,636.0,
59125,404.0,
56015,1675.0,
57194,1314.0,
76084,114.0,
07091,316.0,
64554,174.0,
51025,981.0,
81070,2549.0,
17059,1088.0,
50216,806.0,
21183,815.0,
80247,692.0,
41281,434.0,
25191,475.0,
54425,2471.0,
19025,371.0,
26300,40.0,
27369,74.0,
64173,145.0,
79297,344.0,
27631,357.0,
35151,783.0,
14135,308.0,
89430,304.0,
17466,2161.0,
91105,8454.0,
29103,15443.0,
28122,1520.0,
24388,529.0,
01177,174.0,
65040,267.0,
39329,84.0,
70064,142.0,
55420,77.0,
77515,711.0,
13006,1550.0,
15072,204.0,
30182,1039.0,
24367,163.0,
89325,105.0,
43080,2192.0,
26063,2261.0,
33386,196.0,
26001,358.0,
49217,688.0,
10197,197.0,
27205,433.0,
02019,385.0,
22025,2236.0,
26308,159.0,
89069,550.0,
85028,523.0,
80346,172.0,
51246,216.0,
57046,779.0,
28091,128.0,
69156,2382.0,
64371,3069.0,
27668,750.0,
62101,145.0,
49209,378.0,
70224,668.0,
21517,473.0,
57280,395.0,
68311,642.0,
12142,651.0,
25099,198.0,
16210,843.0,
37027,5268.0,
55201,53.0,
80538,147.0,
54201,282.0,
61451,322.0,
21458,1068.0,
2A196,60.0,
23218,105.0,
60159,40430.0,
11379,5434.0,
28139,191.0,
17467,236.0,
80083,161.0,
60137,279.0,
72254,278.0,
57060,544.0,
33218,1707.0,
70455,1465.0,
51345,258.0,
88242,42.0,
33149,151.0,
58274,131.0,
06162,719.0,
31560,449.0,
45193,2040.0,
14033,235.0,
44047,20084.0,
31223,49.0,
46199,343.0,
80392,608.0,
2B311,674.0,
10174,174.0,
34174,879.0,
51577,152.0,
2B007,212.0,
70454,77.0,
40318,301.0,
60510,449.0,
31509,122.0,
73261,2486.0,
61215,364.0,
09221,225.0,
68291,1113.0,
76221,191.0,
57670,145.0,
21555,1474.0,
87004,111.0,
11295,1267.0,
73010,3610.0,
29188,3108.0,
57496,365.0,
35019,1818.0,
81120,6442.0,
57103,142.0,
81240,98.0,
50373,98.0,
46245,88.0,
72220,954.0,
60218,1409.0,
28341,231.0,
35334,7770.0,
88158,3286.0,
25049,131.0,
77371,2859.0,
26194,586.0,
19037,1177.0,
02100,136.0,
46229,914.0,
58266,175.0,
31250,686.0,
23170,219.0,
42090,493.0,
65330,198.0,
66223,220.0,
59566,4443.0,
24398,598.0,
55184,1709.0,
77355,179.0,
32071,201.0,
24046,115.0,
37036,203.0,
46127,4316.0,
80313,295.0,
43037,267.0,
46197,1019.0,
01030,876.0,
59004,1122.0,
65347,33.0,
31342,177.0,
09312,2967.0,
81251,896.0,
41075,1013.0,
80684,121.0,
28170,283.0,
62298,551.0,
65176,101.0,
92020,35964.0,
24084,106.0,
47119,578.0,
29183,670.0,
62325,999.0,
77421,271.0,
30028,18218.0,
86049,521.0,
52022,187.0,
08401,218.0,
72089,1865.0,
46021,748.0,
80680,2981.0,
77287,507.0,
49288,236.0,
85148,793.0,
86111,1762.0,
64146,337.0,
89118,876.0,
32030,132.0,
74071,196.0,
62217,2915.0,
59528,1567.0,
36123,1067.0,
2B086,212.0,
55191,216.0,
11262,52802.0,
12259,657.0,
03214,401.0,
02336,1006.0,
01410,320.0,
35286,243.0,
42241,488.0,
35178,1622.0,
21040,81.0,
67401,317.0,
2A131,141.0,
31386,202.0,
2B079,428.0,
80203,82.0,
47252,6132.0,
27364,213.0,
80386,180.0,
46321,367.0,
67354,454.0,
22208,1646.0,
70524,125.0,
64033,137.0,
80100,649.0,
81005,524.0,
02224,365.0,
19001,371.0,
30074,12.0,
74031,2443.0,
37238,525.0,
24485,480.0,
62542,176.0,
70420,60.0,
14299,782.0,
51071,185.0,
39490,283.0,
05090,223.0,
55578,208.0,
37124,2430.0,
34038,1573.0,
76519,85.0,
21124,176.0,
52232,45.0,
18049,493.0,
10268,5955.0,
54389,102.0,
88081,1451.0,
26014,558.0,
65098,270.0,
02651,99.0,
65048,786.0,
43130,1140.0,
52149,114.0,
25298,228.0,
10255,316.0,
25259,1908.0,
45063,983.0,
07024,692.0,
46042,19616.0,
17480,746.0,
56086,246.0,
25045,60.0,
57349,161.0,
65350,1227.0,
67168,1609.0,
76664,276.0,
80562,219.0,
54423,401.0,
35105,1672.0,
70429,550.0,
11206,10166.0,
02785,1076.0,
71543,5871.0,
26318,42.0,
50258,111.0,
09201,65.0,
91546,1006.0,
80315,494.0,
26288,319.0,
08245,36.0,
69057,541.0,
14478,2251.0,
25095,264.0,
60180,453.0,
68032,1179.0,
28392,175.0,
41127,407.0,
01200,206.0,
54507,110.0,
39507,80.0,
47040,2004.0,
2A186,239.0,
63025,147.0,
49231,1516.0,
80013,2366.0,
27481,399.0,
55534,61.0,
88325,174.0,
07296,1670.0,
14270,446.0,
81078,1015.0,
83106,4389.0,
21640,190.0,
07304,613.0,
33502,435.0,
65125,309.0,
85194,14253.0,
84029,4710.0,
57353,83.0,
25276,173.0,
76739,631.0,
51285,146.0,
61005,260.0,
70097,249.0,
04085,56.0,
52528,164.0,
68015,2592.0,
35220,2381.0,
27438,2310.0,
60047,784.0,
38157,3260.0,
79346,132.0,
19222,348.0,
45032,322.0,
52325,110.0,
12178,373.0,
76746,218.0,
08492,286.0,
54125,493.0,
80256,1495.0,
57518,359.0,
86152,634.0,
79010,608.0,
87024,859.0,
971115,15897.0,
17378,430.0,
82003,223.0,
21333,219.0,
31492,536.0,
63119,222.0,
26287,482.0,
56108,990.0,
68091,2323.0,
63241,344.0,
04245,3125.0,
62559,967.0,
68250,1058.0,
08457,1037.0,
59232,389.0,
08326,147.0,
62157,75.0,
2B176,62.0,
10290,227.0,
11155,66.0,
76703,199.0,
22226,2496.0,
55321,159.0,
26040,87.0,
42143,420.0,
14582,779.0,
21322,339.0,
32345,572.0,
38345,601.0,
23220,580.0,
56227,549.0,
58255,280.0,
58211,149.0,
16154,5883.0,
33536,257.0,
56073,1131.0,
42168,3664.0,
62225,633.0,
03157,935.0,
80218,120.0,
2A259,53.0,
76254,1411.0,
15244,479.0,
70248,1326.0,
45341,209.0,
26142,102.0,
56009,957.0,
33470,813.0,
64342,239.0,
37212,724.0,
07059,226.0,
26248,164.0,
24352,4017.0,
39354,345.0,
33012,3325.0,
07291,905.0,
82096,3128.0,
62844,650.0,
15040,93.0,
76090,1112.0,
77463,3468.0,
63216,108.0,
77301,343.0,
86010,1062.0,
88167,245.0,
60101,587.0,
06126,2735.0,
07283,53.0,
10107,101.0,
02459,176.0,
58110,216.0,
22368,699.0,
25557,404.0,
04174,132.0,
09141,78.0,
32284,69.0,
86045,1334.0,
49248,3031.0,
47259,111.0,
71491,1147.0,
971122,5751.0,
18226,474.0,
02638,234.0,
24325,223.0,
67528,609.0,
80433,48.0,
21266,152.0,
76352,346.0,
26274,1.0,
22090,994.0,
22009,168.0,
58073,129.0,
10187,497.0,
50146,215.0,
17215,58.0,
72062,890.0,
22248,1824.0,
02833,446.0,
47201,9484.0,
71020,120.0,
89179,306.0,
58200,162.0,
91106,1239.0,
14384,3149.0,
95323,16300.0,
83096,1378.0,
86206,126.0,
24276,375.0,
17372,66.0,
81221,250.0,
57030,541.0,
80508,63.0,
01403,1294.0,
33287,605.0,
50512,535.0,
42164,79.0,
54338,957.0,
32429,318.0,
08368,231.0,
23155,364.0,
21141,32.0,
67110,1082.0,
32203,245.0,
76244,373.0,
86025,476.0,
59564,3262.0,
64443,872.0,
64075,173.0,
80117,151.0,
23190,169.0,
60585,291.0,
13105,6888.0,
51084,94.0,
91405,4806.0,
26267,27.0,
50376,414.0,
80634,801.0,
94070,3640.0,
14509,229.0,
27349,877.0,
55300,229.0,
88506,341.0,
35190,264.0,
43117,230.0,
62301,63.0,
80074,111.0,
73012,142.0,
63103,6131.0,
71167,568.0,
14480,582.0,
81208,514.0,
44211,4521.0,
14227,224.0,
72148,88.0,
60374,2711.0,
81001,224.0,
70194,167.0,
25381,2321.0,
02453,439.0,
33162,21762.0,
10389,122.0,
41057,207.0,
17152,850.0,
25504,79.0,
34213,5819.0,
27504,1147.0,
71506,1173.0,
72094,656.0,
31312,38.0,
26323,1794.0,
52286,93.0,
89073,1044.0,
85242,935.0,
11026,172.0,
80462,343.0,
16184,92.0,
77192,5317.0,
59343,6969.0,
38523,868.0,
53048,1237.0,
62129,95.0,
59258,2719.0,
37081,1401.0,
61070,855.0,
02167,848.0,
64313,298.0,
50548,134.0,
60577,1745.0,
24067,2702.0,
04134,537.0,
38160,2170.0,
47292,552.0,
03249,174.0,
65031,819.0,
69049,2695.0,
69083,1243.0,
54294,133.0,
07155,1193.0,
63042,3748.0,
09074,152.0,
36211,486.0,
27170,1151.0,
76290,427.0,
28326,376.0,
19196,487.0,
43100,143.0,
52367,48.0,
15182,138.0,
09258,453.0,
63179,1043.0,
30050,153.0,
80488,1664.0,
38379,265.0,
56170,1127.0,
64462,497.0,
51304,162.0,
52535,716.0,
89415,205.0,
41280,2764.0,
61505,218.0,
2B165,293.0,
10332,479.0,
78194,229.0,
72211,696.0,
83035,4088.0,
38452,349.0,
43064,72.0,
12121,730.0,
52459,114.0,
63307,7997.0,
54016,285.0,
19143,541.0,
77059,719.0,
40260,380.0,
27463,697.0,
16101,998.0,
31026,991.0,
66150,1075.0,
59490,205.0,
76452,4833.0,
43157,18619.0,
08487,2013.0,
64516,405.0,
38450,1331.0,
11087,82.0,
73048,350.0,
52076,479.0,
35285,1097.0,
18137,547.0,
54006,440.0,
76546,271.0,
59526,16653.0,
29282,347.0,
93029,68241.0,
29084,169.0,
16362,364.0,
02095,5750.0,
24450,616.0,
77439,1029.0,
72282,515.0,
30155,6346.0,
57093,598.0,
30348,1740.0,
60182,189.0,
12263,682.0,
77051,2294.0,
02658,226.0,
42201,634.0,
24255,573.0,
51179,189.0,
41061,1552.0,
56021,1439.0,
79003,5450.0,
21545,959.0,
89289,309.0,
88313,429.0,
25016,153.0,
74083,2070.0,
02367,146.0,
57574,411.0,
48045,305.0,
70275,339.0,
31461,288.0,
47177,210.0,
08319,348.0,
87139,504.0,
09174,300.0,
01381,894.0,
21313,40.0,
39339,672.0,
77202,665.0,
43069,319.0,
10151,885.0,
09269,343.0,
10059,101.0,
64102,47492.0,
01024,3260.0,
02649,270.0,
25151,122.0,
38018,373.0,
62135,298.0,
02683,133.0,
01388,1091.0,
34216,294.0,
61078,720.0,
66194,225.0,
88263,232.0,
31261,1078.0,
95280,31212.0,
22101,1140.0,
12106,501.0,
79125,1774.0,
67288,327.0,
39270,581.0,
26351,13.0,
67237,2555.0,
57087,250.0,
15192,329.0,
16029,249.0,
72253,2707.0,
27329,759.0,
71154,2497.0,
27539,419.0,
67057,158.0,
78382,4411.0,
71169,671.0,
10149,302.0,
57158,270.0,
2B361,294.0,
10336,410.0,
971101,57960.0,
55443,666.0,
54126,229.0,
75114,140799.0,
58146,1005.0,
89349,387.0,
03082,6506.0,
58253,91.0,
01332,700.0,
43038,1002.0,
52208,173.0,
34210,1884.0,
12033,2757.0,
03198,177.0,
57709,284.0,
35231,1140.0,
56004,1567.0,
83095,786.0,
72360,1350.0,
33518,1068.0,
09153,124.0,
11411,163.0,
23012,114.0,
01052,304.0,
62576,116.0,
31587,1264.0,
33353,203.0,
67521,420.0,
07101,879.0,
50273,544.0,
24243,896.0,
62353,257.0,
85246,2271.0,
08128,78.0,
63043,383.0,
47021,1509.0,
46080,763.0,
63368,1206.0,
76194,347.0,
60456,956.0,
54550,346.0,
76079,173.0,
68079,256.0,
45035,1124.0,
25220,568.0,
26227,21.0,
33185,1886.0,
28023,1422.0,
31062,101.0,
54496,363.0,
2B235,88.0,
89108,364.0,
40156,495.0,
63373,197.0,
31177,131.0,
10349,2914.0,
28363,1006.0,
59049,414.0,
25561,315.0,
67430,764.0,
69286,30645.0,
60471,13894.0,
24405,296.0,
31534,197.0,
13064,2527.0,
27040,431.0,
19006,98.0,
31284,1513.0,
2B162,709.0,
88064,118.0,
77232,919.0,
36074,571.0,
82134,5439.0,
26089,54.0,
24487,1762.0,
70182,99.0,
50408,496.0,
31539,58.0,
80383,95.0,
88440,187.0,
04204,166.0,
17412,571.0,
26038,1170.0,
29279,2985.0,
32357,121.0,
21261,677.0,
22161,2787.0,
80322,159.0,
28134,31373.0,
81026,441.0,
21499,214.0,
27267,355.0,
57718,249.0,
02072,188.0,
50088,167.0,
22081,4066.0,
09002,615.0,
91435,535.0,
08497,1304.0,
54359,241.0,
80076,474.0,
34223,1040.0,
33302,395.0,
50049,683.0,
31379,175.0,
68123,816.0,
76538,272.0,
40036,2624.0,
70001,355.0,
2B277,316.0,
07305,337.0,
38374,3598.0,
57291,285.0,
08122,757.0,
09131,169.0,
17086,3519.0,
02495,1005.0,
05147,345.0,
01053,40490.0,
31358,3244.0,
01302,157.0,
69200,1479.0,
2B080,160.0,
57303,551.0,
95676,492.0,
07261,1579.0,
88190,496.0,
02010,173.0,
81052,2052.0,
02781,450.0,
81089,148.0,
45222,1430.0,
17406,334.0,
82079,3692.0,
68378,346.0,
07168,555.0,
64036,300.0,
61212,114.0,
24132,238.0,
13080,5389.0,
56202,543.0,
08394,74.0,
62001,1773.0,
66176,2836.0,
31464,302.0,
71251,609.0,
59314,3575.0,
23138,162.0,
68122,652.0,
22129,66.0,
39265,187.0,
16248,185.0,
61316,121.0,
44067,5248.0,
61393,167.0,
2B122,45.0,
44054,2948.0,
68058,3301.0,
30071,430.0,
21063,104.0,
10159,88.0,
41131,910.0,
14689,2022.0,
42333,579.0,
89077,1549.0,
38535,253.0,
14060,2099.0,
69007,2696.0,
30291,295.0,
80177,747.0,
45332,1519.0,
76311,416.0,
47016,1060.0,
69205,4569.0,
82106,150.0,
55157,60.0,
69004,746.0,
31043,175.0,
71428,744.0,
67101,2521.0,
12226,444.0,
51498,64.0,
37146,231.0,
95181,299.0,
32155,1193.0,
64555,169.0,
76589,178.0,
25586,845.0,
25393,585.0,
67445,3134.0,
18026,1037.0,
40183,1045.0,
33024,295.0,
27351,1367.0,
66080,131.0,
25562,224.0,
74215,1291.0,
90030,165.0,
30225,1779.0,
03124,237.0,
54401,132.0,
37091,2156.0,
57552,654.0,
38472,199.0,
70385,335.0,
40146,154.0,
35283,1112.0,
66002,3358.0,
02447,147.0,
80465,192.0,
04173,932.0,
60217,215.0,
69108,968.0,
07115,640.0,
67047,158.0,
25017,91.0,
2A330,477.0,
24129,461.0,
70062,122.0,
90028,424.0,
89214,202.0,
21367,267.0,
51081,276.0,
41041,180.0,
83042,11642.0,
55141,82.0,
28414,71.0,
14062,429.0,
64045,69.0,
16209,836.0,
95604,4037.0,
67467,408.0,
32003,51.0,
80415,1026.0,
39208,152.0,
65057,1009.0,
54406,294.0,
02582,66.0,
58026,31.0,
59472,837.0,
14733,294.0,
84111,337.0,
41063,525.0,
55409,69.0,
71139,144.0,
84062,1636.0,
58227,1278.0,
24299,2847.0,
37160,353.0,
39216,312.0,
40077,816.0,
50637,326.0,
57003,1527.0,
14745,251.0,
60055,296.0,
57111,558.0,
51475,70.0,
88428,1977.0,
14514,4534.0,
60078,110.0,
50266,454.0,
82083,124.0,
16400,614.0,
52003,169.0,
11148,525.0,
71178,933.0,
49155,1464.0,
31429,2125.0,
09033,44.0,
55128,36.0,
14626,874.0,
35216,1508.0,
06157,19052.0,
01121,116.0,
28153,216.0,
26203,257.0,
56147,4364.0,
25301,802.0,
65151,158.0,
67331,1372.0,
19184,139.0,
69277,12341.0,
11068,1567.0,
36227,240.0,
60099,170.0,
60139,9817.0,
30094,167.0,
971121,6594.0,
63281,1103.0,
52304,56.0,
47069,2876.0,
02424,106.0,
32005,293.0,
72303,772.0,
71371,1499.0,
52318,276.0,
61331,152.0,
27021,311.0,
40049,347.0,
32166,113.0,
80734,200.0,
02111,706.0,
58105,360.0,
65082,58.0,
33032,6991.0,
85114,2644.0,
24581,853.0,
61406,326.0,
39061,129.0,
28107,398.0,
21268,204.0,
14542,577.0,
59487,1349.0,
42269,150.0,
2B299,94.0,
03190,19474.0,
50185,1034.0,
31330,491.0,
66036,46.0,
24438,265.0,
31237,227.0,
21377,43.0,
27316,1296.0,
10225,223.0,
61466,1432.0,
50195,258.0,
08063,114.0,
54330,437.0,
57099,253.0,
62902,3337.0,
52473,102.0,
80555,672.0,
29247,3555.0,
81110,102.0,
39327,839.0,
60517,832.0,
07085,554.0,
80053,85.0,
40291,1376.0,
25059,284.0,
90082,287.0,
21690,90.0,
21232,217.0,
42311,1469.0,
45066,704.0,
50371,428.0,
18215,177.0,
37100,436.0,
44111,2012.0,
14460,1337.0,
26355,579.0,
02729,97.0,
33068,82.0,
57619,512.0,
67206,1155.0,
58032,382.0,
14419,278.0,
65384,122.0,
03233,366.0,
61108,181.0,
85221,2476.0,
57430,301.0,
11274,336.0,
52510,380.0,
62714,777.0,
17122,253.0,
32151,73.0,
10206,122.0,
16385,1224.0,
23133,353.0,
80520,164.0,
71579,154.0,
38457,2823.0,
62249,6604.0,
89009,340.0,
46225,2523.0,
56027,503.0,
01291,789.0,
40038,95.0,
11395,33.0,
04178,1249.0,
65242,232.0,
46168,145.0,
24316,404.0,
88369,2008.0,
68349,3936.0,
54133,141.0,
34222,458.0,
05004,896.0,
34236,52.0,
60388,142.0,
54411,246.0,
64388,129.0,
77348,297.0,
21414,302.0,
89468,419.0,
95210,11332.0,
33310,183.0,
38072,2394.0,
27171,403.0,
01261,669.0,
02102,207.0,
69099,1399.0,
67371,633.0,
34266,482.0,
52515,101.0,
39457,53.0,
79284,809.0,
65399,90.0,
42069,2794.0,
19054,189.0,
23065,278.0,
13062,4563.0,
62010,205.0,
57626,503.0,
83034,9905.0,
54049,587.0,
30056,330.0,
80020,745.0,
16237,226.0,
33473,3050.0,
74042,12648.0,
60342,4243.0,
78418,15183.0,
02322,405.0,
77364,262.0,
80782,420.0,
88119,178.0,
50215,1997.0,
62578,96.0,
62592,525.0,
86291,106.0,
77035,566.0,
69388,81531.0,
23238,369.0,
27026,374.0,
34322,716.0,
26327,164.0,
71436,1053.0,
88281,375.0,
38434,614.0,
73187,1844.0,
31476,783.0,
25448,1471.0,
17459,557.0,
70445,104.0,
38176,1980.0,
65420,68.0,
59181,577.0,
64436,895.0,
09325,27.0,
67526,1475.0,
48192,98.0,
88230,41.0,
14020,3619.0,
02620,372.0,
19285,1233.0,
14500,156.0,
09089,52.0,
43128,136.0,
86209,1934.0,
70261,1417.0,
54288,494.0,
64446,145.0,
39434,4152.0,
02176,200.0,
47159,1470.0,
40088,20776.0,
86070,7086.0,
77419,3181.0,
47076,277.0,
24273,323.0,
70024,463.0,
41009,718.0,
64184,545.0,
50041,1485.0,
54431,14792.0,
23229,296.0,
71264,318.0,
46269,74.0,
80738,144.0,
17075,1322.0,
95480,5573.0,
63422,479.0,
27560,255.0,
22062,547.0,
80375,367.0,
58117,4620.0,
02558,2792.0,
06048,7279.0,
08158,258.0,
61258,758.0,
21275,141.0,
30279,758.0,
59436,790.0,
63222,544.0,
80079,355.0,
89224,165.0,
40082,265.0,
80160,1224.0,
31029,319.0,
28322,544.0,
52089,79.0,
03054,228.0,
14301,4990.0,
54069,377.0,
56247,3382.0,
70104,628.0,
59383,11335.0,
46022,227.0,
68379,1041.0,
2A203,102.0,
34235,304.0,
21083,127.0,
62212,443.0,
86173,685.0,
33058,4730.0,
17444,1638.0,
71123,404.0,
76429,7698.0,
88129,94.0,
54568,269.0,
76116,3376.0,
95430,3414.0,
64027,183.0,
66203,50.0,
17416,62.0,
07280,975.0,
57515,1937.0,
86134,215.0,
88107,32.0,
76251,450.0,
77199,1154.0,
52181,97.0,
60375,389.0,
26216,784.0,
11256,546.0,
04030,58.0,
32355,87.0,
29191,3371.0,
971104,5479.0,
70283,436.0,
39455,62.0,
09047,1086.0,
23261,303.0,
21423,658.0,
66213,6544.0,
02821,751.0,
68262,847.0,
63432,876.0,
67307,460.0,
51194,468.0,
11325,430.0,
77490,739.0,
38175,3362.0,
76106,542.0,
01207,316.0,
50628,165.0,
59443,380.0,
59231,1068.0,
52511,60.0,
01444,1160.0,
54351,1730.0,
78624,11572.0,
95541,978.0,
62666,3157.0,
42180,1043.0,
27630,291.0,
19135,363.0,
39025,299.0,
95637,15705.0,
39106,268.0,
61278,1943.0,
32438,95.0,
2B296,113.0,
72308,1574.0,
55149,129.0,
84012,2387.0,
21160,94.0,
22356,931.0,
55429,43.0,
73294,318.0,
25104,65.0,
30238,54.0,
58081,340.0,
47228,698.0,
67435,900.0,
69295,1691.0,
01297,759.0,
11104,43.0,
38223,1703.0,
80227,434.0,
10348,247.0,
61069,163.0,
38389,3273.0,
44097,1816.0,
80514,111.0,
69051,1024.0,
03052,1092.0,
08214,461.0,
57513,144.0,
80699,114.0,
80170,111.0,
19199,223.0,
01146,402.0,
38275,296.0,
64066,324.0,
07005,1402.0,
71512,3132.0,
11248,73.0,
67117,417.0,
55303,82.0,
35268,410.0,
65146,304.0,
25192,173.0,
62880,203.0,
70331,470.0,
21221,65.0,
68057,263.0,
77219,2283.0,
69018,2039.0,
76715,639.0,
39024,284.0,
31273,2763.0,
55121,117.0,
57389,489.0,
21278,9055.0,
25082,954.0,
76202,239.0,
46053,405.0,
65018,87.0,
42128,409.0,
72336,1273.0,
25617,387.0,
58140,252.0,
62398,278.0,
39051,385.0,
44137,3382.0,
62804,359.0,
18053,303.0,
34039,1736.0,
35358,1125.0,
01265,3410.0,
16020,410.0,
38368,1004.0,
83006,228.0,
40265,109.0,
79303,343.0,
60311,210.0,
22222,4505.0,
67356,2352.0,
35304,1303.0,
81115,1418.0,
59071,2220.0,
55371,72.0,
80566,327.0,
31350,96.0,
30068,844.0,
54027,794.0,
80476,338.0,
53058,333.0,
47158,129.0,
04026,151.0,
25145,121.0,
51010,147.0,
07166,268.0,
36108,270.0,
21639,760.0,
18099,253.0,
81266,1097.0,
35044,386.0,
65213,123.0,
59277,357.0,
53238,581.0,
01034,8909.0,
35092,800.0,
39038,151.0,
19150,376.0,
32354,127.0,
26022,80.0,
47310,8914.0,
92019,32623.0,
45162,533.0,
16042,138.0,
21389,233.0,
51469,108.0,
45299,301.0,
76426,179.0,
50036,443.0,
73286,1183.0,
89316,203.0,
54527,735.0,
73217,339.0,
69126,617.0,
63048,890.0,
83131,5499.0,
74231,483.0,
10203,438.0,
03010,447.0,
42095,17066.0,
41107,449.0,
27489,574.0,
71577,207.0,
31150,5930.0,
03311,331.0,
42084,162.0,
60070,455.0,
41129,742.0,
21053,198.0,
19219,63.0,
06097,296.0,
13072,3099.0,
55370,202.0,
25097,450.0,
77123,792.0,
29109,1472.0,
11159,140.0,
57107,106.0,
70167,377.0,
77369,696.0,
80554,836.0,
65451,714.0,
2B073,99.0,
22227,735.0,
43156,144.0,
63005,385.0,
33482,237.0,
01089,1940.0,
18255,992.0,
31565,898.0,
38240,699.0,
04157,749.0,
02199,632.0,
47130,382.0,
08356,163.0,
08260,630.0,
21067,688.0,
11289,1012.0,
52074,690.0,
19085,750.0,
14173,491.0,
71351,1978.0,
81209,2886.0,
76017,534.0,
21372,88.0,
21616,188.0,
63188,569.0,
33374,813.0,
34145,25006.0,
21359,58.0,
59620,608.0,
53224,1096.0,
62609,1505.0,
19179,207.0,
67186,404.0,
04027,244.0,
78536,381.0,
57679,528.0,
62472,174.0,
17223,155.0,
33538,533.0,
68030,450.0,
78528,398.0,
52257,109.0,
10122,262.0,
67096,304.0,
21669,67.0,
30003,8450.0,
37243,3141.0,
02676,1883.0,
71235,1949.0,
51643,585.0,
04199,218.0,
62758,11323.0,
76378,1767.0,
56072,508.0,
36127,1685.0,
80381,42.0,
41002,874.0,
59106,701.0,
76334,547.0,
64093,673.0,
64008,281.0,
79286,464.0,
85121,1137.0,
71041,199.0,
35054,1788.0,
52447,183.0,
76368,359.0,
62760,288.0,
41034,115.0,
72271,836.0,
80065,98.0,
34201,293.0,
84049,533.0,
65359,24.0,
18156,409.0,
37261,134803.0,
68013,928.0,
26173,782.0,
66140,3374.0,
35245,3762.0,
47162,198.0,
02156,242.0,
42264,1031.0,
71496,169.0,
41282,482.0,
85093,1177.0,
43102,1034.0,
32245,146.0,
62889,772.0,
62458,1057.0,
18088,217.0,
51279,191.0,
09138,217.0,
34131,583.0,
54316,249.0,
77010,881.0,
79029,675.0,
57359,163.0,
07130,171.0,
17257,758.0,
21167,121.0,
48043,555.0,
69386,50364.0,
60071,176.0,
51103,166.0,
47226,558.0,
74282,3174.0,
02025,362.0,
18124,350.0,
33514,2523.0,
57666,6619.0,
61008,1337.0,
78440,31487.0,
53089,471.0,
10028,125.0,
57151,176.0,
85282,860.0,
12130,1197.0,
88101,1192.0,
60552,271.0,
35241,2312.0,
59051,6565.0,
78586,51599.0,
79119,663.0,
71064,957.0,
22133,641.0,
61038,1598.0,
06061,100.0,
57357,408.0,
92060,28500.0,
69189,1868.0,
31178,208.0,
70179,199.0,
19138,1280.0,
14174,5244.0,
25303,209.0,
24161,135.0,
60010,1735.0,
54041,155.0,
52122,116.0,
59206,3333.0,
50178,1379.0,
34127,2975.0,
32131,129.0,
77161,821.0,
26160,1107.0,
971112,5376.0,
08193,266.0,
21273,1206.0,
80698,226.0,
33520,313.0,
12183,201.0,
83135,1329.0,
58058,336.0,
71547,269.0,
02091,103.0,
44198,7754.0,
71422,291.0,
85146,5118.0,
80830,224.0,
49211,1208.0,
56175,3859.0,
24228,524.0,
01308,815.0,
89329,81.0,
64208,375.0,
64228,231.0,
10303,89.0,
69180,279.0,
44048,2393.0,
24123,112.0,
41277,132.0,
55063,2655.0,
27156,530.0,
25527,4830.0,
21228,147.0,
38144,2644.0,
42013,1996.0,
09136,95.0,
60658,684.0,
37172,3929.0,
57642,2717.0,
80473,287.0,
14579,717.0,
54472,832.0,
60488,287.0,
15087,324.0,
07033,183.0,
80674,3437.0,
82115,1914.0,
39569,669.0,
2B206,34.0,
55355,158.0,
24559,347.0,
80337,229.0,
27063,211.0,
51586,160.0,
88210,177.0,
52392,107.0,
68115,1349.0,
39180,270.0,
04169,93.0,
92078,25466.0,
62860,122.0,
11389,14.0,
16112,59.0,
55244,228.0,
02028,2616.0,
57512,588.0,
16058,1462.0,
59064,1168.0,
65141,58.0,
30185,1396.0,
46123,366.0,
14140,332.0,
42166,606.0,
54074,30.0,
67286,1452.0,
72085,202.0,
41171,1513.0,
81276,1141.0,
64127,432.0,
25604,131.0,
70213,252.0,
08142,2245.0,
39425,101.0,
41195,132.0,
42199,1926.0,
51390,732.0,
45094,230.0,
28100,412.0,
51440,1718.0,
62075,1315.0,
67481,1008.0,
32385,182.0,
08254,556.0,
64373,1894.0,
76154,475.0,
27638,2273.0,
28254,508.0,
33448,2915.0,
02014,742.0,
61454,577.0,
59096,1642.0,
58069,173.0,
86157,4069.0,
63082,381.0,
46204,562.0,
39337,76.0,
25447,303.0,
22251,6088.0,
56040,3319.0,
02492,468.0,
80133,238.0,
72142,159.0,
31362,214.0,
62486,1052.0,
71307,302.0,
35282,1122.0,
59576,1673.0,
10113,207.0,
64242,65.0,
42033,677.0,
95690,309.0,
37217,1461.0,
66170,146.0,
55041,643.0,
27587,779.0,
15036,437.0,
32140,59.0,
59649,244.0,
61198,130.0,
61386,457.0,
64494,255.0,
51497,44.0,
31092,130.0,
38416,8086.0,
02293,586.0,
41114,276.0,
12094,1056.0,
12199,1898.0,
69012,623.0,
13039,15814.0,
51578,74.0,
65019,514.0,
55569,159.0,
64465,168.0,
69258,315.0,
91191,9138.0,
02343,73.0,
26174,1039.0,
02732,101.0,
82193,138.0,
25482,629.0,
61072,215.0,
50433,1173.0,
41062,521.0,
86274,1096.0,
88168,124.0,
12131,1476.0,
64061,3554.0,
09277,646.0,
27671,141.0,
66234,84.0,
73181,3808.0,
16089,3605.0,
67161,393.0,
974407,35881.0,
02491,332.0,
06138,1514.0,
06110,123.0,
52182,2072.0,
08235,426.0,
53045,699.0,
67133,500.0,
82069,203.0,
02098,383.0,
34065,575.0,
24208,211.0,
25067,195.0,
43105,199.0,
89232,293.0,
28300,142.0,
38195,711.0,
27412,1062.0,
21172,275.0,
24448,485.0,
17306,18138.0,
57460,1560.0,
62025,1884.0,
65280,406.0,
09031,40.0,
77193,256.0,
77510,754.0,
09308,206.0,
65342,72.0,
71005,247.0,
65199,43.0,
38204,215.0,
22220,1742.0,
80295,383.0,
25338,81.0,
61037,147.0,
46182,1711.0,
63157,343.0,
63442,55.0,
04183,156.0,
67150,1301.0,
16355,1266.0,
91414,399.0,
59165,6522.0,
62349,1340.0,
71018,552.0,
51389,775.0,
70428,1506.0,
62023,2992.0,
88153,351.0,
70426,273.0,
46340,375.0,
80206,121.0,
25122,512.0,
55085,269.0,
2A174,85.0,
31231,535.0,
76237,528.0,
77387,471.0,
26249,643.0,
59626,1234.0,
14309,770.0,
57058,7439.0,
31561,11731.0,
08107,1425.0,
51444,489.0,
45205,262.0,
39439,549.0,
61166,171.0,
55469,109.0,
09318,117.0,
42213,324.0,
43011,172.0,
22361,604.0,
81281,2023.0,
22032,2448.0,
22140,522.0,
55533,2036.0,
50090,515.0,
88362,97.0,
23049,226.0,
47083,94.0,
77427,600.0,
02777,159.0,
62190,1267.0,
63255,344.0,
79311,1822.0,
25510,336.0,
90017,1965.0,
57677,1083.0,
76094,298.0,
47188,269.0,
03239,264.0,
01452,1108.0,
93070,47534.0,
35176,2991.0,
65097,188.0,
14044,1159.0,
64131,607.0,
60129,1470.0,
83005,319.0,
65370,1119.0,
55198,726.0,
65071,41.0,
65147,601.0,
59033,8816.0,
03100,1464.0,
38258,79.0,
37219,1052.0,
91514,8444.0,
32161,98.0,
973314,135.0,
47075,889.0,
32182,165.0,
67487,1643.0,
34020,395.0,
40005,200.0,
88316,50.0,
83126,64523.0,
54096,330.0,
24446,55.0,
21084,59.0,
73099,410.0,
38094,1999.0,
70035,156.0,
01454,997.0,
63162,327.0,
34243,1861.0,
14273,145.0,
04156,209.0,
88471,119.0,
74234,822.0,
89056,596.0,
79115,625.0,
68152,2560.0,
42223,5992.0,
52088,646.0,
40292,1384.0,
53099,975.0,
34242,985.0,
79319,884.0,
28077,188.0,
67001,2025.0,
77097,295.0,
31467,5824.0,
25290,91.0,
52118,319.0,
31497,1865.0,
21714,372.0,
71239,781.0,
22049,1711.0,
38082,1823.0,
21452,1832.0,
32228,92.0,
27061,303.0,
2A024,184.0,
43237,237.0,
81059,674.0,
87148,951.0,
61102,425.0,
89122,548.0,
02555,2174.0,
62891,141.0,
04115,112.0,
59228,1479.0,
77398,703.0,
94037,16427.0,
57707,608.0,
50186,190.0,
21475,495.0,
31354,64.0,
09249,152.0,
11075,108.0,
77260,1802.0,
30213,25.0,
33179,2998.0,
67260,311.0,
63036,341.0,
64167,215.0,
76402,5921.0,
40316,806.0,
01019,21.0,
30184,1338.0,
31175,625.0,
51085,403.0,
83028,1836.0,
59613,1474.0,
41084,985.0,
19287,255.0,
71542,1610.0,
50232,456.0,
65432,182.0,
2B301,61.0,
2B218,102.0,
76422,264.0,
80190,1276.0,
80182,2610.0,
94047,4431.0,
78335,16040.0,
54252,462.0,
09199,701.0,
35305,382.0,
33234,3342.0,
70192,188.0,
39114,154.0,
77436,892.0,
67037,332.0,
48038,288.0,
56231,3665.0,
36215,531.0,
85135,2783.0,
88348,143.0,
70462,78.0,
11332,1298.0,
60560,730.0,
35239,4088.0,
02783,145.0,
42329,364.0,
21272,167.0,
58175,176.0,
15241,50.0,
28154,1635.0,
81177,462.0,
37279,770.0,
67166,221.0,
29187,788.0,
27493,3213.0,
21007,238.0,
95554,956.0,
01100,146.0,
89035,426.0,
71386,110.0,
50499,489.0,
07044,240.0,
05108,133.0,
80667,119.0,
60642,1075.0,
18157,750.0,
57172,261.0,
04019,2706.0,
23201,210.0,
12127,714.0,
03049,392.0,
51419,143.0,
61203,960.0,
81250,290.0,
90063,444.0,
76104,290.0,
62387,372.0,
55119,191.0,
59587,582.0,
01449,681.0,
10139,182.0,
34313,594.0,
42328,666.0,
25583,244.0,
29235,11323.0,
79257,1591.0,
77135,1449.0,
71025,371.0,
15096,307.0,
89031,627.0,
11014,1544.0,
89410,92.0,
66046,645.0,
02400,149.0,
17106,281.0,
78410,923.0,
40210,970.0,
34314,403.0,
60421,405.0,
57203,232.0,
55477,438.0,
78381,840.0,
07243,298.0,
63282,1559.0,
33051,9950.0,
71078,137.0,
67011,954.0,
04094,2664.0,
11023,780.0,
21450,158.0,
76214,249.0,
50537,420.0,
54099,5757.0,
55485,76.0,
60285,318.0,
10337,33.0,
61096,1487.0,
84108,2118.0,
43052,222.0,
77522,301.0,
57329,463.0,
71088,227.0,
65462,244.0,
31364,2831.0,
18192,257.0,
80194,134.0,
01110,124.0,
36122,191.0,
22225,5294.0,
57069,496.0,
57732,833.0,
18017,296.0,
71421,197.0,
85144,1325.0,
38219,670.0,
78192,1108.0,
68357,565.0,
63458,163.0,
22124,209.0,
51371,53.0,
40034,615.0,
76679,96.0,
33299,378.0,
59179,10964.0,
01264,999.0,
33492,2293.0,
51275,187.0,
47327,413.0,
80265,577.0,
28162,343.0,
27444,226.0,
79165,171.0,
24507,114.0,
02764,70.0,
91097,6709.0,
44010,3008.0,
24494,448.0,
85287,472.0,
60124,283.0,
12010,123.0,
21034,128.0,
60618,289.0,
42193,1407.0,
70532,482.0,
62796,541.0,
22386,782.0,
25511,329.0,
88171,52.0,
59025,1536.0,
55027,163.0,
59506,434.0,
11182,165.0,
2B243,39.0,
90064,289.0,
55515,73.0,
73183,1145.0,
33246,170.0,
73168,122.0,
62518,166.0,
32407,161.0,
24436,1048.0,
57042,689.0,
50507,331.0,
51148,174.0,
17138,271.0,
86122,62.0,
41293,260.0,
07026,287.0,
32067,52.0,
16258,514.0,
53046,307.0,
58019,90.0,
03020,294.0,
22166,2609.0,
55282,96.0,
31472,246.0,
33249,20770.0,
44102,2987.0,
25489,313.0,
47112,444.0,
03247,1019.0,
03005,347.0,
36223,144.0,
39396,1044.0,
71548,251.0,
52233,104.0,
59274,495.0,
81320,171.0,
63249,448.0,
11257,210.0,
05013,156.0,
24159,418.0,
10334,588.0,
32231,463.0,
06087,43.0,
25573,8.0,
25542,1535.0,
22095,188.0,
14256,306.0,
41247,1610.0,
81229,134.0,
26376,108.0,
18150,680.0,
62551,245.0,
77040,3776.0,
36034,2731.0,
11070,319.0,
61233,249.0,
80365,166.0,
77151,333.0,
46109,460.0,
76143,1319.0,
24080,500.0,
39505,53.0,
33197,434.0,
91330,5550.0,
73007,1733.0,
62437,340.0,
09274,330.0,
02431,422.0,
11236,232.0,
63079,128.0,
21045,243.0,
28037,329.0,
80792,252.0,
57387,256.0,
40202,3178.0,
61182,416.0,
63251,306.0,
51490,202.0,
14550,96.0,
51352,910.0,
88499,149.0,
55334,173.0,
12101,1058.0,
67112,2849.0,
36184,562.0,
65221,236.0,
66076,59.0,
88193,127.0,
69010,6271.0,
76559,575.0,
86247,515.0,
31104,684.0,
36061,358.0,
33269,350.0,
17024,1415.0,
62561,201.0,
32364,95.0,
24353,326.0,
80436,529.0,
33036,4731.0,
25614,2645.0,
25112,1247.0,
25212,2336.0,
25312,82.0,
59369,4040.0,
22274,278.0,
66152,100.0,
64552,190.0,
08445,374.0,
62685,287.0,
49329,1376.0,
55343,62.0,
64172,237.0,
47151,342.0,
74219,1211.0,
33546,531.0,
21329,40.0,
10235,34.0,
37226,4290.0,
71402,755.0,
21564,422.0,
67353,238.0,
02433,239.0,
62574,229.0,
31011,228.0,
76117,660.0,
67103,1102.0,
05180,491.0,
02580,830.0,
14371,2140.0,
71340,1528.0,
08226,208.0,
14668,285.0,
02594,159.0,
01419,6006.0,
24016,830.0,
36040,123.0,
77505,404.0,
07011,541.0,
67391,462.0,
02598,691.0,
22014,1118.0,
42303,295.0,
74283,1003.0,
59087,726.0,
65197,190.0,
73156,305.0,
02170,125.0,
60090,361.0,
32080,177.0,
2A310,80.0,
52524,265.0,
37192,1176.0,
74307,900.0,
78117,5606.0,
11438,369.0,
65281,213.0,
80303,462.0,
70150,294.0,
33428,93.0,
88040,271.0,
32247,302.0,
52385,39.0,
06054,4317.0,
51052,511.0,
01306,1611.0,
45265,416.0,
51041,117.0,
01087,284.0,
39244,172.0,
03314,1305.0,
59555,1503.0,
19109,203.0,
62312,294.0,
33146,2106.0,
10134,100.0,
37262,327.0,
02622,52.0,
02154,340.0,
84107,1236.0,
30070,657.0,
77304,30.0,
16144,392.0,
14080,105.0,
08333,215.0,
80650,649.0,
10254,337.0,
40329,507.0,
81084,635.0,
07342,1225.0,
10147,137.0,
32150,187.0,
60214,194.0,
32447,80.0,
69013,3428.0,
41052,1044.0,
04075,397.0,
11025,286.0,
76316,436.0,
27066,274.0,
76022,352.0,
62257,479.0,
57717,197.0,
65021,373.0,
73089,1191.0,
69072,8538.0,
08130,57.0,
80545,543.0,
76652,724.0,
71489,544.0,
87179,269.0,
89413,40.0,
02114,1397.0,
31431,73.0,
68292,2326.0,
12129,484.0,
31397,59.0,
59636,9854.0,
88108,571.0,
02263,115.0,
17312,838.0,
81303,411.0,
63293,207.0,
38353,867.0,
71443,1614.0,
08406,376.0,
25154,274.0,
32423,59.0,
05116,202.0,
26023,969.0,
35072,1719.0,
70044,429.0,
57407,616.0,
47006,642.0,
42338,1413.0,
60368,2563.0,
66010,46.0,
37201,750.0,
77121,3239.0,
32219,300.0,
80635,1448.0,
05021,151.0,
18093,153.0,
62109,204.0,
14752,3120.0,
33129,156.0,
84130,123.0,
24115,2116.0,
21695,42.0,
68082,7395.0,
72329,4064.0,
62803,615.0,
64533,590.0,
39497,103.0,
79062,4744.0,
76182,277.0,
76529,325.0,
62172,336.0,
91577,5343.0,
67463,3311.0,
54160,413.0,
27674,280.0,
65220,236.0,
31155,233.0,
95572,23702.0,
70050,107.0,
53209,534.0,
39346,121.0,
14021,540.0,
34226,1679.0,
14034,538.0,
27370,348.0,
11115,908.0,
01273,1610.0,
21627,118.0,
35144,922.0,
44187,4273.0,
27700,622.0,
32398,320.0,
03072,522.0,
81227,2306.0,
51211,69.0,
80466,123.0,
61097,608.0,
88019,174.0,
16343,282.0,
07177,820.0,
35112,1025.0,
61397,3868.0,
28227,4357.0,
50219,652.0,
41218,769.0,
60045,558.0,
30274,3268.0,
60093,467.0,
11010,322.0,
07292,1106.0,
64556,357.0,
77156,836.0,
08168,175.0,
72027,364.0,
972212,10012.0,
57227,21596.0,
71365,529.0,
58116,125.0,
21092,193.0,
42284,1478.0,
32329,183.0,
61156,537.0,
78246,993.0,
62085,133.0,
92024,59255.0,
88523,158.0,
42321,117.0,
36136,129.0,
11241,317.0,
47117,840.0,
89025,7118.0,
27182,146.0,
77183,9504.0,
88063,124.0,
59598,3961.0,
28116,2819.0,
58089,215.0,
01054,1258.0,
62805,228.0,
54465,809.0,
27649,341.0,
62495,328.0,
88407,123.0,
13011,450.0,
30281,1588.0,
16302,198.0,
72131,593.0,
51181,369.0,
36221,425.0,
38215,2153.0,
32374,193.0,
30085,1102.0,
89485,225.0,
58214,2410.0,
56169,5291.0,
10380,80.0,
55108,150.0,
21601,94.0,
10339,266.0,
62873,673.0,
62314,373.0,
56201,616.0,
71390,1068.0,
78683,2721.0,
32198,162.0,
80095,220.0,
11037,878.0,
51372,538.0,
80827,1364.0,
88312,201.0,
39065,97.0,
87043,185.0,
57323,7568.0,
46119,246.0,
24456,188.0,
85031,3072.0,
14348,77.0,
42226,390.0,
88351,1792.0,
78087,1940.0,
71377,128.0,
67470,109.0,
68317,1141.0,
80467,180.0,
60547,612.0,
05112,78.0,
60541,378.0,
33150,323.0,
80380,224.0,
57510,1017.0,
46213,179.0,
73101,96.0,
48015,216.0,
58109,910.0,
40227,1389.0,
40301,124.0,
64484,862.0,
02246,597.0,
79090,882.0,
47106,5074.0,
25228,3607.0,
33382,2031.0,
33504,762.0,
21173,644.0,
08388,361.0,
62130,635.0,
74137,3395.0,
82067,110.0,
25346,165.0,
88074,63.0,
31036,1263.0,
14760,793.0,
46143,1334.0,
28358,2015.0,
57506,266.0,
34170,249.0,
02148,260.0,
50256,3312.0,
28090,96.0,
24496,328.0,
38469,75.0,
59221,2474.0,
08439,159.0,
26077,923.0,
59220,17497.0,
31573,3384.0,
88146,188.0,
35354,319.0,
21674,234.0,
23241,194.0,
74128,3278.0,
31095,135.0,
73318,257.0,
31017,95.0,
46240,645.0,
49183,3016.0,
72252,1209.0,
59527,11533.0,
55324,531.0,
09067,200.0,
59262,2023.0,
67194,4818.0,
72374,161.0,
16339,301.0,
02668,1037.0,
10377,144.0,
40015,73.0,
17116,231.0,
46330,1345.0,
56051,633.0,
33367,417.0,
85181,647.0,
08347,260.0,
30158,412.0,
59454,549.0,
85169,1085.0,
02140,453.0,
67462,19332.0,
71300,577.0,
51232,445.0,
34061,624.0,
24424,120.0,
17052,720.0,
47287,250.0,
74038,1033.0,
59093,322.0,
14193,707.0,
85003,8741.0,
01255,561.0,
27045,749.0,
57388,263.0,
50643,797.0,
72100,412.0,
81284,1521.0,
55582,109.0,
25105,516.0,
89218,1266.0,
88287,74.0,
68375,10562.0,
76379,181.0,
39093,426.0,
80425,117.0,
37175,1277.0,
59257,876.0,
24382,525.0,
39404,461.0,
50159,649.0,
69042,565.0,
24541,90.0,
31415,95.0,
71338,235.0,
12229,266.0,
90060,119.0,
62749,322.0,
67094,255.0,
14400,196.0,
37257,1635.0,
77196,678.0,
71283,521.0,
14675,2164.0,
12292,452.0,
21158,171.0,
73275,349.0,
09245,1271.0,
31074,263.0,
84048,56.0,
58103,503.0,
62897,495.0,
86129,539.0,
85153,2821.0,
24218,1237.0,
2B075,63.0,
76203,778.0,
77231,798.0,
43192,324.0,
42181,1572.0,
77221,1165.0,
51325,125.0,
21525,895.0,
15223,202.0,
67334,136.0,
32206,206.0,
27538,560.0,
33103,52.0,
35138,1135.0,
02567,313.0,
37063,5072.0,
95625,1323.0,
38171,320.0,
80048,66.0,
62008,742.0,
60102,2092.0,
35045,852.0,
71497,1868.0,
70560,166.0,
76615,559.0,
10412,946.0,
57594,123.0,
38118,1476.0,
27480,580.0,
24521,1051.0,
51655,298.0,
47317,583.0,
19156,128.0,
88317,643.0,
45132,362.0,
63152,294.0,
29264,835.0,
57588,1101.0,
25418,1310.0,
21200,1160.0,
31010,108.0,
01181,1176.0,
19160,179.0,
47123,459.0,
70284,262.0,
63211,1462.0,
84110,39.0,
70325,309.0,
65277,92.0,
25086,161.0,
36247,1226.0,
01035,327.0,
41065,528.0,
63143,1106.0,
76153,333.0,
01139,454.0,
59381,878.0,
95379,201.0,
28197,130.0,
39568,54.0,
59450,656.0,
02552,188.0,
04107,2.0,
26028,254.0,
16116,446.0,
21500,601.0,
80460,62.0,
22326,535.0,
25114,395.0,
31113,12388.0,
11157,234.0,
46050,147.0,
80285,254.0,
86258,2311.0,
21243,99.0,
44134,965.0,
06070,597.0,
26311,1348.0,
78548,477.0,
60122,539.0,
41220,4289.0,
88465,7895.0,
49050,3059.0,
01279,97.0,
65324,202.0,
08109,153.0,
70353,514.0,
65062,3437.0,
05084,459.0,
86191,264.0,
53042,823.0,
32298,365.0,
23260,162.0,
11111,715.0,
17469,553.0,
40120,591.0,
27022,5043.0,
68062,2047.0,
65385,97.0,
81147,1110.0,
29236,4111.0,
73301,769.0,
31558,311.0,
31406,811.0,
81042,1998.0,
49298,1609.0,
70410,681.0,
62443,6073.0,
57249,256.0,
51065,666.0,
95592,1306.0,
11390,533.0,
15160,1096.0,
82131,1513.0,
38053,27163.0,
80141,340.0,
37058,1474.0,
27181,616.0,
67403,445.0,
80134,65.0,
60434,212.0,
62035,5923.0,
76086,228.0,
67197,1396.0,
56113,905.0,
62767,5081.0,
27333,638.0,
14424,208.0,
80807,270.0,
40323,245.0,
04143,5716.0,
32216,139.0,
33216,168.0,
81318,148.0,
2B283,691.0,
74049,462.0,
15073,103.0,
63074,179.0,
74009,806.0,
09154,45.0,
50106,223.0,
22075,712.0,
30207,636.0,
59497,2085.0,
32330,206.0,
63285,705.0,
10293,147.0,
09111,275.0,
26054,1364.0,
03246,629.0,
81283,1090.0,
25600,147.0,
21392,65.0,
18120,632.0,
80299,211.0,
72265,268.0,
54026,178.0,
17464,143.0,
51410,612.0,
59640,773.0,
55531,289.0,
22183,3212.0,
88069,137.0,
31577,119.0,
89104,340.0,
69257,1060.0,
67366,683.0,
45232,20458.0,
26286,23.0,
27411,186.0,
74267,4121.0,
81173,261.0,
56151,3677.0,
29057,3252.0,
17324,120.0,
01313,7560.0,
55487,92.0,
72346,4398.0,
42155,954.0,
17435,182.0,
32068,124.0,
34019,305.0,
42187,35507.0,
76128,572.0,
28242,104.0,
76640,8311.0,
02644,384.0,
73316,278.0,
72079,316.0,
39324,11.0,
04189,565.0,
51317,54.0,
61327,340.0,
09137,162.0,
55461,497.0,
02721,481.0,
45082,7906.0,
40018,350.0,
02741,555.0,
86220,301.0,
25497,636.0,
18288,247.0,
25366,186.0,
73104,409.0,
57034,36.0,
05062,183.0,
35097,1964.0,
52084,40.0,
91519,400.0,
60679,172.0,
71065,260.0,
80703,219.0,
72171,98.0,
32184,133.0,
19139,84.0,
63288,429.0,
64547,6362.0,
55250,188.0,
60583,388.0,
62769,695.0,
16419,328.0,
21506,469.0,
03130,269.0,
09122,9731.0,
27375,18023.0,
88162,169.0,
02214,64.0,
46075,199.0,
11394,126.0,
78048,1443.0,
12148,1418.0,
44142,1787.0,
88321,6602.0,
02094,408.0,
02661,215.0,
76443,632.0,
59469,376.0,
51263,385.0,
60277,1245.0,
39550,188.0,
50504,205.0,
13076,3137.0,
39233,2033.0,
07080,287.0,
46177,533.0,
02562,231.0,
49246,12112.0,
22048,2109.0,
16085,3042.0,
03146,181.0,
16240,94.0,
12075,111.0,
11276,526.0,
25213,687.0,
31574,2413.0,
39284,120.0,
27094,133.0,
01006,108.0,
67328,871.0,
09186,103.0,
24024,41.0,
31380,453.0,
45238,739.0,
80261,1229.0,
24360,311.0,
57188,442.0,
33404,239.0,
77321,738.0,
64472,824.0,
25143,201.0,
01025,3154.0,
27331,455.0,
18127,1411.0,
79183,375.0,
68134,1805.0,
80089,262.0,
30140,1144.0,
69021,2253.0,
972231,7698.0,
26228,26.0,
17281,164.0,
57096,2512.0,
16293,450.0,
81323,355.0,
53199,230.0,
25596,48.0,
60651,1902.0,
59357,2153.0,
33341,2243.0,
87107,1640.0,
77075,1280.0,
14349,691.0,
50027,921.0,
77293,988.0,
80176,272.0,
76530,199.0,
39060,58.0,
65273,201.0,
67070,281.0,
76438,261.0,
88219,170.0,
49080,3136.0,
90055,335.0,
54365,377.0,
09043,734.0,
30113,245.0,
61121,294.0,
85073,1020.0,
09291,103.0,
50394,2356.0,
74052,949.0,
71337,308.0,
43134,161.0,
08411,84.0,
18188,248.0,
21582,843.0,
79229,589.0,
40284,7773.0,
56090,6365.0,
61094,579.0,
68176,317.0,
07031,716.0,
72328,3658.0,
10133,233.0,
25632,3379.0,
79023,74.0,
76313,803.0,
71069,578.0,
12072,242.0,
55084,55.0,
30272,123.0,
24008,637.0,
34207,2226.0,
91347,6594.0,
39553,296.0,
81130,1806.0,
37044,382.0,
53216,1013.0,
62009,241.0,
51033,260.0,
04171,103.0,
22086,691.0,
55248,326.0,
34273,112.0,
10365,140.0,
04227,261.0,
45068,12812.0,
10061,703.0,
80820,805.0,
65375,1478.0,
80687,139.0,
15189,221.0,
47184,235.0,
07270,438.0,
21176,115.0,
73201,397.0,
67235,422.0,
61260,557.0,
65427,293.0,
29262,804.0,
67283,2702.0,
63366,358.0,
67164,852.0,
06148,3990.0,
02020,464.0,
59182,249.0,
72060,268.0,
51499,166.0,
54582,183.0,
62036,785.0,
22108,111.0,
78092,8729.0,
40197,4447.0,
85292,736.0,
24070,528.0,
40326,1214.0,
71473,177.0,
40150,1981.0,
25315,3108.0,
66197,46.0,
61294,1100.0,
70127,125.0,
16398,97.0,
15141,996.0,
57630,12306.0,
59619,973.0,
57600,1284.0,
21021,2528.0,
59498,386.0,
93031,54857.0,
74015,1053.0,
50040,156.0,
62026,132.0,
25084,1089.0,
77464,9150.0,
25268,133.0,
10431,98.0,
59407,539.0,
73205,142.0,
60675,416.0,
79071,492.0,
46308,102.0,
57691,94.0,
57528,100.0,
24253,1090.0,
54003,106.0,
55051,112.0,
18214,642.0,
67030,685.0,
22012,849.0,
57575,1355.0,
76262,132.0,
71385,542.0,
26299,93.0,
33549,325.0,
78031,629.0,
72028,486.0,
71302,222.0,
46134,250.0,
71141,308.0,
69148,2308.0,
84117,334.0,
06077,1216.0,
27218,1479.0,
01284,649.0,
70231,36.0,
57667,766.0,
42119,401.0,
48069,57.0,
22218,1252.0,
37203,3193.0,
74297,594.0,
39403,230.0,
48090,749.0,
23010,126.0,
31130,87.0,
61344,1061.0,
50550,1727.0,
88174,150.0,
2A362,2553.0,
50413,529.0,
06154,417.0,
51524,291.0,
80556,529.0,
59285,2779.0,
25464,140.0,
24524,171.0,
50569,432.0,
84105,1016.0,
17461,3856.0,
80787,98.0,
82077,388.0,
67508,398.0,
44043,6662.0,
21424,108.0,
62050,1647.0,
64524,370.0,
74027,432.0,
73212,838.0,
76576,1051.0,
60619,1186.0,
79112,798.0,
13089,3299.0,
68385,864.0,
14482,229.0,
60027,492.0,
33305,457.0,
80405,426.0,
2B140,118.0,
59293,1491.0,
66092,110.0,
77284,53766.0,
71404,903.0,
39421,256.0,
80180,102.0,
02756,621.0,
54081,441.0,
75102,21741.0,
69142,6526.0,
58251,495.0,
63209,182.0,
17159,383.0,
11278,101.0,
38288,1617.0,
57532,258.0,
08049,123.0,
26325,6098.0,
71420,2205.0,
51334,414.0,
88442,647.0,
51156,136.0,
66033,428.0,
02429,112.0,
64032,211.0,
16182,496.0,
76020,1214.0,
76021,549.0,
62827,1437.0,
39323,279.0,
48025,440.0,
64350,891.0,
74124,1554.0,
52155,557.0,
25520,174.0,
01447,1214.0,
57114,429.0,
02323,127.0,
46198,104.0,
69190,1849.0,
64359,970.0,
88131,315.0,
16139,249.0,
02044,29.0,
77205,159.0,
48148,520.0,
17439,814.0,
62595,1057.0,
19019,1185.0,
51110,65.0,
41013,278.0,
64435,214.0,
71257,597.0,
39399,380.0,
2A198,596.0,
21062,246.0,
21554,1167.0,
54287,269.0,
01021,1387.0,
59516,963.0,
22295,323.0,
71508,434.0,
33232,46.0,
44076,1264.0,
52157,13.0,
16243,1066.0,
40254,380.0,
63279,355.0,
64378,191.0,
50349,1332.0,
43034,308.0,
45074,118.0,
30042,2471.0,
27289,170.0,
55228,630.0,
12242,334.0,
40215,260.0,
89423,129.0,
59323,1113.0,
32016,653.0,
16025,1291.0,
70530,140.0,
33060,529.0,
69088,6469.0,
71244,422.0,
54587,224.0,
62229,710.0,
65413,118.0,
29102,964.0,
58261,1147.0,
09285,751.0,
61487,294.0,
88315,159.0,
25619,198.0,
58151,3435.0,
55225,158.0,
88096,140.0,
35223,3691.0,
39392,198.0,
73227,1920.0,
73049,132.0,
12053,296.0,
55551,1566.0,
64237,3566.0,
87015,675.0,
86121,1519.0,
62273,519.0,
46246,77.0,
59416,2598.0,
24462,1753.0,
28055,579.0,
54562,151.0,
17386,372.0,
60220,520.0,
65043,275.0,
68351,666.0,
15165,212.0,
15175,1118.0,
59052,5306.0,
64546,2218.0,
28261,652.0,
51550,297.0,
38147,863.0,
22378,226.0,
51140,399.0,
22087,651.0,
80416,721.0,
02366,304.0,
14049,147.0,
65410,550.0,
51378,355.0,
22339,2288.0,
88391,708.0,
01211,1413.0,
80098,94.0,
21048,514.0,
54037,421.0,
65389,928.0,
12215,1129.0,
39581,261.0,
48020,48.0,
52274,283.0,
06095,8005.0,
56219,1272.0,
62810,1217.0,
22291,289.0,
41142,784.0,
60200,332.0,
971118,24039.0,
88476,133.0,
50207,176.0,
30012,3933.0,
09332,2384.0,
60326,602.0,
68120,1207.0,
74024,2093.0,
88289,812.0,
55406,105.0,
63393,1798.0,
60042,1471.0,
87036,670.0,
25236,261.0,
55503,141.0,
26007,122.0,
47173,846.0,
19245,142.0,
63321,929.0,
28099,1078.0,
64053,166.0,
54228,75.0,
62168,848.0,
21629,319.0,
73043,2229.0,
28032,335.0,
22013,2339.0,
68327,348.0,
62625,55.0,
48096,823.0,
39428,23.0,
57240,13278.0,
11170,4750.0,
76497,9097.0,
82102,282.0,
76476,8138.0,
14494,135.0,
82020,618.0,
39461,80.0,
47209,4239.0,
15013,173.0,
63066,1761.0,
88201,899.0,
59488,2334.0,
15053,452.0,
60268,359.0,
02726,166.0,
14572,833.0,
47111,595.0,
54374,487.0,
81097,1314.0,
84129,18500.0,
23156,70.0,
35249,992.0,
38430,339.0,
32417,350.0,
37275,127.0,
33468,468.0,
37249,1381.0,
87144,497.0,
77201,710.0,
80615,445.0,
10330,107.0,
48018,726.0,
58137,55.0,
88338,88.0,
76069,1966.0,
08172,185.0,
11271,32.0,
59183,89882.0,
54362,1280.0,
39350,325.0,
44108,2709.0,
30321,4536.0,
62888,230.0,
45194,2510.0,
21270,158.0,
50271,82.0,
21046,73.0,
76537,167.0,
70018,482.0,
15162,2733.0,
51488,300.0,
07081,74.0,
50357,88.0,
22237,2148.0,
46100,637.0,
57062,432.0,
16193,1031.0,
37007,159.0,
60058,271.0,
02080,364.0,
17295,476.0,
62812,838.0,
22223,1976.0,
22170,1515.0,
04224,93.0,
77415,1158.0,
87143,2067.0,
27466,304.0,
60190,304.0,
62759,467.0,
55501,425.0,
68068,2292.0,
54530,83.0,
09007,71.0,
59237,979.0,
22043,238.0,
55473,126.0,
59452,5443.0,
09001,53.0,
47023,339.0,
25240,3022.0,
63274,426.0,
27672,346.0,
65194,96.0,
76071,458.0,
17020,338.0,
64415,1396.0,
67202,3516.0,
80609,378.0,
39262,142.0,
78337,1934.0,
2A001,2955.0,
09124,1076.0,
55544,169.0,
77449,8369.0,
04194,98.0,
38384,3229.0,
02034,103.0,
69283,12485.0,
33271,184.0,
46222,166.0,
76264,461.0,
54165,637.0,
30025,233.0,
14383,2766.0,
76741,330.0,
88240,271.0,
77200,106.0,
86079,535.0,
55335,279.0,
76082,677.0,
59074,2259.0,
09238,760.0,
2B023,120.0,
29294,618.0,
76144,180.0,
72047,2137.0,
68286,2261.0,
86196,238.0,
88494,127.0,
03089,133.0,
2B263,82.0,
38091,682.0,
45024,2044.0,
57715,328.0,
77290,646.0,
62343,281.0,
14613,97.0,
09101,232.0,
85175,609.0,
25189,221.0,
03144,211.0,
90013,249.0,
21644,166.0,
73161,669.0,
69248,6377.0,
58160,3668.0,
59287,212.0,
02588,71.0,
81077,408.0,
03194,113.0,
69273,10968.0,
34147,3327.0,
78475,364.0,
42220,586.0,
68113,1337.0,
55055,19.0,
61104,50.0,
54060,1413.0,
61041,231.0,
88429,4075.0,
70067,116.0,
44213,3605.0,
30194,290.0,
81246,120.0,
36168,664.0,
16330,866.0,
82042,1219.0,
31034,208.0,
31481,2053.0,
56260,53032.0,
01390,1068.0,
27237,177.0,
41135,886.0,
31483,11241.0,
25578,5213.0,
88454,256.0,
72024,3661.0,
67227,264.0,
73225,2888.0,
47120,118.0,
14352,876.0,
89312,274.0,
29112,949.0,
66005,714.0,
57634,1432.0,
62583,624.0,
06052,118.0,
21295,3121.0,
71094,129.0,
02135,1196.0,
62554,93.0,
64495,6006.0,
31309,230.0,
39236,39.0,
18218,610.0,
57219,574.0,
72381,1276.0,
77443,379.0,
57745,1004.0,
55375,64.0,
51227,470.0,
67338,1405.0,
53172,423.0,
01378,2469.0,
67410,689.0,
01004,14359.0,
09236,383.0,
01196,1099.0,
09073,182.0,
76160,427.0,
47080,133.0,
2B241,30.0,
17158,806.0,
37073,630.0,
04055,182.0,
02647,73.0,
65069,1203.0,
74259,383.0,
21579,228.0,
71416,602.0,
72266,692.0,
10419,762.0,
31276,304.0,
02282,414.0,
14063,181.0,
32294,87.0,
68192,401.0,
17201,462.0,
64154,170.0,
44045,3431.0,
44128,5017.0,
12176,11604.0,
90095,453.0,
01115,1321.0,
39001,791.0,
93078,35329.0,
71089,251.0,
67287,575.0,
03154,291.0,
50086,344.0,
55445,201.0,
47094,716.0,
24087,639.0,
62203,444.0,
63177,413.0,
36162,916.0,
41134,615.0,
37013,473.0,
68106,283.0,
24550,1267.0,
51059,356.0,
34154,16659.0,
53175,1292.0,
27324,586.0,
06017,246.0,
41201,319.0,
39196,100.0,
78497,949.0,
10281,313.0,
64088,281.0,
34183,3907.0,
59252,2419.0,
73071,609.0,
45343,214.0,
57629,737.0,
68105,288.0,
39040,177.0,
32410,2401.0,
61346,188.0,
12162,1132.0,
63124,19287.0,
73204,2043.0,
10342,351.0,
76389,187.0,
57326,305.0,
68112,11322.0,
51638,234.0,
69039,641.0,
77280,1211.0,
60429,410.0,
42170,2214.0,
25266,152.0,
88252,139.0,
51146,121.0,
79283,1357.0,
21652,278.0,
60162,343.0,
55394,6.0,
28005,767.0,
05008,326.0,
58205,651.0,
48167,41.0,
17401,108.0,
38104,1428.0,
73268,523.0,
59537,519.0,
27020,1565.0,
08467,110.0,
95042,2026.0,
36089,379.0,
57024,153.0,
65300,71.0,
59110,1276.0,
36142,1545.0,
12058,116.0,
32440,267.0,
13204,47982.0,
04037,63.0,
30139,361.0,
11124,659.0,
39534,234.0,
87019,2822.0,
83008,2628.0,
89161,206.0,
33405,486.0,
62121,155.0,
63049,717.0,
12262,795.0,
29006,3442.0,
60591,1541.0,
58002,864.0,
15048,43.0,
94046,54470.0,
62515,563.0,
47124,218.0,
65407,110.0,
71165,454.0,
45279,1866.0,
17261,358.0,
68178,975.0,
57138,70.0,
59109,732.0,
62729,245.0,
01356,214.0,
69293,2326.0,
76733,225.0,
32305,390.0,
01012,314.0,
43115,1015.0,
79030,989.0,
73231,1198.0,
62480,2549.0,
62286,495.0,
21248,77.0,
65268,183.0,
53157,1262.0,
39299,529.0,
26229,100.0,
11096,34.0,
17479,248.0,
21454,117.0,
11211,518.0,
69110,1854.0,
62137,107.0,
63415,1210.0,
10218,182.0,
74097,1816.0,
67190,183.0,
87028,890.0,
08174,2483.0,
60571,94.0,
51624,642.0,
39552,341.0,
49370,454.0,
38055,604.0,
72250,204.0,
2B335,346.0,
17147,1306.0,
27579,99.0,
27139,154.0,
57071,444.0,
86228,204.0,
15110,156.0,
61284,232.0,
63402,239.0,
45130,1406.0,
80240,1366.0,
58128,103.0,
57734,437.0,
51346,1187.0,
10039,123.0,
43132,1528.0,
50253,198.0,
33044,228.0,
63027,115.0,
73223,484.0,
57007,116.0,
91017,1642.0,
34248,736.0,
62250,10639.0,
24411,155.0,
65396,379.0,
40220,147.0,
64080,778.0,
56222,2765.0,
64110,223.0,
74141,877.0,
27572,274.0,
62835,580.0,
33282,305.0,
64010,670.0,
61424,206.0,
38231,923.0,
30061,2047.0,
28372,617.0,
39139,71.0,
36157,458.0,
80096,1033.0,
76386,348.0,
95395,917.0,
65345,44.0,
39424,160.0,
36177,315.0,
55307,0.0,
33240,5588.0,
29198,1972.0,
34070,577.0,
63093,1029.0,
32042,130.0,
25233,261.0,
50456,547.0,
64041,642.0,
82078,131.0,
36146,781.0,
85045,1017.0,
39362,3022.0,
14474,236.0,
02760,163.0,
38475,2266.0,
71047,5128.0,
55200,222.0,
30278,2749.0,
07171,535.0,
45151,273.0,
40234,932.0,
60627,278.0,
81204,2202.0,
27393,419.0,
71400,135.0,
14705,160.0,
38180,989.0,
22266,3224.0,
28243,219.0,
65190,67.0,
32090,298.0,
31549,19.0,
25030,435.0,
46332,316.0,
71285,425.0,
42006,424.0,
76660,800.0,
30069,450.0,
34179,1888.0,
40130,142.0,
59111,330.0,
61298,303.0,
10155,187.0,
66059,2162.0,
16276,669.0,
51241,84.0,
82023,835.0,
65263,100.0,
89046,1388.0,
25285,1432.0,
02242,636.0,
81191,251.0,
62705,2071.0,
09013,54.0,
81274,812.0,
76580,913.0,
60181,1035.0,
54356,66.0,
23082,282.0,
43188,461.0,
85151,5958.0,
57558,80.0,
72226,1335.0,
17105,352.0,
51144,623.0,
09105,714.0,
50379,133.0,
91662,721.0,
69383,98956.0,
17136,1228.0,
16409,997.0,
62185,253.0,
62689,414.0,
14180,141.0,
84139,645.0,
59202,4773.0,
84132,8532.0,
09181,1187.0,
74008,6092.0,
87174,1246.0,
08402,716.0,
41143,1500.0,
01094,732.0,
14529,227.0,
39048,293.0,
11301,1141.0,
78263,2402.0,
04087,131.0,
2B009,2214.0,
55364,719.0,
56022,1266.0,
37125,485.0,
62766,1104.0,
11431,267.0,
17078,449.0,
24287,127.0,
76654,474.0,
80509,469.0,
04211,179.0,
40099,329.0,
26052,410.0,
57540,4767.0,
71103,260.0,
69288,5361.0,
21098,133.0,
78334,1676.0,
17246,483.0,
32115,339.0,
59143,8570.0,
69244,21102.0,
91129,3353.0,
22389,4903.0,
14559,226.0,
02292,1176.0,
35168,3326.0,
30307,2618.0,
36235,385.0,
10183,25.0,
63341,537.0,
88385,610.0,
88443,101.0,
47313,144.0,
80825,123.0,
80497,130.0,
56132,2258.0,
25237,2251.0,
69239,1113.0,
62771,9505.0,
57337,635.0,
55270,25.0,
34124,316.0,
16073,1797.0,
21111,272.0,
76649,637.0,
70439,341.0,
85171,564.0,
39293,213.0,
31463,255.0,
89474,320.0,
27508,175.0,
87030,1217.0,
51323,108.0,
56131,1410.0,
89220,488.0,
89249,81.0,
93047,25945.0,
51628,121.0,
76484,11505.0,
79185,2102.0,
39150,1064.0,
10111,110.0,
67142,312.0,
35013,3402.0,
04062,203.0,
55470,201.0,
95476,16441.0,
67076,490.0,
60465,182.0,
81168,1053.0,
08186,46.0,
38527,297.0,
31022,8126.0,
70402,403.0,
64042,729.0,
53030,338.0,
54331,307.0,
2B138,144.0,
82063,665.0,
60555,47.0,
79083,2107.0,
80305,469.0,
81269,541.0,
14254,1570.0,
16047,275.0,
58072,592.0,
34279,354.0,
78245,409.0,
42171,274.0,
14685,1435.0,
38408,2421.0,
07152,1178.0,
2B332,200.0,
03296,381.0,
80478,137.0,
54247,171.0,
80407,145.0,
85143,1070.0,
60372,614.0,
47265,400.0,
07178,584.0,
68360,617.0,
77470,8439.0,
30177,645.0,
38501,1781.0,
09046,76.0,
88216,747.0,
19112,103.0,
52513,75.0,
2A103,1966.0,
57052,567.0,
86084,258.0,
21484,80.0,
72138,2066.0,
29151,15264.0,
63037,467.0,
60492,836.0,
46146,109.0,
90094,700.0,
08503,141.0,
65406,242.0,
14003,249.0,
84115,514.0,
18147,228.0,
14699,3861.0,
55078,344.0,
70335,66.0,
01193,221.0,
27487,679.0,
11168,113.0,
09204,255.0,
29147,2833.0,
34140,2922.0,
11079,191.0,
46322,803.0,
03163,771.0,
70474,138.0,
78499,614.0,
37029,335.0,
26128,52.0,
72216,583.0,
61140,941.0,
48001,184.0,
70393,421.0,
16124,598.0,
64418,144.0,
57169,492.0,
76068,679.0,
57409,699.0,
69133,3909.0,
42139,1349.0,
57315,670.0,
64385,262.0,
77117,828.0,
55423,338.0,
45300,3950.0,
64157,946.0,
28367,355.0,
01166,2087.0,
35174,664.0,
90024,159.0,
54210,233.0,
27377,742.0,
59502,1504.0,
77113,1096.0,
86186,1020.0,
59592,3997.0,
08275,169.0,
82014,320.0,
71225,523.0,
76409,801.0,
47218,280.0,
46015,1558.0,
55082,45.0,
21623,1398.0,
60373,697.0,
53158,1019.0,
14120,1392.0,
70043,246.0,
52151,179.0,
56081,2301.0,
76432,245.0,
12275,49.0,
69098,478.0,
59582,954.0,
28036,819.0,
07038,43.0,
66180,9851.0,
92062,43891.0,
71101,444.0,
77512,1143.0,
16059,197.0,
57578,329.0,
14620,398.0,
54045,430.0,
94073,29280.0,
64202,507.0,
70217,99.0,
72208,411.0,
77384,1775.0,
05056,298.0,
86031,1748.0,
27564,352.0,
17027,464.0,
91315,6659.0,
67242,529.0,
73098,758.0,
69280,1389.0,
29256,757.0,
64449,166.0,
39108,57.0,
80196,268.0,
11399,102.0,
09260,23.0,
46253,213.0,
45258,3339.0,
28277,332.0,
46324,219.0,
70206,494.0,
50634,85.0,
52070,136.0,
2A035,160.0,
11285,1093.0,
71301,211.0,
31109,463.0,
51120,163.0,
51001,146.0,
88340,518.0,
39045,74.0,
77006,1040.0,
42239,1128.0,
25297,174.0,
71401,623.0,
69060,649.0,
71253,920.0,
43226,111.0,
87106,2537.0,
52504,283.0,
29064,436.0,
32384,286.0,
51432,901.0,
21391,823.0,
59041,2365.0,
89391,1300.0,
46152,286.0,
54296,418.0,
78096,518.0,
95633,78.0,
89024,34869.0,
86047,457.0,
57036,105.0,
95585,57533.0,
77165,597.0,
62798,244.0,
31313,127.0,
76332,462.0,
02791,247.0,
26027,155.0,
51283,151.0,
55504,381.0,
26253,68.0,
50196,483.0,
30226,1122.0,
56101,7562.0,
64450,268.0,
2B173,233.0,
41047,4468.0,
72337,887.0,
30267,524.0,
19172,114.0,
12272,490.0,
78165,17735.0,
28409,469.0,
21117,52.0,
27556,51.0,
25211,84.0,
78484,629.0,
22126,149.0,
60626,726.0,
02009,529.0,
60324,911.0,
56209,176.0,
79055,111.0,
61329,743.0,
01295,629.0,
38380,296.0,
25283,73.0,
52448,25626.0,
46184,371.0,
89127,747.0,
67124,2073.0,
03011,412.0,
52102,407.0,
21325,191.0,
84050,1946.0,
71266,355.0,
74159,3233.0,
49170,788.0,
82034,116.0,
54339,7993.0,
50461,204.0,
07324,10545.0,
21269,417.0,
80437,122.0,
21396,68.0,
89388,422.0,
53182,1847.0,
36190,285.0,
49125,7584.0,
27096,356.0,
15170,223.0,
38115,647.0,
77361,483.0,
67409,951.0,
76042,127.0,
80771,41.0,
19246,1755.0,
76156,325.0,
16135,295.0,
04160,1557.0,
41223,713.0,
25185,61.0,
21356,1681.0,
04034,1068.0,
59097,356.0,
54092,62.0,
30229,623.0,
59299,18721.0,
28424,1723.0,
58086,10629.0,
60321,677.0,
24020,923.0,
63019,4023.0,
12276,361.0,
32462,3563.0,
25522,152.0,
67136,269.0,
76563,1902.0,
25408,65.0,
86135,563.0,
82046,102.0,
07241,688.0,
12052,4516.0,
83101,2124.0,
65311,92.0,
33276,145.0,
47140,630.0,
54177,270.0,
95295,171.0,
02768,502.0,
70492,521.0,
67408,1310.0,
79195,5632.0,
23050,138.0,
15045,913.0,
89256,441.0,
19129,678.0,
17342,406.0,
88262,638.0,
34040,50.0,
65231,193.0,
88514,153.0,
65440,41062.0,
51565,106.0,
85182,5536.0,
2A348,889.0,
89180,429.0,
62784,750.0,
64369,280.0,
19264,499.0,
07216,504.0,
27459,75.0,
63092,1627.0,
50032,1001.0,
11247,39.0,
45165,662.0,
36049,118.0,
03312,273.0,
17127,1730.0,
65326,109.0,
64287,125.0,
38303,514.0,
70111,250.0,
11082,8.0,
81285,472.0,
58156,168.0,
30295,2955.0,
24486,380.0,
12099,260.0,
11277,31.0,
29002,1384.0,
54040,1550.0,
91434,21377.0,
61276,168.0,
27543,932.0,
2A144,99.0,
65177,133.0,
17446,447.0,
71231,610.0,
11314,88.0,
70518,102.0,
76468,1403.0,
65123,1345.0,
60170,627.0,
80429,193.0,
46295,165.0,
59396,683.0,
2B015,16.0,
77167,319.0,
76673,1081.0,
85133,986.0,
31037,1438.0,
64178,444.0,
89081,92.0,
83075,641.0,
22351,581.0,
22310,521.0,
30023,864.0,
50442,263.0,
43021,998.0,
28048,656.0,
17431,731.0,
40247,199.0,
54008,463.0,
43135,1772.0,
36084,314.0,
51654,242.0,
21233,164.0,
18106,288.0,
58090,205.0,
40135,869.0,
52221,113.0,
14312,1759.0,
27676,794.0,
77223,574.0,
37207,312.0,
52267,190.0,
47325,475.0,
71492,125.0,
22019,439.0,
50539,1747.0,
25364,1749.0,
06096,89.0,
38409,1213.0,
69109,852.0,
02694,597.0,
45328,284.0,
68217,1711.0,
40104,1166.0,
21293,128.0,
80647,271.0,
17395,497.0,
85023,429.0,
10080,1129.0,
40288,1155.0,
49294,2513.0,
16106,2637.0,
64279,2026.0,
44105,390.0,
78366,366.0,
26049,1154.0,
62329,1840.0,
88102,102.0,
86275,648.0,
2B314,356.0,
59209,667.0,
10114,758.0,
70317,137.0,
22384,1122.0,
87134,145.0,
28362,512.0,
74272,4819.0,
33284,8256.0,
56220,1156.0,
88447,2721.0,
27174,1301.0,
54120,341.0,
54357,9796.0,
27098,74.0,
65315,445.0,
2A295,75.0,
70583,115.0,
51077,200.0,
89342,737.0,
47042,188.0,
41251,505.0,
93027,40678.0,
73210,377.0,
68067,352.0,
31444,137.0,
60284,1697.0,
85126,1301.0,
62123,537.0,
63466,202.0,
91634,1292.0,
11181,430.0,
39349,514.0,
86141,660.0,
17457,823.0,
06028,437.0,
24465,253.0,
79100,2244.0,
35328,2105.0,
80524,567.0,
80088,346.0,
81033,3073.0,
42022,3715.0,
95116,4078.0,
45049,1235.0,
87002,5617.0,
24476,150.0,
88182,211.0,
35014,2235.0,
89425,715.0,
70376,502.0,
62485,369.0,
40239,114.0,
38393,1416.0,
65394,311.0,
62369,610.0,
01425,298.0,
57551,217.0,
33099,3750.0,
64467,798.0,
27104,736.0,
88532,90.0,
89263,4001.0,
91649,2780.0,
27317,466.0,
58031,355.0,
02152,91.0,
47038,588.0,
77254,1310.0,
88489,276.0,
85290,573.0,
79069,1006.0,
31475,1210.0,
29039,18867.0,
38317,11133.0,
09263,25.0,
07227,1313.0,
49195,1055.0,
53101,830.0,
88023,88.0,
24432,622.0,
52549,23.0,
95352,4449.0,
23067,699.0,
02556,83.0,
71322,74.0,
24429,247.0,
82188,596.0,
37026,573.0,
57270,604.0,
38284,399.0,
48185,159.0,
02175,138.0,
32261,358.0,
31569,362.0,
53242,246.0,
83001,2774.0,
59529,374.0,
11410,1018.0,
51208,113.0,
59595,525.0,
30236,113.0,
01412,557.0,
01453,307.0,
87206,155.0,
43065,136.0,
21058,277.0,
33407,741.0,
04130,140.0,
24237,1213.0,
06069,50916.0,
21122,320.0,
60352,157.0,
60499,236.0,
26361,140.0,
69038,916.0,
63457,4934.0,
63322,2103.0,
25321,4680.0,
30323,146.0,
01160,9236.0,
13090,128.0,
63175,302.0,
57133,123.0,
02178,110.0,
21358,208.0,
86177,5336.0,
27388,502.0,
87027,1366.0,
14007,200.0,
16035,253.0,
49333,2974.0,
28191,2681.0,
72176,3899.0,
57410,134.0,
77214,883.0,
31030,70.0,
59024,4399.0,
30172,673.0,
39318,208.0,
47279,347.0,
32265,105.0,
21018,50.0,
82086,237.0,
23104,248.0,
47045,523.0,
72155,2425.0,
62585,399.0,
54493,2434.0,
51015,116.0,
74243,12561.0,
50260,587.0,
11300,158.0,
24350,2400.0,
64523,739.0,
16010,184.0,
32123,521.0,
50542,502.0,
54475,157.0,
69166,304.0,
65105,169.0,
03299,257.0,
18112,320.0,
64352,351.0,
68337,575.0,
57681,371.0,
11081,1672.0,
25419,97.0,
45176,461.0,
51074,1689.0,
16221,252.0,
25559,238.0,
24345,458.0,
02543,2152.0,
64011,124.0,
80167,317.0,
65144,83.0,
60097,246.0,
31201,61.0,
27679,6464.0,
59651,1629.0,
86002,561.0,
44115,3614.0,
90074,281.0,
79332,138.0,
57050,109.0,
67156,2335.0,
01336,1121.0,
61407,726.0,
28425,625.0,
23006,232.0,
34177,290.0,
79277,1008.0,
59655,251.0,
84069,2758.0,
54343,178.0,
06046,3322.0,
78420,3019.0,
70196,276.0,
95313,11976.0,
24010,1493.0,
55208,51.0,
80328,534.0,
52058,1880.0,
77243,20718.0,
11250,41.0,
2B049,2299.0,
80055,173.0,
54398,88.0,
57344,678.0,
52044,621.0,
33136,285.0,
39290,203.0,
53208,483.0,
41271,609.0,
44154,13134.0,
77164,536.0,
42324,1132.0,
24064,2198.0,
56245,450.0,
21402,11.0,
33142,1393.0,
47277,327.0,
60033,895.0,
87169,1047.0,
74075,1130.0,
52442,335.0,
33225,2206.0,
77065,1180.0,
32243,281.0,
88522,69.0,
24241,455.0,
68194,284.0,
38186,392.0,
21553,124.0,
81136,173.0,
59513,444.0,
23179,296.0,
28233,1098.0,
72309,294.0,
33327,2990.0,
62612,494.0,
59297,1966.0,
14506,218.0,
23118,204.0,
23123,197.0,
35171,1836.0,
59302,3995.0,
30164,690.0,
40313,3201.0,
47058,244.0,
25540,303.0,
12289,208.0,
03026,778.0,
08400,524.0,
80274,1868.0,
91240,234.0,
88139,119.0,
68190,38.0,
44112,584.0,
50225,122.0,
10261,1058.0,
51437,90.0,
80644,667.0,
971107,19201.0,
66120,69.0,
2B250,151.0,
71343,291.0,
24552,259.0,
15246,260.0,
14221,3281.0,
14721,519.0,
59116,408.0,
62262,1731.0,
58226,155.0,
67259,922.0,
2B167,446.0,
38539,661.0,
62163,250.0,
19007,866.0,
81065,41636.0,
65349,8.0,
70481,222.0,
37043,1080.0,
34198,8939.0,
26099,483.0,
73237,311.0,
74140,1316.0,
80409,183.0,
09224,425.0,
88453,48.0,
67238,608.0,
26070,561.0,
04054,75.0,
03121,681.0,
15215,1143.0,
77517,2053.0,
19058,333.0,
61473,246.0,
60693,373.0,
21520,142.0,
73245,796.0,
25300,274.0,
06082,107.0,
38455,3825.0,
85025,2259.0,
21199,152.0,
32010,98.0,
61400,402.0,
11313,306.0,
19141,319.0,
66165,632.0,
46140,338.0,
89169,1023.0,
91131,421.0,
58030,314.0,
25602,102.0,
18221,306.0,
07262,133.0,
72262,1191.0,
57055,521.0,
11377,55.0,
69155,1116.0,
12249,234.0,
51520,89.0,
36035,1102.0,
27537,858.0,
973312,3011.0,
972232,9097.0,
71110,574.0,
91671,603.0,
36156,377.0,
65417,4713.0,
67254,904.0,
51237,1932.0,
61085,42.0,
82161,3719.0,
21698,403.0,
24375,137.0,
26042,1573.0,
32363,115.0,
18003,1901.0,
55352,147.0,
972204,3742.0,
39381,90.0,
34181,1044.0,
67240,674.0,
40056,770.0,
76142,475.0,
77246,571.0,
86202,611.0,
87038,2015.0,
44095,1464.0,
08019,59.0,
31361,533.0,
41252,1616.0,
41283,274.0,
68307,517.0,
29169,3057.0,
62744,3383.0,
17185,2069.0,
51309,113.0,
67421,820.0,
50289,728.0,
08029,84.0,
64112,440.0,
14023,60.0,
03077,129.0,
61512,103.0,
38438,246.0,
03131,517.0,
27525,313.0,
16424,508.0,
77365,537.0,
31047,86.0,
88490,163.0,
80835,269.0,
62379,324.0,
17374,254.0,
21386,312.0,
59533,1657.0,
77367,278.0,
42056,2848.0,
41285,459.0,
26243,927.0,
46272,226.0,
54366,1891.0,
70288,107.0,
34285,662.0,
65356,54.0,
02179,354.0,
54402,412.0,
45336,888.0,
57684,533.0,
16292,3489.0,
16375,420.0,
08053,2041.0,
10256,401.0,
59628,563.0,
46316,317.0,
36243,373.0,
42100,287.0,
14411,248.0,
10048,185.0,
57672,41627.0,
33081,2718.0,
90069,1400.0,
57529,2807.0,
10045,193.0,
2B112,209.0,
18061,100.0,
69178,772.0,
62560,5145.0,
22337,1129.0,
34311,1539.0,
60160,663.0,
76430,137.0,
63191,107.0,
23225,111.0,
51216,215.0,
14172,375.0,
57343,1956.0,
02033,108.0,
27133,1008.0,
87013,605.0,
27309,524.0,
63320,251.0,
80059,77.0,
77179,581.0,
59318,1010.0,
38177,108.0,
70230,100.0,
03203,386.0,
77389,3238.0,
02547,62.0,
63185,620.0,
25459,250.0,
15157,310.0,
21444,79.0,
80101,853.0,
56178,13915.0,
03264,2797.0,
26364,337.0,
73173,589.0,
71532,178.0,
45181,75.0,
14625,795.0,
02810,10797.0,
52484,358.0,
68139,1397.0,
72215,1004.0,
08352,215.0,
50145,619.0,
59145,742.0,
80714,1308.0,
16160,474.0,
77508,1836.0,
91274,1421.0,
09133,21.0,
86023,291.0,
85088,4380.0,
14527,330.0,
76445,578.0,
43077,631.0,
76340,504.0,
18164,159.0,
55304,161.0,
27341,89.0,
57390,1483.0,
60199,235.0,
64077,140.0,
24317,268.0,
80596,219.0,
81149,401.0,
46103,427.0,
80367,191.0,
80268,580.0,
52129,103.0,
51652,74.0,
02680,2274.0,
80406,1374.0,
55241,73.0,
88334,278.0,
38321,163.0,
67255,436.0,
32240,65.0,
65458,36.0,
55168,48.0,
86234,384.0,
21497,204.0,
40300,851.0,
64210,152.0,
24015,288.0,
42162,1129.0,
08338,187.0,
87128,467.0,
22284,305.0,
50059,299.0,
30315,1960.0,
40295,925.0,
64464,83.0,
22083,702.0,
70452,268.0,
55427,2981.0,
29086,1406.0,
57489,279.0,
71588,1137.0,
63023,355.0,
85026,1326.0,
67456,427.0,
11158,290.0,
58123,141.0,
58136,58.0,
06151,793.0,
81062,752.0,
70546,241.0,
59534,781.0,
79127,789.0,
71062,315.0,
62041,40830.0,
59468,356.0,
74198,945.0,
23059,117.0,
74258,2282.0,
61232,1144.0,
47234,654.0,
04033,361.0,
57290,201.0,
62673,655.0,
80821,228.0,
32094,420.0,
88218,2251.0,
60684,6431.0,
33506,1799.0,
25370,2162.0,
92022,19717.0,
02834,150.0,
52110,162.0,
60230,555.0,
34025,1827.0,
29108,1360.0,
29019,139386.0,
56052,1656.0,
15103,236.0,
90022,2735.0,
38151,35684.0,
19028,2859.0,
33144,828.0,
63252,358.0,
59515,687.0,
33071,1307.0,
57577,367.0,
54588,402.0,
03243,140.0,
08071,130.0,
58262,265.0,
26146,1590.0,
37031,3874.0,
62211,202.0,
67342,1759.0,
86040,325.0,
25334,2020.0,
04182,186.0,
40280,1650.0,
16189,246.0,
18202,17.0,
07131,371.0,
57484,2703.0,
10323,14352.0,
14149,459.0,
63135,587.0,
32177,161.0,
09061,514.0,
09330,32.0,
55015,523.0,
95060,6591.0,
24522,373.0,
57571,1159.0,
74223,447.0,
24500,144.0,
82109,216.0,
36065,245.0,
09251,173.0,
26110,602.0,
21075,65.0,
26218,2908.0,
27601,405.0,
76012,204.0,
76077,193.0,
21203,135.0,
68093,1448.0,
77516,719.0,
51544,630.0,
55302,1171.0,
70326,297.0,
55410,151.0,
25615,449.0,
18186,446.0,
81286,621.0,
81201,815.0,
45013,233.0,
55444,178.0,
62368,194.0,
39326,198.0,
24086,475.0,
48027,377.0,
37118,1550.0,
02200,123.0,
02145,569.0,
55452,74.0,
82143,89.0,
62517,214.0,
55457,187.0,
41266,76.0,
68099,707.0,
89254,590.0,
43259,373.0,
63045,618.0,
04009,20.0,
02695,60.0,
57625,202.0,
02722,28472.0,
57461,300.0,
16394,98.0,
24408,262.0,
78565,322.0,
37025,739.0,
12019,98.0,
31333,88.0,
02395,155.0,
65119,377.0,
77174,605.0,
53263,297.0,
59100,313.0,
03232,335.0,
40320,558.0,
57411,281.0,
18251,79.0,
51019,226.0,
65292,401.0,
03051,322.0,
25269,62.0,
18273,856.0,
36067,104.0,
48146,524.0,
15038,1040.0,
88433,75.0,
79048,5435.0,
51620,169.0,
43055,162.0,
51099,331.0,
33049,2120.0,
40166,78.0,
64514,201.0,
21078,71.0,
02500,843.0,
21074,237.0,
45298,5297.0,
04079,1369.0,
03184,531.0,
61210,253.0,
62821,294.0,
07288,1265.0,
21087,847.0,
71067,125.0,
06015,1275.0,
91479,7290.0,
25391,179.0,
53245,941.0,
08303,376.0,
19252,424.0,
84007,90305.0,
21543,188.0,
59047,336.0,
39464,206.0,
55070,126.0,
55560,136.0,
73180,420.0,
60503,113.0,
32186,75.0,
32277,129.0,
65028,213.0,
39359,30.0,
34146,3769.0,
08278,93.0,
32280,104.0,
29133,1354.0,
02061,285.0,
70249,117.0,
50505,716.0,
27247,346.0,
90016,115.0,
64247,460.0,
45191,6140.0,
08316,1117.0,
24502,95.0,
78561,444.0,
37101,170.0,
51640,251.0,
02261,381.0,
38236,1739.0,
52396,155.0,
34114,5780.0,
33266,730.0,
34115,118.0,
14258,8343.0,
27129,587.0,
16297,339.0,
43066,101.0,
07034,232.0,
03297,1663.0,
77437,3246.0,
22077,1159.0,
21011,80.0,
51151,170.0,
41216,503.0,
35232,374.0,
60193,227.0,
58235,281.0,
09179,59.0,
66089,253.0,
31228,1753.0,
37131,1246.0,
62762,122.0,
83103,3675.0,
65226,2827.0,
44089,3343.0,
42066,572.0,
10227,327.0,
69269,1015.0,
52472,125.0,
50259,663.0,
42028,345.0,
44092,699.0,
54139,302.0,
95504,3713.0,
73313,180.0,
52288,109.0,
18065,930.0,
77403,666.0,
58172,139.0,
21314,74.0,
86115,5952.0,
22373,99.0,
19229,4763.0,
47224,158.0,
57620,4025.0,
27518,655.0,
59554,548.0,
39436,260.0,
48127,765.0,
07060,229.0,
76417,400.0,
60301,141.0,
07314,367.0,
37260,548.0,
14510,51.0,
76134,299.0,
80208,199.0,
70057,127.0,
15029,524.0,
63319,719.0,
67274,211.0,
11432,263.0,
2B231,101.0,
11116,3988.0,
62668,212.0,
01056,365.0,
88206,969.0,
60382,7979.0,
27085,373.0,
29265,944.0,
43004,118.0,
61015,272.0,
33122,16438.0,
22391,1192.0,
34326,75.0,
57516,359.0,
53228,452.0,
89432,510.0,
22064,891.0,
13054,33986.0,
68092,424.0,
36152,489.0,
35296,1345.0,
15176,234.0,
57394,300.0,
11009,1479.0,
30181,397.0,
71052,691.0,
57143,3798.0,
61046,116.0,
29097,2067.0,
08471,27.0,
88427,133.0,
03262,2097.0,
51002,1456.0,
01082,646.0,
27482,154.0,
26159,131.0,
17220,414.0,
02474,424.0,
11190,1118.0,
30201,345.0,
88306,53.0,
81239,931.0,
57163,2605.0,
36104,234.0,
74273,781.0,
14076,5578.0,
61196,751.0,
59552,198.0,
78224,4745.0,
57406,145.0,
27498,330.0,
55422,47.0,
74005,4226.0,
80049,174.0,
29288,560.0,
46074,397.0,
64302,474.0,
42016,432.0,
76745,201.0,
38194,2136.0,
39527,95.0,
21110,678.0,
34106,177.0,
27421,658.0,
58132,252.0,
33442,544.0,
64025,110.0,
82155,1885.0,
49359,586.0,
54289,388.0,
95063,27855.0,
71099,358.0,
89417,102.0,
28281,521.0,
70457,117.0,
60444,139.0,
34263,386.0,
80294,183.0,
87101,114.0,
03158,344.0,
67387,298.0,
80677,1736.0,
56216,356.0,
81299,394.0,
61309,750.0,
55561,52.0,
66075,128.0,
28003,139.0,
76243,273.0,
02805,2512.0,
76423,188.0,
62740,281.0,
51359,186.0,
34068,394.0,
51187,293.0,
33229,6569.0,
32375,118.0,
76601,,
33130,933.0,
76630,222.0,
42054,318.0,
07114,219.0,
39109,154.0,
89306,396.0,
32108,135.0,
40128,661.0,
51269,262.0,
72261,346.0,
39556,89.0,
02814,168.0,
68069,1283.0,
25579,184.0,
64307,204.0,
55034,121.0,
71368,315.0,
15153,1541.0,
89151,1229.0,
88346,810.0,
29037,3826.0,
43233,1131.0,
65111,60.0,
80210,152.0,
65086,152.0,
68147,587.0,
61349,163.0,
02216,318.0,
13009,761.0,
42237,6597.0,
49010,302.0,
21496,1250.0,
62845,407.0,
31121,65.0,
59227,5346.0,
71168,175.0,
88123,254.0,
34190,286.0,
35205,392.0,
30240,361.0,
85131,1567.0,
55401,410.0,
54009,154.0,
02081,490.0,
62539,255.0,
27113,163.0,
31289,245.0,
21469,475.0,
80686,717.0,
37186,1004.0,
76292,164.0,
60145,503.0,
65337,113.0,
63114,141.0,
07232,401.0,
71034,340.0,
74276,3419.0,
53039,1793.0,
88363,173.0,
87117,926.0,
55255,258.0,
35078,1141.0,
59120,1909.0,
70378,1710.0,
27471,110.0,
07234,288.0,
67100,268.0,
46027,110.0,
76651,182.0,
71332,526.0,
70106,124.0,
07285,108.0,
71442,1570.0,
49021,6523.0,
59499,2069.0,
52277,66.0,
93014,30725.0,
73022,537.0,
02144,139.0,
50362,298.0,
73133,348.0,
72232,642.0,
59058,970.0,
58043,52.0,
37078,442.0,
41187,162.0,
80723,239.0,
43058,941.0,
63318,402.0,
88220,41.0,
64015,227.0,
84103,733.0,
65339,339.0,
59042,1605.0,
02256,134.0,
55431,62.0,
24240,343.0,
49330,1132.0,
22147,2906.0,
09228,212.0,
27124,221.0,
12282,400.0,
67097,1337.0,
53102,159.0,
14161,380.0,
62664,236.0,
88277,105.0,
25421,67.0,
64431,477.0,
49236,126.0,
02321,952.0,
34166,2802.0,
07147,234.0,
43224,5987.0,
84008,682.0,
06020,543.0,
04093,59.0,
19033,851.0,
61124,517.0,
71413,833.0,
46309,3491.0,
62179,402.0,
46259,149.0,
35183,806.0,
17030,540.0,
09182,687.0,
70316,100.0,
23178,207.0,
88114,3336.0,
30251,540.0,
34156,47.0,
37180,651.0,
32314,73.0,
24019,437.0,
39296,200.0,
80105,175.0,
68116,730.0,
88387,202.0,
38554,1858.0,
36068,459.0,
64476,475.0,
21340,258.0,
87032,1598.0,
06016,509.0,
32414,262.0,
80672,618.0,
50016,185.0,
04206,412.0,
77520,750.0,
27650,441.0,
61288,538.0,
88493,31.0,
09196,55.0,
02311,133.0,
61079,1848.0,
54364,1372.0,
19021,78.0,
89068,2281.0,
32214,113.0,
58054,39.0,
27148,402.0,
43148,912.0,
28071,601.0,
33378,1490.0,
22313,328.0,
56194,2878.0,
62643,14390.0,
05121,169.0,
40119,4569.0,
50155,268.0,
77431,5555.0,
07004,89.0,
25083,196.0,
15108,402.0,
24489,377.0,
02139,432.0,
59402,793.0,
06111,203.0,
49361,1891.0,
14257,1928.0,
52544,310.0,
58039,282.0,
62613,852.0,
61366,147.0,
67031,1467.0,
36058,654.0,
59280,785.0,
02191,496.0,
49188,844.0,
11062,16.0,
70526,670.0,
14183,99.0,
52140,665.0,
01431,1215.0,
62142,135.0,
65393,129.0,
54501,95.0,
57525,59.0,
21708,342.0,
39277,85.0,
39105,208.0,
67078,243.0,
13043,9099.0,
85033,750.0,
15163,1046.0,
28321,813.0,
31514,55.0,
40066,512.0,
33253,1167.0,
70503,158.0,
22315,315.0,
31168,120.0,
65168,390.0,
54254,3070.0,
28364,837.0,
03069,319.0,
67464,862.0,
48158,118.0,
35029,1446.0,
36007,625.0,
33436,1012.0,
49374,1485.0,
66167,1068.0,
71136,254.0,
32015,93.0,
51612,2444.0,
21713,371.0,
73137,3854.0,
05032,140.0,
62688,4168.0,
42031,349.0,
57293,261.0,
46121,167.0,
14206,305.0,
42270,1345.0,
72383,125.0,
02778,116.0,
70348,628.0,
40177,323.0,
60003,507.0,
22359,402.0,
27557,403.0,
21238,124.0,
03148,355.0,
11194,166.0,
01362,789.0,
85115,622.0,
22353,2425.0,
85009,640.0,
62039,835.0,
57476,386.0,
45084,454.0,
26074,677.0,
37250,2422.0,
29156,1862.0,
06133,82.0,
63228,314.0,
92047,1673.0,
43242,73.0,
93062,14261.0,
52310,105.0,
09062,167.0,
12116,240.0,
73141,659.0,
63439,266.0,
05046,6123.0,
88398,87.0,
28308,257.0,
86298,2093.0,
16069,429.0,
57648,432.0,
38331,1019.0,
24484,860.0,
50514,300.0,
02368,586.0,
73262,431.0,
78343,1527.0,
48138,75.0,
61168,5661.0,
91132,1143.0,
25404,113.0,
69242,945.0,
08139,1084.0,
45145,3598.0,
14038,686.0,
71039,153.0,
82173,963.0,
40014,310.0,
87125,4494.0,
24116,190.0,
26326,1362.0,
67291,3382.0,
87108,510.0,
58085,765.0,
51574,131.0,
55269,88.0,
65083,668.0,
78490,31342.0,
46227,218.0,
21355,8981.0,
19237,1092.0,
30110,325.0,
26236,248.0,
54067,785.0,
12034,316.0,
43143,138.0,
87011,4164.0,
38222,750.0,
33242,561.0,
79231,720.0,
66190,3275.0,
14665,313.0,
51333,620.0,
25002,301.0,
08459,129.0,
77107,2976.0,
77407,13497.0,
09214,792.0,
27288,542.0,
11065,61.0,
21568,742.0,
21447,82.0,
56105,1185.0,
52007,76.0,
21523,132.0,
59442,262.0,
33241,574.0,
44166,5449.0,
81017,144.0,
30152,1981.0,
37033,267.0,
49272,1157.0,
53137,1539.0,
08376,262.0,
39117,90.0,
08211,749.0,
59504,3794.0,
95197,22031.0,
63377,367.0,
09114,132.0,
79136,605.0,
11327,507.0,
2B161,80.0,
39391,420.0,
87119,1163.0,
73014,252.0,
33238,9749.0,
18289,594.0,
29076,787.0,
86189,499.0,
60028,548.0,
45054,507.0,
68146,1936.0,
07102,10918.0,
65341,120.0,
02815,461.0,
34267,1611.0,
72322,244.0,
18095,203.0,
45345,1175.0,
54490,1561.0,
11047,43.0,
85202,1533.0,
68160,560.0,
69009,6588.0,
67433,1140.0,
78597,649.0,
32332,142.0,
21518,199.0,
46090,123.0,
57144,3516.0,
18184,338.0,
72074,223.0,
32289,239.0,
80639,1231.0,
80243,49.0,
72286,394.0,
64405,4142.0,
94015,16423.0,
52002,20.0,
70396,38.0,
16074,317.0,
42109,119.0,
65276,103.0,
62780,374.0,
17160,313.0,
38402,547.0,
59126,1523.0,
64403,185.0,
80042,130.0,
02607,81.0,
58060,599.0,
10144,153.0,
49345,1914.0,
18155,419.0,
19113,596.0,
72019,372.0,
80728,64.0,
33348,1377.0,
24379,465.0,
33181,302.0,
62698,283.0,
46058,406.0,
35242,341.0,
43124,888.0,
11191,144.0,
07187,133.0,
13074,4956.0,
88474,68.0,
42219,991.0,
39528,376.0,
32172,341.0,
88104,198.0,
25400,473.0,
45125,127.0,
31060,106.0,
88132,1482.0,
13108,13941.0,
61462,980.0,
13020,2123.0,
62360,1230.0,
08276,778.0,
51512,73.0,
47015,2015.0,
16275,188.0,
11246,60.0,
85137,545.0,
33054,287.0,
56177,7346.0,
89217,133.0,
46024,370.0,
64500,306.0,
62177,854.0,
57579,112.0,
65064,59.0,
28225,648.0,
69104,426.0,
32088,330.0,
25624,154.0,
79271,356.0,
08330,649.0,
38253,1208.0,
09097,105.0,
19288,1266.0,
31004,2486.0,
62045,1399.0,
34289,2324.0,
2B309,1909.0,
64409,844.0,
21244,62.0,
89323,144.0,
70464,1352.0,
41079,107.0,
33318,60763.0,
14370,3093.0,
21081,125.0,
12295,96.0,
39255,201.0,
60201,238.0,
28038,145.0,
65109,38.0,
25239,186.0,
64051,383.0,
16347,557.0,
88483,2296.0,
85109,15933.0,
82114,607.0,
47088,594.0,
02002,620.0,
29269,1030.0,
05049,40.0,
28418,165.0,
22258,3830.0,
14239,85.0,
32328,127.0,
41115,411.0,
56162,18039.0,
60085,228.0,
65015,130.0,
31131,65.0,
52178,404.0,
2A128,64.0,
19280,167.0,
77169,7444.0,
53211,1607.0,
16122,160.0,
52213,138.0,
80530,589.0,
19017,90.0,
22235,227.0,
31556,381.0,
74079,606.0,
15128,105.0,
78364,735.0,
03269,96.0,
68364,981.0,
58040,158.0,
93008,49802.0,
86050,795.0,
02354,91.0,
32136,166.0,
85035,4337.0,
08080,96.0,
81072,124.0,
44098,5076.0,
33376,6539.0,
88449,196.0,
83137,163760.0,
61211,989.0,
40180,1124.0,
87070,842.0,
08399,139.0,
88393,311.0,
61453,250.0,
57253,480.0,
57521,2617.0,
63299,111.0,
57514,1185.0,
63070,5907.0,
54326,227.0,
28118,472.0,
23250,290.0,
45025,1486.0,
33078,473.0,
67499,315.0,
33169,90.0,
82111,340.0,
45227,1178.0,
17172,2802.0,
58098,120.0,
62677,360.0,
71555,2228.0,
33387,1372.0,
53220,404.0,
38184,1551.0,
05169,41.0,
63182,696.0,
47070,850.0,
38058,1917.0,
88140,376.0,
47063,155.0,
30259,4227.0,
87186,341.0,
62084,220.0,
45159,204.0,
85237,368.0,
53259,336.0,
10370,230.0,
07104,113.0,
50147,8951.0,
74188,893.0,
52136,120.0,
45182,1300.0,
82018,1094.0,
25024,798.0,
54597,462.0,
77096,2602.0,
2A027,40.0,
47203,2335.0,
02457,393.0,
19234,478.0,
77273,553.0,
70188,60.0,
22045,407.0,
64301,1201.0,
90051,456.0,
29250,751.0,
16088,1108.0,
03160,373.0,
50332,671.0,
03136,197.0,
08178,183.0,
32395,211.0,
14486,565.0,
36125,123.0,
82190,4537.0,
03047,420.0,
18141,6804.0,
34249,2270.0,
02473,199.0,
35007,487.0,
65250,113.0,
55297,120.0,
61011,424.0,
22072,433.0,
2A146,50.0,
22112,451.0,
35050,543.0,
33154,2183.0,
30092,1614.0,
73272,174.0,
51301,122.0,
42200,1405.0,
37039,541.0,
53264,191.0,
27652,339.0,
33360,326.0,
27645,144.0,
18109,1806.0,
34185,479.0,
32293,73.0,
23127,223.0,
24452,202.0,
62346,219.0,
59114,1636.0,
88079,1492.0,
91022,131.0,
80515,142.0,
50295,133.0,
82156,156.0,
33215,200.0,
80522,107.0,
10358,1035.0,
63403,415.0,
33415,1659.0,
73124,2878.0,
54127,644.0,
62651,462.0,
52249,163.0,
60243,147.0,
07175,52.0,
25289,74.0,
53219,1390.0,
19213,667.0,
64174,54.0,
16001,484.0,
09329,665.0,
14649,494.0,
56148,1469.0,
39407,346.0,
09148,139.0,
45244,2731.0,
86224,1322.0,
46040,224.0,
02335,204.0,
68095,1154.0,
24557,6836.0,
44053,2072.0,
54408,261.0,
41028,432.0,
80571,510.0,
41206,791.0,
60051,203.0,
73018,800.0,
27301,1063.0,
60610,821.0,
18102,303.0,
28147,597.0,
63387,900.0,
43018,1335.0,
45282,2929.0,
55377,80.0,
31585,1774.0,
60466,205.0,
73276,404.0,
32192,236.0,
32458,249.0,
31523,1818.0,
51272,450.0,
12283,507.0,
41191,71.0,
60043,647.0,
43184,2423.0,
67482,275718.0,
60611,678.0,
31304,433.0,
28006,1856.0,
82065,424.0,
27115,350.0,
67128,1798.0,
62221,273.0,
64067,1799.0,
65050,67.0,
86104,526.0,
65058,152.0,
63298,120.0,
81140,10691.0,
35094,1667.0,
51223,62.0,
15228,494.0,
60261,517.0,
28198,813.0,
11340,526.0,
66177,1301.0,
51409,337.0,
88164,93.0,
62600,169.0,
09254,250.0,
59335,2718.0,
62013,1946.0,
23048,455.0,
72110,1030.0,
69249,2964.0,
56229,1328.0,
45285,16488.0,
17305,447.0,
21436,137.0,
89149,198.0,
80202,310.0,
02591,129.0,
51350,118.0,
45291,1244.0,
19047,350.0,
88359,101.0,
24348,302.0,
69032,2086.0,
68171,959.0,
39182,648.0,
42138,672.0,
08131,72.0,
55179,169.0,
58207,984.0,
32344,1710.0,
53189,117.0,
22293,412.0,
67191,1873.0,
65336,37.0,
89443,1960.0,
54149,1628.0,
38311,721.0,
95509,3305.0,
56110,907.0,
80778,114.0,
23037,101.0,
73269,639.0,
13100,9798.0,
27231,399.0,
17004,245.0,
37129,1064.0,
62716,565.0,
71108,179.0,
79212,209.0,
78325,597.0,
17382,517.0,
09142,124.0,
61439,125.0,
76165,10154.0,
33124,690.0,
27584,290.0,
12119,1229.0,
972211,583.0,
84133,4203.0,
58003,645.0,
24455,711.0,
34032,74811.0,
81108,147.0,
51030,3978.0,
11128,170.0,
26051,83.0,
33426,246.0,
31135,4877.0,
64150,153.0,
06147,4794.0,
67145,253.0,
91345,21657.0,
31590,42.0,
17146,3395.0,
25256,865.0,
89119,561.0,
39538,48.0,
22138,401.0,
66122,67.0,
63125,4322.0,
39543,217.0,
36101,1469.0,
89186,550.0,
51266,514.0,
10185,197.0,
23168,775.0,
66174,2572.0,
04090,192.0,
76060,488.0,
08058,230.0,
86161,975.0,
971129,20144.0,
80517,158.0,
64096,167.0,
86280,403.0,
81311,758.0,
33064,53.0,
57341,723.0,
88288,12.0,
14014,754.0,
88475,100.0,
56028,1619.0,
70037,283.0,
39204,33.0,
42005,9844.0,
44120,4719.0,
40090,469.0,
05164,1069.0,
22376,1628.0,
60151,3366.0,
87164,553.0,
77521,1918.0,
43026,437.0,
80164,4383.0,
35224,2497.0,
48149,44.0,
50338,370.0,
42310,171.0,
26062,36.0,
14169,172.0,
50081,795.0,
31138,228.0,
57682,16.0,
30138,2071.0,
64404,305.0,
89018,766.0,
31588,8960.0,
15127,315.0,
80077,346.0,
85017,2304.0,
05096,728.0,
42233,947.0,
30112,1337.0,
54554,71.0,
45110,282.0,
76542,245.0,
61054,239.0,
59384,1417.0,
34274,2651.0,
25047,5291.0,
44118,1346.0,
51222,93.0,
03080,703.0,
40064,167.0,
74220,7245.0,
64397,124.0,
77485,767.0,
34200,247.0,
29110,879.0,
76531,311.0,
39322,62.0,
08078,882.0,
43153,1979.0,
40118,1487.0,
78289,961.0,
02672,306.0,
82058,97.0,
2B110,65.0,
17049,88.0,
59178,41189.0,
40204,279.0,
51215,146.0,
45161,800.0,
77224,324.0,
19233,288.0,
28121,89.0,
40173,139.0,
48092,4907.0,
60504,1106.0,
51539,52.0,
28146,946.0,
16078,5205.0,
07214,187.0,
95348,531.0,
31174,523.0,
72025,1255.0,
64304,2139.0,
09011,58.0,
02225,97.0,
14197,1192.0,
02106,829.0,
63414,524.0,
36105,267.0,
41020,490.0,
17460,804.0,
11118,43.0,
58063,586.0,
81189,121.0,
31157,16638.0,
90059,250.0,
61442,205.0,
51358,571.0,
80477,229.0,
38109,1065.0,
83032,3406.0,
37139,5207.0,
36226,334.0,
53257,302.0,
12248,637.0,
65241,95.0,
65206,232.0,
46271,407.0,
39230,71.0,
59333,262.0,
15203,154.0,
54150,2831.0,
38490,1885.0,
67333,246.0,
23027,253.0,
12013,3944.0,
31145,2768.0,
37109,10193.0,
57294,222.0,
16229,247.0,
64054,833.0,
84137,6089.0,
01276,1524.0,
61228,194.0,
50341,2085.0,
31460,4187.0,
25571,480.0,
54476,408.0,
32163,312.0,
32335,474.0,
08200,184.0,
87204,222.0,
47039,41.0,
05171,206.0,
60519,178.0,
32430,85.0,
15011,158.0,
88373,159.0,
80352,153.0,
62545,152.0,
29302,3856.0,
40186,743.0,
36150,519.0,
54515,254.0,
26210,476.0,
02819,127.0,
80071,2114.0,
61482,386.0,
62874,717.0,
60661,953.0,
69165,1094.0,
60298,611.0,
22388,1267.0,
27185,498.0,
67479,643.0,
57013,2606.0,
79167,246.0,
80237,476.0,
65059,7633.0,
55042,464.0,
47133,505.0,
09016,209.0,
76188,440.0,
16196,732.0,
22006,243.0,
85119,2271.0,
38139,1531.0,
39102,224.0,
27680,205.0,
56252,1197.0,
39271,398.0,
57231,104.0,
48139,108.0,
81133,461.0,
14218,357.0,
18235,1178.0,
45170,131.0,
31193,1838.0,
76688,404.0,
60187,991.0,
42092,2655.0,
60168,198.0,
72305,988.0,
64543,305.0,
14131,212.0,
07284,147.0,
07260,902.0,
26320,795.0,
37115,3689.0,
18166,578.0,
68025,217.0,
24095,393.0,
50335,507.0,
56046,3294.0,
76619,294.0,
62693,1097.0,
18100,695.0,
70441,247.0,
47178,393.0,
57375,176.0,
59403,658.0,
69107,1040.0,
34182,1753.0,
02553,255.0,
57119,1235.0,
71262,180.0,
90006,304.0,
71309,2195.0,
26037,3703.0,
46190,118.0,
70484,170.0,
09159,59.0,
74308,718.0,
88133,187.0,
71389,310.0,
2A070,368.0,
21008,600.0,
61336,113.0,
31407,1191.0,
51584,158.0,
67039,408.0,
55479,184.0,
52383,284.0,
60339,376.0,
58005,234.0,
71312,254.0,
90072,1168.0,
09094,153.0,
47043,1328.0,
85061,1533.0,
62297,3411.0,
60668,731.0,
46001,516.0,
27286,333.0,
21643,447.0,
17155,2363.0,
51141,814.0,
51191,68.0,
21304,263.0,
19186,207.0,
67198,116.0,
28195,807.0,
11161,116.0,
81307,820.0,
54546,921.0,
76288,371.0,
45259,1164.0,
89467,832.0,
26313,5866.0,
54545,208.0,
30214,1955.0,
50538,449.0,
81203,526.0,
51242,4604.0,
22242,1465.0,
57557,930.0,
33164,1528.0,
02197,558.0,
02650,386.0,
86197,401.0,
13046,4059.0,
10317,1304.0,
70245,3742.0,
25219,615.0,
73302,331.0,
27595,1090.0,
42184,10690.0,
03134,204.0,
67443,808.0,
36141,1664.0,
38310,1097.0,
48056,356.0,
46292,166.0,
57124,2744.0,
22224,1671.0,
09100,79.0,
58202,25.0,
35109,2577.0,
13079,1873.0,
59524,5584.0,
31083,238.0,
74076,1549.0,
65160,122.0,
08086,115.0,
32358,207.0,
81126,168.0,
50218,13104.0,
14663,2212.0,
76083,110.0,
10067,1487.0,
76263,1299.0,
973301,951.0,
34085,389.0,
70501,92.0,
24323,173.0,
89030,414.0,
28051,4838.0,
39251,458.0,
23081,335.0,
50612,742.0,
46252,188.0,
22107,789.0,
62092,420.0,
34077,5331.0,
50517,198.0,
59445,1249.0,
59496,261.0,
05031,177.0,
50412,1629.0,
14035,996.0,
48039,1462.0,
01028,573.0,
74256,15853.0,
54061,564.0,
72311,368.0,
50420,929.0,
70394,71.0,
51474,3464.0,
2A160,235.0,
88143,290.0,
69082,230.0,
27076,448.0,
41042,547.0,
12011,797.0,
45086,274.0,
65067,131.0,
70509,100.0,
27469,4188.0,
77501,700.0,
41221,642.0,
21307,142.0,
70435,954.0,
71012,339.0,
80479,359.0,
89198,1746.0,
54270,3489.0,
71125,30.0,
31015,28.0,
30100,678.0,
76056,677.0,
57044,117.0,
14101,3894.0,
2B216,17.0,
09314,250.0,
88456,98.0,
10368,1042.0,
57756,324.0,
51188,190.0,
10002,269.0,
52495,82.0,
14739,1581.0,
52436,52.0,
79204,1014.0,
17297,2291.0,
44184,68513.0,
73059,2153.0,
07116,1385.0,
30292,420.0,
41279,406.0,
02210,386.0,
89369,555.0,
70364,128.0,
11380,163.0,
79085,163.0,
11074,266.0,
95288,8706.0,
57535,1505.0,
02029,375.0,
26003,46.0,
61190,97.0,
13068,1750.0,
08302,2413.0,
46147,123.0,
972214,7177.0,
22144,1292.0,
65303,347.0,
54273,8383.0,
60457,171.0,
45239,415.0,
80366,505.0,
30255,2957.0,
22199,1227.0,
68063,11664.0,
21530,170.0,
05153,318.0,
11122,712.0,
25525,268.0,
27379,421.0,
24238,147.0,
12206,571.0,
41239,1104.0,
55340,375.0,
54100,746.0,
30262,258.0,
76416,309.0,
27017,1097.0,
28236,1265.0,
28370,459.0,
86143,163.0,
12181,224.0,
71394,760.0,
62676,481.0,
22134,3022.0,
72234,362.0,
73232,784.0,
39022,713.0,
14190,141.0,
60383,527.0,
80507,1117.0,
61420,79.0,
34069,4758.0,
09053,20.0,
47315,818.0,
01355,466.0,
52331,2072.0,
88060,20.0,
36197,355.0,
31221,58.0,
58249,355.0,
09104,745.0,
72122,1052.0,
33177,2148.0,
66097,152.0,
56102,1745.0,
78466,5985.0,
29124,7229.0,
80576,313.0,
53110,1004.0,
02415,168.0,
54395,104072.0,
87197,516.0,
73021,840.0,
51449,1045.0,
84042,1797.0,
68168,365.0,
11365,39.0,
87191,1890.0,
57250,1608.0,
95026,2577.0,
45021,325.0,
87177,1656.0,
13202,23995.0,
51382,136.0,
62604,3741.0,
14092,1690.0,
64479,164.0,
41193,197.0,
11345,266.0,
08380,200.0,
22245,1015.0,
57703,262.0,
09044,164.0,
81162,182.0,
62843,236.0,
31001,111.0,
65038,21.0,
59542,523.0,
37010,2156.0,
26012,26.0,
30205,241.0,
35081,718.0,
33424,4433.0,
44081,4498.0,
62031,1538.0,
03107,1270.0,
18069,404.0,
65353,286.0,
62153,611.0,
82164,142.0,
47004,4332.0,
65383,179.0,
51126,57.0,
43162,2837.0,
95054,247.0,
45184,396.0,
61207,667.0,
77320,5172.0,
07230,388.0,
86182,395.0,
52378,47.0,
57470,8.0,
54450,126.0,
14408,1800.0,
88360,178.0,
32197,235.0,
32463,533.0,
67036,314.0,
80565,93.0,
39446,245.0,
21201,269.0,
11323,213.0,
13008,531.0,
86127,494.0,
70263,242.0,
38436,2200.0,
33344,596.0,
59553,5698.0,
55293,172.0,
26195,177.0,
36172,591.0,
36112,766.0,
35099,2879.0,
24130,913.0,
65257,572.0,
55170,132.0,
89406,88.0,
28212,211.0,
40309,1079.0,
81210,242.0,
82175,237.0,
38299,140.0,
35134,272.0,
59273,11638.0,
70573,142.0,
23185,333.0,
15049,231.0,
62558,175.0,
01081,713.0,
59077,252.0,
77101,968.0,
77042,3105.0,
09156,20.0,
02702,595.0,
52173,88.0,
69296,2990.0,
01163,2005.0,
52159,23.0,
87061,378.0,
26039,789.0,
18050,3331.0,
88045,84.0,
47299,179.0,
25155,319.0,
26050,64.0,
55185,100.0,
27529,414.0,
59198,269.0,
65073,327.0,
02619,776.0,
28222,393.0,
67492,670.0,
62790,166.0,
58142,232.0,
43116,64.0,
2B305,2941.0,
21213,759.0,
02701,687.0,
30202,10393.0,
91538,698.0,
68279,897.0,
81233,231.0,
26298,397.0,
45142,3557.0,
26212,1085.0,
14238,120.0,
08032,201.0,
16178,168.0,
49038,231.0,
72130,604.0,
21059,791.0,
49271,2118.0,
60437,80.0,
82085,1152.0,
13069,9763.0,
11073,51.0,
79184,1749.0,
65439,262.0,
26009,1319.0,
23124,677.0,
30314,233.0,
62128,3993.0,
58208,315.0,
56002,1794.0,
03079,324.0,
67083,781.0,
61321,353.0,
62370,127.0,
33227,7418.0,
53212,425.0,
27065,4471.0,
82037,6753.0,
79013,1642.0,
88075,4262.0,
59590,885.0,
07341,2887.0,
65093,215.0,
974417,5088.0,
13104,7655.0,
19128,284.0,
35125,4277.0,
77432,987.0,
28422,3164.0,
66191,28.0,
15117,583.0,
50384,202.0,
45015,692.0,
17113,697.0,
62206,314.0,
37057,685.0,
02248,161.0,
59168,4836.0,
55396,200.0,
72133,1535.0,
11251,516.0,
19256,368.0,
27013,512.0,
21170,321.0,
10121,293.0,
21707,219.0,
25147,1501.0,
24007,576.0,
62619,146.0,
64550,714.0,
62637,9712.0,
2B043,1705.0,
52420,120.0,
61322,113.0,
22119,572.0,
21128,266.0,
60408,683.0,
36051,168.0,
41184,627.0,
22211,3608.0,
60673,179.0,
14229,2073.0,
57193,1938.0,
81293,307.0,
34141,552.0,
93072,36365.0,
60146,395.0,
27621,139.0,
67523,2789.0,
56149,2530.0,
60692,160.0,
63069,4975.0,
38366,254.0,
55358,193.0,
32326,147.0,
24229,1836.0,
12165,342.0,
85066,813.0,
80692,1023.0,
02596,801.0,
16117,122.0,
59367,13437.0,
14406,372.0,
62514,268.0,
63376,146.0,
33214,4527.0,
11318,116.0,
38035,1088.0,
89095,161.0,
07119,286.0,
88195,111.0,
66231,634.0,
24519,409.0,
38087,5609.0,
68294,2042.0,
76500,477.0,
70390,481.0,
60278,371.0,
56244,3064.0,
64094,1723.0,
63076,167.0,
63077,363.0,
87202,2028.0,
10430,88.0,
21573,365.0,
18238,131.0,
60683,386.0,
14405,315.0,
71563,93.0,
63397,1124.0,
22185,2423.0,
02665,314.0,
30328,1103.0,
89370,1703.0,
02806,262.0,
88176,586.0,
02158,280.0,
14316,245.0,
47202,304.0,
33243,23947.0,
35263,2614.0,
55333,44.0,
70574,66.0,
54095,42.0,
59282,371.0,
11232,37.0,
78310,3423.0,
35258,348.0,
40312,12269.0,
972226,4436.0,
13063,25002.0,
62720,54.0,
23102,359.0,
91292,726.0,
08180,1637.0,
03313,258.0,
17183,894.0,
10112,179.0,
94080,49695.0,
17227,247.0,
31482,209.0,
59606,42851.0,
27473,937.0,
64286,414.0,
40081,411.0,
46167,104.0,
46098,270.0,
88345,84.0,
71573,205.0,
23039,567.0,
76506,421.0,
01441,680.0,
17357,570.0,
58276,249.0,
34251,456.0,
43177,3473.0,
18042,348.0,
55298,309.0,
01366,957.0,
24566,452.0,
18262,344.0,
60481,573.0,
65259,162.0,
80403,155.0,
51226,70.0,
29007,974.0,
67554,927.0,
24266,1513.0,
55397,247.0,
04059,190.0,
54194,507.0,
08348,121.0,
83100,4060.0,
63317,528.0,
80780,400.0,
45073,529.0,
91232,3960.0,
95150,616.0,
70373,265.0,
90002,321.0,
76119,177.0,
26333,3978.0,
60586,1028.0,
21385,321.0,
47220,298.0,
35200,952.0,
79109,3269.0,
46171,236.0,
67012,688.0,
77479,13200.0,
86279,599.0,
60413,412.0,
57764,1042.0,
84061,311.0,
79341,124.0,
50282,248.0,
13041,19844.0,
62674,565.0,
26076,26.0,
76327,377.0,
46139,205.0,
12143,61.0,
24295,1262.0,
69090,812.0,
62655,285.0,
74148,278.0,
89071,93.0,
67038,277.0,
76366,3993.0,
22116,1252.0,
72245,678.0,
91525,1292.0,
32295,159.0,
21641,459.0,
64044,86.0,
82060,234.0,
36181,198.0,
03141,159.0,
55124,304.0,
11179,98.0,
51580,426.0,
89146,106.0,
89037,521.0,
64389,367.0,
38417,489.0,
13115,1586.0,
53234,359.0,
90001,1228.0,
85281,995.0,
60521,400.0,
03229,652.0,
01224,3115.0,
972220,12359.0,
11040,1514.0,
61391,3259.0,
82110,1013.0,
28395,463.0,
29043,1768.0,
80239,49.0,
89058,134.0,
07160,48.0,
02059,2692.0,
09059,129.0,
83002,270.0,
50490,350.0,
11099,2439.0,
26367,695.0,
50593,601.0,
27149,87.0,
80357,247.0,
80350,531.0,
54386,104.0,
78346,1456.0,
74151,522.0,
67384,349.0,
28076,187.0,
76714,702.0,
88047,171.0,
79091,980.0,
25433,52.0,
24464,293.0,
34189,1757.0,
08045,257.0,
80558,225.0,
81315,1488.0,
52507,59.0,
58125,96.0,
78646,85272.0,
23140,434.0,
58034,174.0,
77054,769.0,
79108,222.0,
62822,93.0,
38006,4006.0,
49323,4473.0,
03182,254.0,
45150,185.0,
80252,233.0,
89465,323.0,
55279,432.0,
89428,558.0,
41177,177.0,
31400,76.0,
52031,393.0,
16421,426.0,
80541,178.0,
44035,18412.0,
60348,494.0,
27658,332.0,
40100,382.0,
70431,243.0,
12090,2137.0,
26254,22.0,
76420,345.0,
12297,491.0,
37216,1572.0,
31488,10358.0,
52072,356.0,
09305,364.0,
78356,9063.0,
14401,127.0,
27319,286.0,
01235,995.0,
10359,530.0,
32249,2066.0,
84100,51.0,
21434,153.0,
14734,314.0,
10240,463.0,
66133,3153.0,
50473,392.0,
73214,199.0,
41038,422.0,
46231,2032.0,
80404,145.0,
02739,319.0,
63111,114.0,
58306,323.0,
33145,590.0,
77247,485.0,
76168,58.0,
55567,122.0,
05156,429.0,
55033,15.0,
80640,252.0,
78190,9990.0,
55226,125.0,
15253,67.0,
22076,1393.0,
25616,254.0,
47307,187.0,
76099,647.0,
40304,3826.0,
59278,3935.0,
41138,310.0,
73263,966.0,
80399,247.0,
62318,11158.0,
87198,403.0,
32413,73.0,
60525,157.0,
74278,5833.0,
71448,1336.0,
02149,64.0,
15070,209.0,
89101,538.0,
65203,29.0,
78305,260.0,
68288,372.0,
60416,169.0,
02808,310.0,
24155,452.0,
14515,1995.0,
16175,594.0,
57321,594.0,
89129,393.0,
33354,193.0,
12026,1021.0,
11176,59.0,
32195,50.0,
52342,28.0,
27497,979.0,
44049,4036.0,
59571,4452.0,
02532,971.0,
31252,1831.0,
76431,104.0,
72173,1276.0,
02779,231.0,
24182,1487.0,
48005,328.0,
37042,229.0,
46012,596.0,
87132,102.0,
88054,316.0,
41017,717.0,
71445,5962.0,
51063,177.0,
28028,253.0,
77131,14725.0,
85204,2529.0,
24372,5497.0,
27190,216.0,
18078,61.0,
54117,114.0,
17287,266.0,
31401,372.0,
72289,2105.0,
31440,72.0,
57587,230.0,
07298,767.0,
21320,806.0,
11213,41.0,
23188,179.0,
51504,725.0,
73006,3566.0,
09266,60.0,
62214,573.0,
47251,312.0,
86024,1332.0,
52407,321.0,
60660,350.0,
36139,677.0,
62878,377.0,
55182,209.0,
55284,69.0,
88141,255.0,
76725,582.0,
64024,39184.0,
48007,48.0,
74034,517.0,
2B010,301.0,
44144,2239.0,
69256,44087.0,
56200,1406.0,
21567,242.0,
80472,157.0,
39194,469.0,
76720,1005.0,
36098,97.0,
08494,520.0,
54466,346.0,
30020,2417.0,
76362,337.0,
11335,49.0,
08456,197.0,
70483,128.0,
78431,2620.0,
66024,5547.0,
38200,3798.0,
87133,550.0,
17317,558.0,
86190,824.0,
69029,38746.0,
76358,250.0,
33021,998.0,
81067,475.0,
11160,27.0,
15012,6215.0,
2B081,38.0,
50265,153.0,
61507,323.0,
58080,184.0,
11356,1105.0,
47309,467.0,
45346,1946.0,
71054,581.0,
85130,1321.0,
88029,1204.0,
27483,405.0,
08264,510.0,
02604,70.0,
58153,69.0,
43263,54.0,
25113,119.0,
59632,5540.0,
78322,8291.0,
27492,322.0,
67309,4817.0,
39469,94.0,
73197,655.0,
41147,1905.0,
64063,1054.0,
62027,254.0,
85042,1921.0,
40236,805.0,
88055,156.0,
11273,646.0,
70247,233.0,
84040,412.0,
73306,1136.0,
80587,91.0,
36081,306.0,
85205,527.0,
76276,3492.0,
88498,892.0,
10047,42.0,
40007,179.0,
01083,847.0,
55541,491.0,
13201,38733.0,
22346,968.0,
74222,486.0,
26269,57.0,
43050,104.0,
07010,16075.0,
46203,223.0,
57705,220.0,
29244,814.0,
88389,83.0,
18114,240.0,
62064,152.0,
53068,164.0,
33554,2865.0,
22069,216.0,
01063,514.0,
33248,2590.0,
68121,638.0,
90011,378.0,
17286,607.0,
69182,387.0,
34051,3484.0,
69113,939.0,
28141,322.0,
80087,228.0,
17402,168.0,
14531,47.0,
70201,232.0,
67181,291.0,
52278,87.0,
50233,139.0,
2B078,33.0,
24423,98.0,
02065,634.0,
01069,1440.0,
62808,287.0,
08087,153.0,
01065,1734.0,
91339,6707.0,
33067,2187.0,
81152,255.0,
65158,77.0,
11376,83.0,
64296,159.0,
05039,389.0,
62007,703.0,
28215,262.0,
40163,510.0,
2B057,346.0,
31077,484.0,
33105,193.0,
85076,3366.0,
63246,480.0,
25267,632.0,
59641,2063.0,
14191,4221.0,
09298,92.0,
66226,1177.0,
82186,5174.0,
07183,457.0,
80037,142.0,
2A360,136.0,
60582,798.0,
63453,3207.0,
49292,2004.0,
78265,2377.0,
16304,974.0,
54534,532.0,
80009,935.0,
31446,13475.0,
95436,1354.0,
31368,215.0,
50457,218.0,
27106,444.0,
74143,2939.0,
51528,135.0,
50227,349.0,
02378,152.0,
55081,53.0,
84079,356.0,
27009,584.0,
2A276,502.0,
40272,1359.0,
14166,2320.0,
62427,26748.0,
76161,115.0,
30222,176.0,
02804,197.0,
15235,596.0,
71229,246.0,
50361,228.0,
15100,106.0,
43158,311.0,
16361,343.0,
82158,162.0,
45201,179.0,
34300,4368.0,
65317,45.0,
57401,89.0,
31484,2153.0,
43019,78.0,
11114,35.0,
39441,1151.0,
54083,188.0,
31470,100.0,
37233,15404.0,
63110,478.0,
27031,1099.0,
55510,147.0,
81280,232.0,
60615,132.0,
52175,352.0,
53084,4481.0,
56233,1594.0,
27496,549.0,
27276,319.0,
60105,407.0,
09170,211.0,
23162,371.0,
15161,115.0,
89451,236.0,
76225,385.0,
60572,330.0,
54397,7052.0,
24039,156.0,
62754,430.0,
14266,1410.0,
76518,500.0,
60640,176.0,
89085,1166.0,
80298,524.0,
11095,305.0,
81282,34.0,
85271,417.0,
58307,189.0,
70278,200.0,
51604,256.0,
22121,1749.0,
24259,1046.0,
31435,844.0,
52028,52.0,
14290,771.0,
95527,2833.0,
38181,2269.0,
47311,145.0,
38287,920.0,
60140,320.0,
62331,1055.0,
63140,201.0,
63312,165.0,
47136,137.0,
72009,396.0,
03255,149.0,
77060,750.0,
31570,269.0,
80577,168.0,
85034,3265.0,
41200,408.0,
67372,2794.0,
33186,830.0,
78113,704.0,
31032,6867.0,
21139,248.0,
27114,1201.0,
45290,1710.0,
29036,647.0,
95628,1200.0,
38551,38.0,
51006,144.0,
18261,414.0,
56116,1581.0,
65201,175.0,
77148,1851.0,
22190,3419.0,
19155,278.0,
58310,52.0,
34162,3907.0,
42011,2929.0,
89461,1171.0,
56258,1642.0,
09060,722.0,
62162,599.0,
31006,200.0,
27299,3984.0,
72358,1611.0,
06030,43187.0,
71280,85.0,
01195,1682.0,
54400,1185.0,
70328,371.0,
47213,977.0,
17224,2214.0,
17314,918.0,
21145,34.0,
12195,277.0,
56232,1182.0,
03221,731.0,
27169,950.0,
54123,1831.0,
14138,316.0,
78281,613.0,
71541,388.0,
77459,1465.0,
32040,147.0,
50279,624.0,
62500,402.0,
08011,226.0,
71289,1048.0,
75117,170077.0,
24515,830.0,
27403,232.0,
56100,1874.0,
28407,314.0,
70314,168.0,
51196,880.0,
36077,234.0,
70176,195.0,
59525,2953.0,
2A269,1391.0,
27552,228.0,
10140,1218.0,
47264,1183.0,
2B214,24.0,
77438,6296.0,
49219,454.0,
70423,113.0,
07117,2037.0,
51415,225.0,
84149,1591.0,
63330,342.0,
70255,517.0,
28309,1040.0,
10030,1326.0,
01128,282.0,
11366,565.0,
2B208,113.0,
16125,256.0,
50069,337.0,
73157,3299.0,
24014,634.0,
60483,505.0,
77249,7421.0,
31365,491.0,
89238,579.0,
39405,966.0,
50511,135.0,
78089,4568.0,
71414,491.0,
21035,328.0,
43149,122.0,
68221,836.0,
05007,368.0,
78068,920.0,
56263,2596.0,
27235,134.0,
62538,395.0,
07169,391.0,
41073,712.0,
63311,330.0,
51422,418.0,
57139,282.0,
24320,1005.0,
63004,1658.0,
55336,166.0,
72287,2115.0,
14375,175.0,
45067,3582.0,
11173,142.0,
51637,225.0,
54360,332.0,
10202,204.0,
82090,1037.0,
83003,934.0,
01033,11644.0,
80070,1365.0,
29145,899.0,
09108,175.0,
33526,133.0,
57596,771.0,
38218,1029.0,
972209,84174.0,
40111,719.0,
71347,532.0,
84067,2528.0,
88024,107.0,
67210,513.0,
57509,468.0,
65333,117.0,
35142,1267.0,
88249,78.0,
16204,427.0,
10079,116.0,
61066,118.0,
13001,141545.0,
13073,5431.0,
34227,1642.0,
02212,707.0,
41071,502.0,
02685,114.0,
57698,319.0,
88311,50.0,
50382,481.0,
33160,580.0,
70101,448.0,
26239,187.0,
82007,140.0,
57180,382.0,
02204,72.0,
61500,114.0,
54029,2478.0,
50598,268.0,
67107,621.0,
76120,426.0,
42316,8821.0,
47222,475.0,
36107,855.0,
27361,322.0,
64348,12106.0,
14088,386.0,
03206,196.0,
70092,188.0,
43003,959.0,
45051,1393.0,
23192,793.0,
63325,433.0,
42205,723.0,
73070,675.0,
27546,196.0,
88270,2240.0,
59610,903.0,
07345,944.0,
31089,603.0,
69264,36531.0,
57621,100.0,
51621,531.0,
64031,139.0,
39308,309.0,
52093,2435.0,
51287,765.0,
25553,386.0,
18191,213.0,
85163,4587.0,
83015,321.0,
42122,1683.0,
33127,210.0,
32098,300.0,
83009,7636.0,
14657,322.0,
10296,174.0,
64335,9993.0,
17077,1208.0,
39398,332.0,
70511,216.0,
35218,899.0,
53011,833.0,
37251,815.0,
80260,886.0,
70228,918.0,
43225,50.0,
24493,108.0,
27514,356.0,
62173,4895.0,
38533,726.0,
67325,1403.0,
66172,11846.0,
67149,423.0,
61064,105.0,
14476,196.0,
26270,106.0,
71516,592.0,
70080,282.0,
52384,117.0,
68159,912.0,
76219,2552.0,
83076,858.0,
62901,869.0,
81305,803.0,
54512,105.0,
35272,891.0,
63429,43.0,
25180,125.0,
72247,1278.0,
48137,666.0,
01405,1199.0,
76131,778.0,
19176,1053.0,
50411,620.0,
15030,284.0,
54025,1244.0,
28397,414.0,
14591,564.0,
70090,62.0,
12059,535.0,
38061,3166.0,
77322,2958.0,
13060,5291.0,
37183,1553.0,
89160,773.0,
82179,2160.0,
15142,1095.0,
69097,804.0,
85218,1626.0,
67515,545.0,
01103,1396.0,
17092,159.0,
75110,92494.0,
58141,63.0,
80267,212.0,
62254,576.0,
21715,189.0,
71132,2332.0,
52276,213.0,
62347,142.0,
21108,105.0,
82068,208.0,
03173,1173.0,
38519,2636.0,
23022,346.0,
73218,836.0,
56154,1859.0,
09162,25.0,
31356,1592.0,
76216,10309.0,
91589,37206.0,
39097,7901.0,
19230,384.0,
33166,517.0,
12125,258.0,
88014,177.0,
71222,899.0,
74179,685.0,
02493,218.0,
33471,1297.0,
89205,467.0,
55242,114.0,
17137,241.0,
42286,972.0,
52106,149.0,
14284,168.0,
70451,2885.0,
10350,661.0,
50522,270.0,
25134,10.0,
15266,563.0,
80589,93.0,
12044,986.0,
79078,654.0,
39574,725.0,
09109,155.0,
88374,21.0,
62060,2773.0,
22330,417.0,
81188,308.0,
12233,272.0,
03151,180.0,
62649,802.0,
78233,2792.0,
69186,220.0,
39222,82.0,
29107,858.0,
17055,404.0,
52056,225.0,
26048,62.0,
17098,582.0,
70236,435.0,
39546,394.0,
21488,199.0,
56062,704.0,
51508,196.0,
85188,1106.0,
47022,529.0,
14565,251.0,
51442,176.0,
08383,111.0,
77429,553.0,
88460,637.0,
88439,908.0,
53247,2088.0,
89216,341.0,
61314,634.0,
31518,555.0,
11137,120.0,
38213,577.0,
25460,142.0,
30134,251.0,
56158,5369.0,
38358,607.0,
64331,794.0,
90027,137.0,
89057,310.0,
35277,345.0,
67489,783.0,
73277,153.0,
63243,310.0,
39240,153.0,
63427,422.0,
57145,304.0,
24406,135.0,
40257,1294.0,
55009,596.0,
21599,2438.0,
55360,107.0,
60562,1414.0,
07229,898.0,
22201,757.0,
78537,6103.0,
26303,80.0,
47002,121.0,
38437,300.0,
2B355,451.0,
01363,1645.0,
50328,781.0,
95308,610.0,
27260,632.0,
63367,116.0,
05128,641.0,
53251,408.0,
42146,68.0,
60624,162.0,
56080,1396.0,
77475,4930.0,
08450,219.0,
09271,74.0,
25270,117.0,
19096,424.0,
03177,277.0,
77500,473.0,
54253,772.0,
05018,316.0,
68064,967.0,
14389,263.0,
81092,914.0,
65063,148.0,
11368,113.0,
52248,568.0,
16395,300.0,
10093,96.0,
79123,2307.0,
80490,285.0,
19258,666.0,
04116,3592.0,
54050,57.0,
65369,706.0,
25355,52.0,
35278,8989.0,
38108,128.0,
11072,210.0,
2B088,205.0,
01171,928.0,
27371,147.0,
19214,486.0,
78267,6877.0,
66205,878.0,
27079,322.0,
13058,2222.0,
17453,1416.0,
44070,4455.0,
62176,685.0,
62192,431.0,
12049,444.0,
24119,282.0,
52287,99.0,
81093,666.0,
82021,208.0,
40123,1094.0,
59284,3832.0,
82100,131.0,
52446,226.0,
47301,1002.0,
54196,1733.0,
72296,738.0,
07128,406.0,
17333,5080.0,
54076,3993.0,
11336,484.0,
19130,423.0,
85158,1232.0,
03162,194.0,
90010,50196.0,
12207,375.0,
22196,925.0,
42227,424.0,
24331,820.0,
08169,116.0,
76055,365.0,
27611,328.0,
87052,188.0,
22082,855.0,
41256,1319.0,
67440,569.0,
80264,81.0,
02134,878.0,
35351,1464.0,
90037,976.0,
51168,213.0,
55044,40.0,
36138,215.0,
02719,2064.0,
02765,227.0,
31101,456.0,
12141,237.0,
11397,5410.0,
27467,9079.0,
42305,6566.0,
02470,435.0,
33361,595.0,
80584,1088.0,
76170,129.0,
07221,258.0,
80138,123.0,
12025,1018.0,
08382,137.0,
71531,241.0,
33065,3228.0,
09125,453.0,
15222,225.0,
69159,961.0,
48171,194.0,
57161,124.0,
33014,1085.0,
29216,3847.0,
81219,3255.0,
02522,77.0,
972207,17051.0,
02249,111.0,
22068,426.0,
55537,70.0,
69177,1990.0,
33003,14609.0,
31425,476.0,
88181,3075.0,
14669,208.0,
95627,643.0,
59224,1820.0,
32441,72.0,
72213,4772.0,
64085,103.0,
24330,687.0,
69124,441.0,
08465,52.0,
21399,186.0,
80602,122.0,
33139,104.0,
01317,288.0,
88368,170.0,
35291,464.0,
02533,130.0,
02712,160.0,
10123,922.0,
61392,173.0,
62726,187.0,
38520,629.0,
67125,2248.0,
55066,153.0,
37168,305.0,
91544,496.0,
24451,821.0,
91511,2038.0,
08027,100.0,
90026,1593.0,
95529,857.0,
37059,1202.0,
61503,204.0,
67350,2244.0,
40319,267.0,
31277,1018.0,
81014,525.0,
38401,1521.0,
42235,330.0,
69008,606.0,
60153,108.0,
12003,335.0,
67553,312.0,
60495,404.0,
89272,310.0,
11058,265.0,
50096,228.0,
08017,126.0,
51368,54.0,
07287,288.0,
67305,2012.0,
80216,147.0,
02708,216.0,
40071,597.0,
47164,129.0,
03002,342.0,
62773,3983.0,
63192,653.0,
08028,866.0,
89313,466.0,
01357,473.0,
24568,1109.0,
54538,386.0,
52266,62.0,
60480,575.0,
02355,959.0,
57550,2528.0,
69246,1104.0,
05093,362.0,
88302,1110.0,
91359,2715.0,
08468,199.0,
02239,1181.0,
38518,507.0,
67245,214.0,
88239,140.0,
43122,265.0,
63129,173.0,
62197,1782.0,
10089,717.0,
60362,210.0,
61137,159.0,
88464,511.0,
72344,2899.0,
51108,44899.0,
72167,737.0,
08040,986.0,
80773,95.0,
21574,410.0,
08263,1172.0,
03228,50.0,
74061,782.0,
54181,775.0,
32078,226.0,
25119,355.0,
71107,308.0,
34231,23.0,
66043,134.0,
26242,18.0,
16323,510.0,
62359,544.0,
18216,521.0,
82149,1886.0,
01162,65.0,
67155,1296.0,
35360,17463.0,
38239,7917.0,
02235,111.0,
74266,935.0,
66013,109.0,
17347,7295.0,
58312,291.0,
79322,2068.0,
54589,124.0,
27350,998.0,
42206,1553.0,
89096,957.0,
73297,587.0,
35031,4121.0,
02577,79.0,
09040,274.0,
05014,230.0,
21586,691.0,
61328,301.0,
03220,663.0,
57749,165.0,
55214,325.0,
32386,130.0,
39112,120.0,
29032,2123.0,
78242,13086.0,
71209,747.0,
09063,105.0,
24371,491.0,
76051,1867.0,
71525,576.0,
38471,1110.0,
38555,1141.0,
88331,47.0,
09166,100.0,
63021,661.0,
2B145,218.0,
43155,67.0,
68246,1020.0,
70117,1260.0,
16388,900.0,
12198,2020.0,
19242,438.0,
58245,185.0,
56124,2476.0,
58118,685.0,
49362,1244.0,
19137,59.0,
17428,542.0,
80756,61.0,
21381,108.0,
89156,393.0,
49259,2290.0,
39510,680.0,
61218,1719.0,
12194,826.0,
2B213,60.0,
57530,417.0,
64056,148.0,
2A006,3108.0,
57212,660.0,
34309,4606.0,
50082,4194.0,
90066,245.0,
44138,1055.0,
77190,234.0,
29044,1885.0,
31216,275.0,
31241,308.0,
31334,1224.0,
59195,561.0,
80656,1115.0,
72269,3349.0,
59321,729.0,
27318,284.0,
26283,25.0,
73162,661.0,
52301,55.0,
44207,1016.0,
88404,72.0,
14069,1370.0,
53069,186.0,
42313,649.0,
04081,421.0,
02535,128.0,
60054,353.0,
60329,190.0,
25031,14552.0,
64137,635.0,
30294,4940.0,
02345,45.0,
53226,837.0,
80395,279.0,
12294,654.0,
14091,111.0,
01361,1427.0,
19026,193.0,
71023,932.0,
32445,157.0,
08217,114.0,
42021,1189.0,
35337,3372.0,
67472,4946.0,
22127,1612.0,
04074,112.0,
21129,39.0,
17233,296.0,
60449,277.0,
80504,79.0,
25341,164.0,
29280,2120.0,
06108,5381.0,
76286,708.0,
25221,55.0,
68059,1828.0,
18275,157.0,
25521,169.0,
63009,520.0,
51295,303.0,
50334,276.0,
76665,410.0,
19100,1160.0,
57331,529.0,
64308,277.0,
45334,641.0,
52456,647.0,
78290,1057.0,
52015,93.0,
03245,136.0,
51663,1747.0,
80145,143.0,
56185,8677.0,
73052,147.0,
08084,193.0,
54590,634.0,
52464,49.0,
54593,430.0,
10120,217.0,
17449,7914.0,
50283,65.0,
10053,544.0,
51418,460.0,
77472,454.0,
33298,985.0,
61302,140.0,
64153,55.0,
59451,551.0,
57140,570.0,
61257,121.0,
36027,273.0,
27695,275.0,
89091,647.0,
17472,2125.0,
78404,243.0,
21025,71.0,
25478,110.0,
03145,768.0,
61139,314.0,
14057,1558.0,
16049,397.0,
41234,295.0,
33416,1002.0,
41098,194.0,
21657,2016.0,
26347,5923.0,
88062,102.0,
59666,1523.0,
54437,1194.0,
27027,284.0,
44221,1508.0,
55219,105.0,
60069,1112.0,
24520,9259.0,
2A064,34.0,
24126,238.0,
74260,800.0,
88001,76.0,
54442,98.0,
01212,695.0,
91098,398.0,
38032,576.0,
55043,3177.0,
28166,235.0,
87138,590.0,
33194,697.0,
09259,139.0,
77314,242.0,
13056,47904.0,
23016,178.0,
58115,241.0,
03291,390.0,
62187,178.0,
87012,422.0,
06145,122.0,
59511,1881.0,
09050,476.0,
44071,5572.0,
21026,190.0,
39200,243.0,
64399,2305.0,
09180,131.0,
30080,813.0,
18098,146.0,
89282,710.0,
72029,2006.0,
71156,256.0,
59031,326.0,
14492,298.0,
37062,1719.0,
38281,2269.0,
26030,5.0,
57259,311.0,
02794,194.0,
63352,1884.0,
76461,394.0,
41093,287.0,
22365,193.0,
2B093,990.0,
62556,287.0,
60621,131.0,
70443,82.0,
69059,1520.0,
31254,4260.0,
42020,1124.0,
68074,555.0,
23108,157.0,
90034,771.0,
57097,5578.0,
93077,29165.0,
21189,449.0,
56060,951.0,
08189,147.0,
24461,770.0,
67169,2776.0,
61081,623.0,
81195,681.0,
40268,590.0,
56196,674.0,
33456,512.0,
14224,65.0,
44050,2846.0,
48028,143.0,
64340,69.0,
47105,305.0,
79081,6655.0,
57112,94.0,
39504,229.0,
51496,266.0,
71346,1689.0,
24011,1213.0,
27427,420.0,
87048,4879.0,
76135,946.0,
17268,209.0,
85264,1348.0,
57482,1117.0,
51482,642.0,
78481,16237.0,
64453,2882.0,
42332,4726.0,
11119,289.0,
58257,54.0,
84060,36.0,
55272,453.0,
05139,1011.0,
91207,5494.0,
12281,735.0,
69006,5032.0,
58008,177.0,
24419,784.0,
64392,101.0,
50074,2125.0,
52138,56.0,
53135,750.0,
59518,423.0,
44064,4429.0,
78143,1388.0,
62640,406.0,
05047,126.0,
59190,961.0,
34101,4969.0,
55154,1393.0,
68004,5743.0,
91286,27716.0,
86214,7096.0,
32119,3877.0,
54272,450.0,
94060,12008.0,
60441,595.0,
64444,438.0,
65183,733.0,
38086,418.0,
68381,782.0,
24124,244.0,
41069,284.0,
72235,363.0,
43222,159.0,
70240,1425.0,
70070,40.0,
58283,80.0,
45069,934.0,
18178,230.0,
11360,1884.0,
76239,710.0,
37228,1131.0,
64089,152.0,
57228,179.0,
09189,172.0,
36079,72.0,
34042,620.0,
46026,105.0,
71578,339.0,
26069,126.0,
02255,148.0,
27360,306.0,
64419,1579.0,
68325,780.0,
03111,1121.0,
64135,737.0,
62628,6796.0,
24356,1569.0,
86160,2174.0,
11382,373.0,
71350,909.0,
51322,119.0,
26295,1881.0,
59086,2183.0,
28408,134.0,
55156,132.0,
08461,190.0,
81172,46.0,
39586,38.0,
971108,3309.0,
01208,144.0,
40075,1997.0,
92002,61727.0,
45002,392.0,
38162,1261.0,
52165,216.0,
32279,688.0,
31337,99.0,
27401,177.0,
86193,1223.0,
16369,978.0,
01436,527.0,
03168,774.0,
60647,2107.0,
13023,4282.0,
69068,2598.0,
62383,1340.0,
03140,1126.0,
80789,145.0,
70482,1569.0,
17149,67.0,
63206,1346.0,
60287,321.0,
19066,1696.0,
62782,460.0,
03037,284.0,
08470,78.0,
03172,129.0,
87054,1243.0,
80493,275.0,
77435,1109.0,
14286,492.0,
30227,3247.0,
37151,3080.0,
09219,156.0,
34302,695.0,
06094,1003.0,
50492,1233.0,
78443,926.0,
68118,4881.0,
62639,383.0,
73036,655.0,
32444,238.0,
35021,1299.0,
33131,208.0,
25056,116952.0,
67437,11609.0,
03253,428.0,
46264,186.0,
54514,561.0,
54511,119.0,
85216,2039.0,
39430,88.0,
79046,567.0,
14650,200.0,
17267,1208.0,
44224,1608.0,
14085,771.0,
51076,457.0,
25566,262.0,
25475,1370.0,
26219,442.0,
45196,1264.0,
42140,418.0,
07266,92.0,
21397,172.0,
10246,262.0,
32457,274.0,
62876,160.0,
60095,340.0,
50004,534.0,
13096,2593.0,
42240,846.0,
67370,657.0,
32443,186.0,
52230,313.0,
80659,285.0,
52265,1393.0,
51174,59.0,
78324,556.0,
71518,284.0,
28209,5657.0,
67034,2378.0,
54011,617.0,
55005,44.0,
71133,1741.0,
41173,1989.0,
33466,2116.0,
02169,89.0,
2B252,179.0,
25100,410.0,
27691,804.0,
76270,2656.0,
63102,779.0,
2B307,1256.0,
64520,750.0,
11209,222.0,
58299,225.0,
62037,2706.0,
80339,174.0,
72330,430.0,
27374,573.0,
59481,5017.0,
32452,277.0,
17430,392.0,
14643,778.0,
80470,171.0,
29128,361.0,
76397,970.0,
72197,711.0,
33463,1320.0,
27209,581.0,
68296,1029.0,
63371,169.0,
72065,2286.0,
57298,397.0,
45144,1216.0,
69022,551.0,
60061,90.0,
19260,248.0,
04207,103.0,
53155,1361.0,
21328,53.0,
31049,575.0,
03295,83.0,
71092,559.0,
41228,290.0,
74026,5056.0,
63328,58.0,
76261,464.0,
01085,375.0,
58144,685.0,
12028,533.0,
2A038,47.0,
80200,232.0,
59476,3209.0,
48145,173.0,
62718,1456.0,
51461,1025.0,
79038,1181.0,
67105,1483.0,
95438,140.0,
72067,931.0,
14566,2471.0,
69282,31438.0,
22206,2723.0,
15146,137.0,
18230,300.0,
22162,7298.0,
82189,732.0,
04237,127.0,
30062,5298.0,
63041,327.0,
81217,463.0,
77527,601.0,
25406,580.0,
33321,2018.0,
44146,2240.0,
76198,780.0,
95678,843.0,
39124,473.0,
81064,1029.0,
38085,8544.0,
25175,86.0,
31454,3496.0,
19154,306.0,
82002,3182.0,
57504,289.0,
07106,162.0,
72038,622.0,
84128,39.0,
35018,1110.0,
55106,173.0,
21606,1842.0,
84028,1029.0,
24347,142.0,
60092,226.0,
49022,1416.0,
11404,882.0,
60314,287.0,
01145,1175.0,
21663,2895.0,
70577,374.0,
03099,411.0,
16225,686.0,
01305,2276.0,
45005,210.0,
32391,132.0,
56257,689.0,
60423,1064.0,
25274,355.0,
69201,1297.0,
14701,941.0,
82041,234.0,
47204,288.0,
32297,363.0,
12200,1050.0,
29221,1796.0,
26261,383.0,
08501,51.0,
53010,431.0,
34232,590.0,
33545,1261.0,
47170,616.0,
68247,1294.0,
30088,603.0,
16279,238.0,
65196,108.0,
62096,619.0,
73312,852.0,
77456,813.0,
07236,1166.0,
17087,163.0,
40256,669.0,
63227,2386.0,
60516,418.0,
36207,561.0,
57376,521.0,
17193,2439.0,
80250,346.0,
64254,575.0,
02315,1642.0,
23122,97.0,
51136,697.0,
29163,3083.0,
62266,74.0,
2B350,179.0,
42089,677.0,
77041,307.0,
08328,6214.0,
93074,6828.0,
41144,787.0,
80181,118.0,
30083,2434.0,
50393,2331.0,
46280,162.0,
81018,2520.0,
86300,403.0,
15152,914.0,
70054,221.0,
48135,167.0,
57117,593.0,
89339,204.0,
54182,395.0,
39313,187.0,
77003,388.0,
19204,295.0,
95392,4859.0,
52099,835.0,
12077,505.0,
27217,591.0,
25277,77.0,
88430,485.0,
39210,592.0,
51239,119.0,
17056,598.0,
64349,471.0,
60543,105.0,
52326,43.0,
76682,783.0,
55173,36.0,
88291,120.0,
91560,289.0,
08291,160.0,
21676,224.0,
42249,1651.0,
26317,719.0,
44200,372.0,
02576,308.0,
64363,345.0,
95351,9949.0,
87192,1511.0,
34335,448.0,
72372,66.0,
02448,113.0,
01010,1108.0,
51018,841.0,
70412,70.0,
16195,290.0,
17070,856.0,
65388,892.0,
10314,382.0,
68207,722.0,
76230,461.0,
16015,41970.0,
40052,225.0,
17031,222.0,
974418,32605.0,
48082,110.0,
83011,1539.0,
35312,1776.0,
80552,1222.0,
37236,540.0,
16268,187.0,
41194,16891.0,
19116,248.0,
14329,77.0,
60094,296.0,
77235,265.0,
33402,2321.0,
23189,815.0,
87067,497.0,
59371,637.0,
66144,4647.0,
52416,68.0,
17243,1324.0,
34044,339.0,
68090,731.0,
29015,3447.0,
51165,1089.0,
02060,284.0,
57178,392.0,
37230,1022.0,
14404,114.0,
08039,439.0,
23193,2444.0,
37141,923.0,
88041,115.0,
57554,550.0,
29021,740.0,
52004,14.0,
13030,4947.0,
76093,342.0,
02506,202.0,
55094,569.0,
70171,1300.0,
36005,3859.0,
84077,447.0,
71122,534.0,
02472,443.0,
35003,837.0,
54188,1312.0,
54115,6885.0,
24390,310.0,
73221,96.0,
47099,630.0,
53033,127.0,
51397,159.0,
35172,1767.0,
38388,2106.0,
69170,1195.0,
03287,401.0,
02101,203.0,
04031,574.0,
19050,413.0,
60011,371.0,
22312,209.0,
63095,207.0,
33029,5118.0,
44121,425.0,
60309,801.0,
61158,139.0,
52137,23.0,
41058,161.0,
77288,40066.0,
43086,200.0,
10442,640.0,
55291,4136.0,
78264,71.0,
53188,2626.0,
33306,415.0,
62506,1597.0,
2B286,782.0,
26224,235.0,
86210,726.0,
74118,2172.0,
38197,1614.0,
21537,129.0,
60088,3553.0,
78234,135.0,
52045,1722.0,
66219,21.0,
26171,189.0,
64256,6230.0,
02803,139.0,
62125,413.0,
33304,160.0,
02370,576.0,
39292,137.0,
02082,110.0,
29067,1355.0,
11422,338.0,
64122,24993.0,
85002,1853.0,
63380,728.0,
13042,6232.0,
86142,638.0,
08055,451.0,
16109,697.0,
62348,120.0,
80118,119.0,
33531,300.0,
70047,80.0,
64258,85.0,
61007,2564.0,
60418,408.0,
05082,152.0,
59361,3802.0,
50039,152.0,
35143,970.0,
10354,137.0,
59149,1130.0,
81086,173.0,
80452,499.0,
29027,3717.0,
28325,951.0,
33438,1760.0,
73324,226.0,
53271,2930.0,
25040,845.0,
14764,1042.0,
35079,1958.0,
14285,57.0,
11088,1655.0,
51531,2014.0,
95014,2557.0,
04161,334.0,
89280,408.0,
32268,756.0,
27252,339.0,
87001,5686.0,
64535,493.0,
02409,299.0,
59489,4079.0,
11192,798.0,
02714,339.0,
86255,1358.0,
37011,1778.0,
01230,309.0,
70172,95.0,
11339,521.0,
2B002,228.0,
78368,1741.0,
31207,91.0,
31477,45.0,
67026,139.0,
40023,351.0,
12280,418.0,
37070,358.0,
74139,921.0,
39531,196.0,
65403,92.0,
86094,545.0,
64375,261.0,
62492,256.0,
65036,134.0,
51173,113.0,
14368,294.0,
50554,1339.0,
91691,28797.0,
39576,387.0,
05040,2774.0,
84131,1965.0,
45139,523.0,
02534,56.0,
23217,306.0,
33521,704.0,
31044,14929.0,
41248,528.0,
69187,621.0,
61118,145.0,
21357,105.0,
32164,123.0,
12307,318.0,
29025,1636.0,
36025,610.0,
11272,2190.0,
09075,266.0,
50305,693.0,
95012,208.0,
55374,84.0,
83151,978.0,
02058,803.0,
55237,228.0,
77264,1543.0,
03285,179.0,
06065,6573.0,
68248,729.0,
19077,122.0,
19023,1280.0,
51623,263.0,
18008,520.0,
77368,501.0,
83139,591.0,
59541,962.0,
15243,509.0,
59022,2259.0,
36189,951.0,
87131,849.0,
46243,211.0,
73317,679.0,
973305,10721.0,
65068,18.0,
44077,2326.0,
27531,218.0,
17303,1090.0,
80815,836.0,
52101,50.0,
16336,357.0,
84084,1333.0,
22385,1002.0,
10371,326.0,
972221,12737.0,
59395,313.0,
08460,171.0,
35196,7168.0,
34057,17837.0,
02824,378.0,
68096,331.0,
37204,1247.0,
02001,525.0,
30250,339.0,
81112,959.0,
08485,196.0,
33540,2463.0,
45115,4059.0,
27083,247.0,
45123,1871.0,
76686,521.0,
38001,3644.0,
61388,177.0,
78557,894.0,
17270,645.0,
55037,149.0,
88467,609.0,
15055,413.0,
87201,4637.0,
62859,262.0,
91100,639.0,
30289,79.0,
21541,243.0,
57657,28.0,
36030,246.0,
60215,606.0,
33083,972.0,
59112,12097.0,
15216,511.0,
46145,775.0,
42191,882.0,
27112,3221.0,
41029,1529.0,
82141,606.0,
78128,1633.0,
68377,830.0,
89403,114.0,
13116,795.0,
71395,199.0,
35256,1965.0,
25153,112.0,
29120,2205.0,
35279,1052.0,
77145,647.0,
56067,5165.0,
35130,2099.0,
82117,1370.0,
61178,56.0,
51245,542.0,
26018,10.0,
62741,131.0,
56104,772.0,
86052,983.0,
55202,164.0,
14637,211.0,
70512,210.0,
2B327,205.0,
25414,135.0,
91458,4778.0,
12004,485.0,
33444,591.0,
69199,17584.0,
51361,180.0,
70578,171.0,
89378,754.0,
43181,733.0,
2B297,55.0,
70579,442.0,
89007,443.0,
76569,204.0,
25261,65.0,
70459,1164.0,
57686,245.0,
57687,216.0,
51459,106.0,
02640,171.0,
26251,372.0,
81205,172.0,
57604,593.0,
54390,120.0,
11284,487.0,
51380,3691.0,
95219,28021.0,
65363,466.0,
60023,559.0,
71591,493.0,
2B101,73.0,
70010,105.0,
05130,128.0,
08014,137.0,
08105,48991.0,
35071,389.0,
28178,295.0,
77350,19917.0,
85102,605.0,
34297,393.0,
85201,428.0,
64511,3118.0,
24501,472.0,
89040,185.0,
03306,1932.0,
02523,82.0,
51572,222.0,
37048,327.0,
67320,623.0,
28079,314.0,
49223,5368.0,
73082,660.0,
90061,36.0,
95574,7171.0,
70461,115.0,
31156,343.0,
02742,99.0,
77122,22086.0,
39443,123.0,
71576,269.0,
24001,654.0,
35280,1016.0,
02807,636.0,
41128,754.0,
67442,1166.0,
77142,4253.0,
13044,4362.0,
32241,176.0,
25138,145.0,
35357,323.0,
12074,307.0,
51388,5339.0,
59345,2573.0,
24207,630.0,
70094,310.0,
31548,43.0,
61114,136.0,
67188,642.0,
22250,1021.0,
45213,622.0,
64170,202.0,
26117,52.0,
29063,434.0,
34095,6288.0,
70419,111.0,
80616,193.0,
21422,142.0,
52356,100.0,
18274,311.0,
11166,57.0,
02379,239.0,
18057,2005.0,
59073,507.0,
83019,7847.0,
13077,17208.0,
33445,840.0,
29224,1230.0,
43250,45.0,
31396,3478.0,
31301,135.0,
45325,253.0,
02231,904.0,
76293,192.0,
25545,128.0,
60579,295.0,
08353,721.0,
42285,3815.0,
10439,117.0,
39451,483.0,
57039,2028.0,
50101,227.0,
62058,200.0,
62525,11204.0,
56103,306.0,
46314,181.0,
973306,9593.0,
03209,136.0,
07098,93.0,
02699,271.0,
80500,524.0,
38002,960.0,
02615,323.0,
88142,393.0,
61326,278.0,
37020,1814.0,
68012,1509.0,
71379,1249.0,
17259,152.0,
27358,565.0,
54488,56.0,
04195,689.0,
10038,172.0,
12139,123.0,
01237,1584.0,
68181,244.0,
73083,247.0,
35096,2267.0,
55123,750.0,
76595,1891.0,
79201,1690.0,
23134,207.0,
89368,918.0,
64541,301.0,
08483,515.0,
14030,1533.0,
57328,78.0,
71447,280.0,
24141,192.0,
62548,10481.0,
21049,36.0,
85213,2720.0,
76558,951.0,
46333,163.0,
11437,867.0,
12258,983.0,
62498,31647.0,
27654,1011.0,
09316,93.0,
11243,524.0,
02067,217.0,
64323,94.0,
10081,12634.0,
2B067,30.0,
89206,9690.0,
37211,2588.0,
44145,2752.0,
38110,2019.0,
27343,1342.0,
25549,610.0,
14540,296.0,
76685,665.0,
37126,317.0,
60381,244.0,
09079,777.0,
63199,485.0,
63054,644.0,
35321,711.0,
31136,1679.0,
61371,140.0,
51086,350.0,
24193,423.0,
46328,308.0,
50066,2352.0,
77250,167.0,
70446,602.0,
08059,34.0,
51204,1494.0,
81034,404.0,
62032,4100.0,
47156,828.0,
52229,150.0,
14306,424.0,
40207,1577.0,
21368,253.0,
64194,388.0,
14271,4422.0,
19247,186.0,
66212,3487.0,
47154,354.0,
31389,3930.0,
80701,453.0,
27271,337.0,
71001,750.0,
10326,226.0,
84075,405.0,
71186,244.0,
80388,232.0,
85190,3065.0,
65260,85.0,
38092,92.0,
21315,1229.0,
59271,21364.0,
64182,61.0,
88375,450.0,
33056,15297.0,
23001,1497.0,
29056,1813.0,
55552,90.0,
26255,20.0,
37231,1654.0,
57508,4889.0,
26178,466.0,
35274,877.0,
03192,149.0,
89414,1510.0,
04041,292.0,
48017,872.0,
24031,279.0,
01113,806.0,
31496,291.0,
91393,577.0,
27016,8201.0,
18056,252.0,
31262,375.0,
87074,245.0,
25044,49.0,
31563,1339.0,
89067,1123.0,
38286,12.0,
43174,960.0,
19044,248.0,
86286,400.0,
80575,93.0,
64035,2095.0,
23103,368.0,
76354,1220.0,
44065,807.0,
04007,65.0,
86263,2651.0,
60323,726.0,
57248,96.0,
65285,190.0,
80113,335.0,
82053,289.0,
15125,121.0,
63071,673.0,
53202,359.0,
39462,565.0,
45248,2070.0,
46107,160.0,
45305,195.0,
51038,181.0,
72059,874.0,
31555,458298.0,
82012,523.0,
57659,3189.0,
88482,64.0,
80758,172.0,
13021,6053.0,
28393,2275.0,
62406,261.0,
70029,245.0,
61163,1495.0,
11412,54.0,
73328,2156.0,
66063,259.0,
15148,426.0,
70205,207.0,
87064,2057.0,
28232,577.0,
59249,12581.0,
68358,457.0,
40033,164.0,
50270,408.0,
24021,445.0,
26031,903.0,
32009,95.0,
66193,219.0,
14606,169.0,
45188,2578.0,
42163,1049.0,
08026,340.0,
24005,375.0,
10097,183.0,
31187,11786.0,
17173,209.0,
33279,740.0,
39121,368.0,
73047,248.0,
10153,647.0,
65047,7959.0,
13084,5425.0,
60022,690.0,
88304,5598.0,
34158,132.0,
57639,551.0,
27495,244.0,
85220,1507.0,
68320,642.0,
11294,57.0,
40113,536.0,
22358,538.0,
21620,156.0,
34195,40.0,
67184,1935.0,
61339,1036.0,
33200,9939.0,
85036,604.0,
02662,289.0,
51634,245.0,
08052,100.0,
59303,2319.0,
89348,2377.0,
24570,46.0,
17180,103.0,
78321,5283.0,
62231,133.0,
15208,127.0,
12273,287.0,
57538,289.0,
62797,261.0,
59193,3205.0,
35306,2232.0,
63121,1180.0,
88386,465.0,
31366,576.0,
14761,731.0,
14100,1736.0,
74136,2195.0,
14546,213.0,
53181,882.0,
29240,940.0,
11220,701.0,
26233,264.0,
84113,859.0,
38054,1480.0,
29229,1134.0,
12133,5833.0,
51594,56.0,
91631,2334.0,
11371,673.0,
53047,268.0,
27147,555.0,
25179,59.0,
22015,1542.0,
16108,151.0,
62809,130.0,
53076,336.0,
31428,59.0,
03143,114.0,
03032,216.0,
06074,1318.0,
56044,781.0,
53026,471.0,
82171,1428.0,
43171,82.0,
38051,1397.0,
46041,172.0,
35324,585.0,
38161,980.0,
13002,21276.0,
58198,335.0,
37112,408.0,
72347,318.0,
34041,766.0,
76447,16198.0,
60529,96.0,
63109,470.0,
89375,106.0,
52245,73.0,
87113,6061.0,
46312,253.0,
32361,136.0,
68039,553.0,
24564,702.0,
24338,476.0,
24468,317.0,
19159,99.0,
10395,321.0,
86095,3153.0,
61264,62.0,
06121,1767.0,
88388,116.0,
73015,1878.0,
02143,197.0,
25538,130.0,
76164,2231.0,
26180,211.0,
28298,2837.0,
40262,318.0,
72174,110.0,
66098,234.0,
31192,749.0,
51607,198.0,
37179,2292.0,
17058,3409.0,
70099,73.0,
39558,251.0,
55325,61.0,
88479,215.0,
86011,175.0,
70403,213.0,
02244,78.0,
27520,126.0,
08273,62.0,
52193,311.0,
70547,198.0,
49017,526.0,
77090,232.0,
24227,1007.0,
23077,346.0,
84145,785.0,
73095,322.0,
59308,972.0,
21376,123.0,
78398,841.0,
71500,124.0,
62543,1975.0,
77124,1724.0,
64018,435.0,
39453,502.0,
70027,78.0,
78297,27546.0,
36109,1064.0,
26339,1372.0,
24326,187.0,
39319,140.0,
73107,653.0,
65162,35.0,
24246,347.0,
31329,197.0,
18168,229.0,
64445,77575.0,
52546,18.0,
79132,332.0,
25234,177.0,
18021,251.0,
49284,1400.0,
23154,761.0,
08286,98.0,
61382,1095.0,
88005,227.0,
85196,1764.0,
52030,55.0,
15191,658.0,
61240,469.0,
18067,717.0,
76344,464.0,
62781,449.0,
28159,349.0,
62468,222.0,
14336,484.0,
76174,315.0,
08477,91.0,
01262,7074.0,
38543,1980.0,
10393,182.0,
79273,797.0,
70254,259.0,
52247,239.0,
56118,4141.0,
51225,316.0,
68332,793.0,
79040,238.0,
47298,202.0,
80130,414.0,
11267,1206.0,
21510,175.0,
18015,5582.0,
25074,847.0,
22304,600.0,
08237,700.0,
31305,204.0,
41297,622.0,
57412,3994.0,
82076,1545.0,
91235,9219.0,
02389,654.0,
82017,1457.0,
04076,907.0,
16271,2410.0,
47205,226.0,
28423,569.0,
18281,2143.0,
14039,818.0,
31323,407.0,
57205,2495.0,
52079,733.0,
55311,33.0,
76226,157.0,
54372,471.0,
02674,54.0,
05149,339.0,
95088,825.0,
76348,633.0,
19240,320.0,
71073,5669.0,
38505,714.0,
23009,105.0,
29300,1558.0,
72151,1181.0,
34117,698.0,
89137,466.0,
05051,31.0,
80222,1497.0,
2B223,448.0,
46208,294.0,
24225,2447.0,
71363,86.0,
43200,1881.0,
16218,414.0,
95304,253.0,
70380,160.0,
80282,491.0,
59458,895.0,
89021,300.0,
55224,626.0,
79191,57393.0,
67135,792.0,
69046,4448.0,
35307,1005.0,
46164,235.0,
78385,219.0,
88401,450.0,
32372,286.0,
81080,79.0,
57706,581.0,
24359,110.0,
71558,1120.0,
46043,195.0,
33134,260.0,
82015,138.0,
58180,538.0,
26213,636.0,
38238,1822.0,
68219,336.0,
64043,247.0,
67486,1698.0,
53160,399.0,
62146,282.0,
60303,169.0,
80006,198.0,
57736,546.0,
77481,153.0,
46064,899.0,
69179,1698.0,
01114,556.0,
60048,285.0,
21675,55.0,
90090,424.0,
36118,358.0,
24516,1171.0,
43078,3062.0,
47174,751.0,
17458,171.0,
71585,1305.0,
56215,1074.0,
02273,205.0,
39154,1439.0,
52341,137.0,
14578,1288.0,
77444,343.0,
10217,37.0,
04008,1068.0,
18140,1420.0,
64114,583.0,
68019,584.0,
50472,203.0,
2A048,532.0,
15019,222.0,
51433,248.0,
09242,45.0,
60645,326.0,
86242,416.0,
36017,430.0,
25519,912.0,
02168,14189.0,
62235,2567.0,
01050,314.0,
56130,3152.0,
58024,284.0,
03061,408.0,
09177,203.0,
40006,701.0,
24194,1521.0,
54598,279.0,
45175,1319.0,
85127,2455.0,
74089,993.0,
51044,731.0,
02153,474.0,
25019,411.0,
03320,778.0,
38081,1860.0,
02617,503.0,
58147,299.0,
80501,265.0,
43198,278.0,
91027,30094.0,
08117,177.0,
23244,650.0,
38427,305.0,
38486,6945.0,
80786,148.0,
09336,1043.0,
59200,476.0,
64236,57.0,
89442,228.0,
09323,93.0,
81178,406.0,
07086,845.0,
41072,400.0,
71056,2398.0,
77159,2913.0,
31041,88.0,
51562,2261.0,
19124,1368.0,
52375,58.0,
66021,7061.0,
08390,85.0,
70564,333.0,
46056,80.0,
70087,135.0,
52414,808.0,
79197,109.0,
65404,151.0,
34017,464.0,
51230,23413.0,
64522,572.0,
77185,653.0,
50591,1246.0,
89309,3309.0,
59447,8710.0,
03137,274.0,
49368,1975.0,
23191,211.0,
80445,254.0,
11357,235.0,
21299,93.0,
71521,85.0,
32388,411.0,
26144,1836.0,
57740,795.0,
72184,334.0,
81028,103.0,
64115,166.0,
55522,103.0,
54052,126.0,
45047,442.0,
91216,10499.0,
57217,932.0,
42177,2512.0,
42074,1106.0,
62732,321.0,
72185,646.0,
45050,1312.0,
64493,1854.0,
80304,109.0,
01345,2216.0,
88031,113.0,
14319,872.0,
16245,920.0,
22164,1916.0,
11086,789.0,
76716,1520.0,
26321,142.0,
62722,88.0,
60065,1655.0,
71490,1024.0,
57689,250.0,
28280,10496.0,
56242,697.0,
22219,1878.0,
64414,131.0,
31106,2347.0,
63026,2259.0,
80796,203.0,
61427,205.0,
11032,218.0,
57105,154.0,
29040,2700.0,
07257,95.0,
55068,107.0,
58050,62.0,
61001,26350.0,
39206,216.0,
72175,1601.0,
32165,224.0,
54261,4361.0,
89202,290.0,
76754,884.0,
22249,660.0,
73236,2341.0,
80273,380.0,
76063,483.0,
27345,215.0,
57569,311.0,
81193,326.0,
09265,2814.0,
43261,568.0,
77330,5890.0,
53028,578.0,
46176,663.0,
36225,158.0,
31383,1284.0,
59638,1171.0,
09176,537.0,
61372,120.0,
48067,105.0,
41294,1153.0,
58045,162.0,
12018,145.0,
27125,666.0,
10260,606.0,
25073,852.0,
14679,668.0,
60229,228.0,
19027,110.0,
08185,3605.0,
33429,335.0,
34026,211.0,
55103,21.0,
56174,2714.0,
51599,299.0,
43118,285.0,
47263,601.0,
76600,1813.0,
23136,297.0,
69005,542.0,
44140,1525.0,
69381,29313.0,
68245,396.0,
51313,306.0,
30329,439.0,
70036,146.0,
49045,588.0,
78478,251.0,
44007,2542.0,
53210,1549.0,
11039,41.0,
42232,611.0,
54101,130.0,
70202,316.0,
33423,637.0,
85305,841.0,
10110,578.0,
22177,1282.0,
71372,1950.0,
04142,60.0,
02166,353.0,
09200,118.0,
79320,654.0,
14305,704.0,
58133,66.0,
55316,391.0,
35363,3905.0,
58201,141.0,
07097,696.0,
27015,1162.0,
29161,2728.0,
47273,186.0,
19209,152.0,
10179,481.0,
36155,830.0,
72237,504.0,
35165,973.0,
19241,280.0,
65214,40.0,
66096,1059.0,
23145,319.0,
25183,77.0,
89453,1061.0,
30031,207.0,
63447,76.0,
59467,2526.0,
84068,1129.0,
77433,1361.0,
50486,575.0,
71241,494.0,
51576,1376.0,
79218,194.0,
78053,481.0,
16306,355.0,
24574,333.0,
08320,569.0,
63210,2891.0,
23019,32.0,
80521,197.0,
62425,128.0,
86061,1179.0,
33373,568.0,
16227,132.0,
60057,55252.0,
83107,12344.0,
80154,217.0,
77233,576.0,
24346,388.0,
07331,3455.0,
13053,6063.0,
37107,259.0,
05115,438.0,
88238,413.0,
31152,98.0,
30189,150564.0,
60354,42.0,
42015,1577.0,
65113,270.0,
50536,138.0,
85046,3578.0,
65461,92.0,
63280,323.0,
21130,377.0,
80036,439.0,
2A357,34.0,
02284,88.0,
31455,2591.0,
55278,193.0,
2A104,1104.0,
63106,1615.0,
59019,1034.0,
78185,394.0,
39523,194.0,
59378,39392.0,
63469,763.0,
81117,722.0,
89134,339.0,
65207,58.0,
88233,610.0,
02075,203.0,
52016,69.0,
16045,368.0,
77465,693.0,
21709,185.0,
43020,4310.0,
01093,4957.0,
49089,1053.0,
80283,161.0,
11369,2794.0,
24509,622.0,
63412,501.0,
35040,3460.0,
68037,416.0,
40199,237.0,
60269,353.0,
77021,167.0,
40086,503.0,
53013,607.0,
26259,264.0,
56143,4869.0,
2B222,35.0,
55263,176.0,
81295,440.0,
50023,666.0,
88519,712.0,
56048,742.0,
73280,340.0,
31591,86.0,
32318,97.0,
87149,392.0,
50070,57.0,
61084,143.0,
32303,67.0,
46066,613.0,
11046,49.0,
59150,519.0,
15167,129.0,
88366,281.0,
31224,1315.0,
31028,1177.0,
72351,1108.0,
79340,338.0,
52499,66.0,
23196,251.0,
89015,489.0,
30077,1913.0,
02659,522.0,
03074,675.0,
02259,409.0,
04135,684.0,
55062,106.0,
19030,942.0,
76515,550.0,
51106,130.0,
76412,708.0,
57442,297.0,
70389,53.0,
81161,103.0,
79249,1920.0,
82099,507.0,
64026,370.0,
32313,162.0,
47293,438.0,
14365,2494.0,
73069,898.0,
21445,172.0,
54540,623.0,
17426,249.0,
71553,249.0,
24029,493.0,
15065,72.0,
02461,349.0,
02586,144.0,
55412,200.0,
24297,901.0,
35330,1029.0,
57373,829.0,
38443,494.0,
28142,174.0,
42302,7937.0,
01275,2497.0,
66055,721.0,
36052,152.0,
88166,349.0,
15082,323.0,
76584,189.0,
89043,107.0,
2B346,2568.0,
13086,8776.0,
02369,248.0,
17114,234.0,
65255,36.0,
64241,441.0,
66187,1872.0,
70020,227.0,
21255,266.0,
77255,1906.0,
34089,1346.0,
02711,316.0,
84099,4152.0,
64185,75.0,
51514,105.0,
16416,519.0,
59037,3607.0,
39363,103.0,
07326,128.0,
21071,733.0,
07032,171.0,
79177,189.0,
26264,332.0,
64448,1578.0,
54376,410.0,
95428,20796.0,
33522,41517.0,
57317,100.0,
76750,1082.0,
24492,59.0,
08405,281.0,
60391,240.0,
47029,497.0,
02612,131.0,
03179,314.0,
45313,843.0,
16331,96.0,
11245,47.0,
62802,173.0,
28026,274.0,
90085,109.0,
62042,986.0,
59583,453.0,
84016,5060.0,
83085,3044.0,
22263,330.0,
29158,5401.0,
02773,47.0,
76618,1256.0,
41094,1136.0,
71137,4743.0,
21406,238.0,
54407,112.0,
66173,985.0,
25376,125.0,
30234,276.0,
18128,156.0,
24351,331.0,
39034,288.0,
86075,761.0,
33126,832.0,
60227,205.0,
07299,144.0,
62248,447.0,
19168,105.0,
29008,1042.0,
33295,97.0,
40196,574.0,
27306,2585.0,
62017,181.0,
80606,1175.0,
30089,1705.0,
24082,1559.0,
34029,477.0,
36218,149.0,
08249,241.0,
91112,134.0,
71075,691.0,
28137,842.0,
50161,546.0,
07294,524.0,
29251,617.0,
50500,632.0,
27396,456.0,
19273,807.0,
83120,5086.0,
39422,558.0,
04186,88.0,
60343,679.0,
70493,423.0,
06045,105.0,
84140,518.0,
26004,2473.0,
43240,227.0,
34338,70.0,
38497,143.0,
37037,298.0,
59385,2728.0,
32248,138.0,
33337,2174.0,
28047,705.0,
40167,658.0,
07188,1495.0,
62602,174.0,
61256,152.0,
39582,748.0,
60242,493.0,
45347,836.0,
36148,397.0,
13212,60437.0,
30005,216.0,
38369,940.0,
2B172,618.0,
02725,137.0,
38300,331.0,
40310,7504.0,
22122,726.0,
16123,498.0,
2A254,198.0,
72050,1577.0,
40203,347.0,
74315,901.0,
45327,3240.0,
16260,270.0,
12057,886.0,
39263,444.0,
36046,4289.0,
54071,166.0,
71406,158.0,
19205,98.0,
11186,41.0,
54495,4039.0,
61248,555.0,
31115,62.0,
34079,8322.0,
2B116,31.0,
01446,1421.0,
89235,860.0,
37144,486.0,
49138,968.0,
17205,358.0,
31388,409.0,
71135,819.0,
77450,3138.0,
87124,375.0,
46249,122.0,
38404,262.0,
81053,344.0,
02786,129.0,
64381,295.0,
49161,310.0,
36012,334.0,
27338,639.0,
51045,110.0,
54391,1614.0,
38515,1859.0,
28269,1664.0,
51206,98.0,
71391,564.0,
88215,73.0,
80008,872.0,
88202,176.0,
32422,44.0,
76606,174.0,
80279,813.0,
88197,371.0,
15080,146.0,
76570,289.0,
33116,346.0,
25218,140.0,
57232,743.0,
39027,215.0,
63382,439.0,
24252,786.0,
74163,2049.0,
26289,1221.0,
69198,727.0,
83016,9310.0,
33539,3595.0,
87094,513.0,
44114,24922.0,
51213,50.0,
15111,208.0,
03315,1342.0,
84121,188.0,
15121,113.0,
47280,2296.0,
03003,1021.0,
39137,112.0,
67455,684.0,
77397,1793.0,
53140,4034.0,
08163,238.0,
25188,757.0,
47276,301.0,
93066,109343.0,
02563,171.0,
64456,51.0,
21607,2435.0,
46297,1204.0,
08005,145.0,
38211,338.0,
59083,236.0,
72034,450.0,
61080,95.0,
11005,1322.0,
78164,818.0,
30210,3116.0,
22118,3903.0,
21088,291.0,
02766,261.0,
21050,211.0,
22105,1154.0,
57468,668.0,
83023,16450.0,
18010,212.0,
28135,1260.0,
14346,671.0,
66154,73.0,
65075,132.0,
32235,193.0,
31529,130.0,
65126,171.0,
2A228,1368.0,
82192,507.0,
12069,283.0,
09255,42.0,
60630,199.0,
02681,285.0,
70056,323.0,
95177,1231.0,
07082,243.0,
77256,185.0,
58231,427.0,
62529,1591.0,
38544,29325.0,
62496,247.0,
55472,114.0,
76258,2198.0,
18162,235.0,
87062,429.0,
60340,545.0,
54542,2375.0,
72323,474.0,
47128,1156.0,
91581,879.0,
58252,131.0,
51124,50.0,
23125,108.0,
01360,1547.0,
42103,5092.0,
38141,700.0,
37177,756.0,
30228,1672.0,
10356,254.0,
02503,885.0,
21020,217.0,
35066,7395.0,
76551,833.0,
40289,212.0,
23033,430.0,
01101,159.0,
76650,1191.0,
74206,867.0,
60141,11108.0,
53141,1109.0,
47131,770.0,
29075,13966.0,
17011,358.0,
11183,259.0,
58248,229.0,
55080,85.0,
56213,1047.0,
55210,38.0,
03279,575.0,
76469,435.0,
26140,682.0,
01167,667.0,
57483,3489.0,
34153,1943.0,
2B356,137.0,
49070,712.0,
27025,949.0,
03015,320.0,
88111,348.0,
72291,884.0,
77252,454.0,
32124,184.0,
59021,1858.0,
69092,7593.0,
54238,266.0,
16142,201.0,
04005,145.0,
49100,501.0,
44033,2810.0,
59647,2523.0,
70430,57.0,
22018,303.0,
21558,835.0,
38073,80.0,
15264,262.0,
65001,279.0,
38076,1724.0,
55490,397.0,
38192,177.0,
80779,825.0,
29031,4176.0,
14326,849.0,
25230,3186.0,
55162,33.0,
41059,3530.0,
12222,226.0,
61143,2748.0,
59386,10196.0,
50419,1470.0,
33372,74.0,
65387,124.0,
60609,744.0,
17085,401.0,
89201,1871.0,
67466,509.0,
60597,1598.0,
38230,1055.0,
61195,228.0,
14708,311.0,
10428,107.0,
27130,431.0,
05184,206.0,
02426,567.0,
28259,329.0,
70279,5555.0,
64231,508.0,
74145,641.0,
972205,4464.0,
88025,78.0,
21102,139.0,
73247,886.0,
32379,218.0,
54001,304.0,
33017,267.0,
01439,99.0,
76585,435.0,
62119,25463.0,
89486,177.0,
80090,154.0,
56039,882.0,
91175,1755.0,
54144,356.0,
76390,1179.0,
31405,118.0,
81146,222.0,
17237,551.0,
54535,214.0,
78655,752.0,
2B107,156.0,
83147,10.0,
16041,120.0,
84045,425.0,
16141,344.0,
80238,444.0,
36200,1589.0,
88502,130.0,
40074,535.0,
81016,177.0,
12288,1532.0,
76121,345.0,
22287,1453.0,
14593,607.0,
71106,2757.0,
23068,557.0,
62694,207.0,
32133,274.0,
89116,356.0,
50078,392.0,
43204,180.0,
24421,220.0,
51601,175.0,
24318,309.0,
17195,292.0,
24533,94.0,
73271,272.0,
65309,18.0,
89464,5338.0,
41045,1096.0,
62833,93.0,
74285,375.0,
63331,226.0,
03316,1043.0,
33381,2744.0,
17074,1001.0,
86170,390.0,
07068,566.0,
81138,465.0,
10239,586.0,
10231,597.0,
54458,89.0,
57067,2796.0,
71291,975.0,
76666,405.0,
25449,104.0,
19163,274.0,
37165,442.0,
31180,113.0,
66040,41.0,
59307,910.0,
67106,5090.0,
57297,188.0,
33147,478.0,
87044,333.0,
84072,5816.0,
10278,129.0,
21420,148.0,
32333,168.0,
78126,21264.0,
44157,1620.0,
46132,518.0,
28378,545.0,
63265,2081.0,
08458,177.0,
09321,344.0,
72165,1933.0,
62074,260.0,
2A271,2311.0,
18132,149.0,
81019,150.0,
41046,1121.0,
54311,594.0,
63323,138.0,
18126,1383.0,
69014,1115.0,
57694,335.0,
40087,365.0,
22316,500.0,
24399,116.0,
54141,144.0,
48176,78.0,
70433,1392.0,
53162,972.0,
25374,520.0,
55122,6220.0,
91326,15545.0,
10331,505.0,
89257,6938.0,
23007,260.0,
18082,1104.0,
78072,271.0,
62259,1678.0,
82182,372.0,
59121,576.0,
68132,722.0,
39078,652.0,
06078,278.0,
27378,1190.0,
93061,17908.0,
21361,522.0,
28092,240.0,
42007,202.0,
37255,261.0,
60394,110.0,
79251,357.0,
59339,9456.0,
03159,825.0,
37174,847.0,
59213,451.0,
72041,330.0,
16191,166.0,
66204,328.0,
45338,6813.0,
69093,1138.0,
01234,164.0,
17065,1672.0,
86281,3134.0,
55095,125.0,
62598,713.0,
02724,62.0,
22307,2063.0,
11117,116.0,
27577,444.0,
28245,297.0,
80574,87.0,
33222,677.0,
19015,726.0,
81022,210.0,
04013,558.0,
86117,515.0,
07093,295.0,
18013,321.0,
77080,180.0,
41123,652.0,
11359,410.0,
28062,888.0,
12024,204.0,
973309,21638.0,
78082,621.0,
52445,75.0,
50115,215.0,
43075,88.0,
07052,601.0,
68083,365.0,
25014,743.0,
54380,403.0,
53056,939.0,
76642,259.0,
71071,281.0,
58281,640.0,
32053,207.0,
57436,140.0,
68258,2929.0,
88148,1835.0,
17421,7111.0,
11293,850.0,
78050,562.0,
56068,336.0,
59103,531.0,
25091,477.0,
50019,450.0,
59551,1562.0,
55399,124.0,
76100,1208.0,
82112,12564.0,
57746,1505.0,
54044,163.0,
61071,193.0,
56123,2140.0,
15105,37.0,
64325,199.0,
88042,85.0,
51262,1846.0,
80585,2366.0,
80604,68.0,
70012,709.0,
25142,296.0,
62279,1228.0,
70332,44.0,
36164,229.0,
10242,178.0,
10398,75.0,
27307,445.0,
71527,211.0,
27038,211.0,
59072,254.0,
60171,179.0,
40138,250.0,
29136,1139.0,
73030,3319.0,
84073,1005.0,
62579,514.0,
51058,1494.0,
31394,169.0,
79310,527.0,
14367,458.0,
25231,104.0,
62375,106.0,
15236,614.0,
33476,711.0,
37104,5181.0,
63384,127.0,
60325,2415.0,
90050,227.0,
57153,2248.0,
63174,111.0,
67275,808.0,
05074,172.0,
57517,323.0,
50568,494.0,
31421,4514.0,
80700,918.0,
71348,144.0,
41122,232.0,
36131,483.0,
24499,815.0,
24571,1625.0,
17323,1361.0,
80242,439.0,
88105,218.0,
85164,1997.0,
58150,102.0,
09160,6312.0,
89480,1387.0,
68359,1706.0,
21704,88.0,
38226,1343.0,
02011,1132.0,
79106,387.0,
26198,36643.0,
57426,920.0,
34120,6121.0,
80595,275.0,
10214,70.0,
17046,435.0,
60336,214.0,
69278,5251.0,
91654,619.0,
52251,1028.0,
21229,83.0,
70124,86.0,
70005,146.0,
2A089,134.0,
18269,748.0,
38131,1947.0,
62757,3903.0,
2B157,26.0,
23209,181.0,
80396,307.0,
14118,107229.0,
73004,437.0,
59060,217.0,
21101,159.0,
33315,1562.0,
14687,178.0,
02809,85.0,
33530,885.0,
27042,60.0,
26079,1274.0,
63123,238.0,
972227,9991.0,
59063,2132.0,
57334,359.0,
27090,3144.0,
44016,999.0,
11106,5988.0,
51255,26.0,
28270,213.0,
35123,4417.0,
80041,134.0,
02782,214.0,
2A358,61.0,
28171,880.0,
09091,224.0,
46007,1007.0,
60702,255.0,
38350,553.0,
95355,5668.0,
58038,177.0,
61485,219.0,
62690,229.0,
24215,180.0,
67313,5864.0,
04187,44.0,
47296,168.0,
30162,671.0,
80649,1396.0,
78202,546.0,
12244,861.0,
63297,362.0,
26343,100.0,
21242,281.0,
26275,1544.0,
24038,455.0,
88332,231.0,
27602,5167.0,
01135,2015.0,
10280,812.0,
62532,1298.0,
79102,457.0,
31501,418.0,
59331,3487.0,
65287,611.0,
51407,379.0,
26182,1559.0,
2B329,107.0,
08351,85.0,
67314,578.0,
57459,203.0,
60588,385.0,
50275,146.0,
60392,676.0,
21703,45.0,
70432,372.0,
21656,751.0,
39153,796.0,
07025,209.0,
971125,14780.0,
30009,196.0,
86260,319.0,
15169,871.0,
62537,111.0,
57475,575.0,
32301,933.0,
40223,256.0,
35275,4125.0,
33182,790.0,
48095,11679.0,
63104,124.0,
47118,158.0,
22079,2214.0,
18142,660.0,
72378,1458.0,
25575,542.0,
33486,336.0,
70141,121.0,
68038,951.0,
34080,471.0,
73051,4533.0,
14469,100.0,
33230,491.0,
11030,121.0,
974415,104332.0,
27398,1394.0,
17440,372.0,
53232,301.0,
32415,90.0,
72294,503.0,
57622,1864.0,
33151,882.0,
24449,986.0,
59615,2497.0,
85152,2870.0,
33226,2302.0,
32025,159.0,
70440,33.0,
07063,355.0,
32041,174.0,
91553,7473.0,
36120,664.0,
07211,474.0,
21236,249.0,
68021,3820.0,
69209,600.0,
64175,158.0,
53041,248.0,
80046,54.0,
48071,79.0,
89324,770.0,
71423,441.0,
62433,104.0,
33132,514.0,
25102,44.0,
27567,253.0,
70251,110.0,
85160,2786.0,
55476,484.0,
39252,676.0,
71011,448.0,
54433,216.0,
76707,1232.0,
76522,1306.0,
11140,1173.0,
22379,1355.0,
24051,198.0,
58176,578.0,
60505,846.0,
54209,57.0,
88121,266.0,
13037,7980.0,
61167,642.0,
06002,69.0,
01257,338.0,
85300,4595.0,
87147,46.0,
65005,391.0,
89006,183.0,
2A092,1130.0,
79269,372.0,
52108,152.0,
11419,59.0,
70425,156.0,
79225,362.0,
58161,140.0,
64238,1908.0,
89023,1043.0,
89195,1238.0,
02373,223.0,
74135,567.0,
17130,466.0,
71166,138.0,
45323,235.0,
71033,795.0,
51438,76.0,
45177,229.0,
34160,580.0,
63180,1080.0,
32167,302.0,
26061,543.0,
39472,212.0,
09012,32.0,
77230,186.0,
56013,3580.0,
34063,2532.0,
71070,2172.0,
65459,104.0,
66123,158.0,
43006,149.0,
51453,1047.0,
32212,212.0,
50616,1945.0,
55160,43.0,
62269,771.0,
45093,2713.0,
85211,2282.0,
30103,919.0,
05050,690.0,
02706,571.0,
64226,182.0,
28346,55.0,
80336,69.0,
39127,98.0,
81008,282.0,
26334,140.0,
89005,958.0,
08056,62.0,
85186,943.0,
50621,75.0,
70264,60.0,
54053,150.0,
02413,252.0,
21044,74.0,
62399,677.0,
41253,259.0,
71313,390.0,
48010,411.0,
02697,360.0,
55562,132.0,
71520,1385.0,
80645,537.0,
88103,77.0,
57215,317.0,
63046,275.0,
86100,3821.0,
86112,1161.0,
43165,1526.0,
61404,672.0,
05070,3491.0,
80099,202.0,
76612,218.0,
88469,100.0,
62544,196.0,
74296,763.0,
46179,121.0,
17212,156.0,
28158,838.0,
27165,5097.0,
67126,308.0,
07103,150.0,
80132,230.0,
15199,69.0,
67281,4177.0,
11234,154.0,
70048,132.0,
34030,200.0,
07067,275.0,
76591,2577.0,
17239,430.0,
39267,84.0,
45230,783.0,
01106,173.0,
59446,589.0,
42135,503.0,
46230,81.0,
70322,283.0,
17327,303.0,
87158,1443.0,
80157,94.0,
28050,272.0,
28070,3572.0,
51195,873.0,
18254,572.0,
15009,199.0,
39074,231.0,
67066,2764.0,
54456,517.0,
47244,379.0,
02047,130.0,
50359,1685.0,
25631,595.0,
28383,437.0,
53064,1037.0,
28324,886.0,
47318,1040.0,
27359,239.0,
88528,148.0,
70557,136.0,
86015,1293.0,
67339,4119.0,
57431,367.0,
2B364,29.0,
14126,1146.0,
45083,2239.0,
81302,45.0,
24191,160.0,
29122,678.0,
14595,200.0,
16104,466.0,
42271,4486.0,
972224,16885.0,
02629,294.0,
16325,142.0,
61474,399.0,
31391,439.0,
29033,563.0,
26335,172.0,
66049,7663.0,
17391,2037.0,
44101,5988.0,
47048,1329.0,
2B239,207.0,
13087,4646.0,
62730,1640.0,
95046,138.0,
31148,530.0,
18054,252.0,
16357,143.0,
38101,1045.0,
51336,57.0,
03147,162.0,
33451,514.0,
70519,117.0,
29195,6411.0,
14571,296.0,
31003,1162.0,
18283,103.0,
17355,519.0,
32045,479.0,
78502,5335.0,
85215,3729.0,
82061,158.0,
02749,240.0,
33210,257.0,
62523,5195.0,
51486,337.0,
10157,208.0,
42211,2364.0,
55424,63.0,
21622,221.0,
68066,67956.0,
02046,556.0,
51446,418.0,
62247,611.0,
19035,576.0,
09025,64.0,
08204,93.0,
94081,90075.0,
95612,4166.0,
74133,11723.0,
44068,3254.0,
09253,333.0,
02290,2770.0,
02264,771.0,
62864,654.0,
33219,2352.0,
41296,1500.0,
76101,2948.0,
77253,199.0,
32173,205.0,
82059,294.0,
55344,18.0,
43087,2886.0,
01118,1219.0,
80023,260.0,
50601,2354.0,
71477,473.0,
27376,246.0,
41259,877.0,
08314,757.0,
39401,238.0,
87122,1189.0,
48108,82.0,
57469,596.0,
57451,173.0,
02537,176.0,
64149,213.0,
24167,2639.0,
54417,228.0,
21526,45.0,
80704,373.0,
57649,442.0,
67505,385.0,
59230,5367.0,
29099,810.0,
57582,1855.0,
10399,710.0,
17486,718.0,
62660,454.0,
76647,3930.0,
87008,133.0,
70558,135.0,
51602,67.0,
58290,63.0,
88244,593.0,
02792,146.0,
23060,128.0,
21197,18.0,
76049,261.0,
93049,20840.0,
01039,457.0,
49221,883.0,
17250,457.0,
64108,897.0,
42017,417.0,
45127,3232.0,
51468,328.0,
19170,220.0,
27661,439.0,
02572,516.0,
12083,1578.0,
03205,468.0,
65195,158.0,
53018,1264.0,
54537,744.0,
25071,478.0,
43168,120.0,
14205,209.0,
40106,191.0,
91494,4027.0,
02141,1827.0,
48099,949.0,
58284,45.0,
34343,1184.0,
45109,561.0,
68223,725.0,
02049,739.0,
47241,690.0,
38280,525.0,
29066,1713.0,
62441,211.0,
80259,103.0,
43048,662.0,
17012,173.0,
33211,604.0,
16290,223.0,
64078,243.0,
45253,1816.0,
07206,79.0,
02516,62.0,
59597,543.0,
71100,199.0,
23203,236.0,
15194,129.0,
77132,2594.0,
86003,352.0,
35093,9839.0,
25550,221.0,
16019,1205.0,
03057,210.0,
63391,232.0,
67121,837.0,
59477,4187.0,
59379,704.0,
57640,460.0,
85269,406.0,
60206,913.0,
76384,8972.0,
64498,377.0,
89462,294.0,
52423,693.0,
14202,265.0,
27390,1104.0,
14125,1467.0,
67178,279.0,
66102,32.0,
52344,35.0,
33288,281.0,
38324,729.0,
47323,23462.0,
52124,72.0,
79263,547.0,
87035,565.0,
02227,126.0,
56160,1186.0,
81197,215.0,
22061,1427.0,
2A200,165.0,
50471,294.0,
28208,400.0,
38052,3235.0,
11109,49.0,
80353,126.0,
68061,998.0,
12118,464.0,
57022,1247.0,
39084,139.0,
02288,371.0,
29130,4864.0,
27035,123.0,
42194,202.0,
33365,222.0,
81007,99.0,
10188,254.0,
34217,4700.0,
21335,132.0,
91661,10344.0,
73073,499.0,
60263,267.0,
24165,398.0,
33383,286.0,
63144,450.0,
03293,293.0,
25101,550.0,
39419,55.0,
38105,2362.0,
08147,88.0,
80733,288.0,
59176,330.0,
59124,2179.0,
02546,199.0,
81006,208.0,
70159,93.0,
57428,2885.0,
78522,890.0,
80790,157.0,
24470,269.0,
40108,639.0,
11320,281.0,
19076,417.0,
02494,116.0,
66022,66.0,
09173,257.0,
38465,1106.0,
51404,113.0,
62461,934.0,
02054,469.0,
31299,3550.0,
70384,231.0,
33135,120.0,
34224,1245.0,
57229,194.0,
85077,474.0,
76091,203.0,
31009,95.0,
63454,554.0,
83058,4401.0,
58164,692.0,
36099,332.0,
17109,1306.0,
62044,709.0,
50445,324.0,
21569,223.0,
02073,592.0,
01383,1475.0,
37092,663.0,
02705,214.0,
50340,185.0,
52292,739.0,
08361,1728.0,
74280,6185.0,
27006,133.0,
91599,1367.0,
25422,173.0,
42189,10093.0,
42098,618.0,
57581,348.0,
64014,666.0,
31057,1314.0,
01102,944.0,
03109,754.0,
62549,1123.0,
78262,1136.0,
85293,1607.0,
32032,317.0,
70289,184.0,
76668,361.0,
38154,237.0,
36147,131.0,
28405,1177.0,
31468,218.0,
71539,75.0,
47176,187.0,
67203,324.0,
12240,407.0,
47090,391.0,
54108,100.0,
80426,401.0,
54567,429.0,
60633,361.0,
63225,1111.0,
08408,542.0,
27565,556.0,
29248,751.0,
87065,6139.0,
61405,542.0,
67557,729.0,
69058,413.0,
54533,2401.0,
40294,1621.0,
51091,128.0,
05048,187.0,
33190,103.0,
25029,232.0,
70115,224.0,
61111,348.0,
32054,387.0,
36088,12420.0,
30346,1824.0,
51302,96.0,
05142,478.0,
54036,1086.0,
03213,263.0,
32239,459.0,
12237,620.0,
972230,13253.0,
34157,10642.0,
57120,159.0,
66160,1297.0,
64069,259.0,
70025,253.0,
51340,522.0,
28124,693.0,
11084,841.0,
29249,721.0,
01349,444.0,
64496,4661.0,
34283,107.0,
02776,541.0,
24548,277.0,
57129,678.0,
89426,384.0,
51519,37.0,
19121,2235.0,
37047,1216.0,
30119,192.0,
59088,1538.0,
88159,530.0,
92044,65264.0,
39352,133.0,
36006,5039.0,
54370,240.0,
53079,396.0,
01322,4420.0,
83089,624.0,
14558,781.0,
55545,17923.0,
36010,860.0,
25508,1128.0,
24288,309.0,
52487,83.0,
2A071,185.0,
36013,462.0,
21224,82.0,
02489,327.0,
57032,4758.0,
23146,248.0,
68154,14870.0,
51610,415.0,
60280,130.0,
37188,835.0,
07049,48.0,
71499,4459.0,
21227,435.0,
70565,46.0,
57624,539.0,
53066,1365.0,
16151,900.0,
62043,1939.0,
88209,8436.0,
2A268,59.0,
2B084,225.0,
59210,2106.0,
90005,490.0,
59659,2998.0,
57304,329.0,
42149,5269.0,
62883,213.0,
17436,744.0,
26095,882.0,
54255,89.0,
49253,1218.0,
37210,873.0,
69023,1469.0,
32236,71.0,
39095,128.0,
80713,307.0,
62180,330.0,
08500,62.0,
64017,305.0,
60594,299.0,
59614,1483.0,
17404,608.0,
27547,894.0,
80681,285.0,
07062,107.0,
76620,274.0,
55137,53.0,
43044,203.0,
88286,89.0,
13103,44263.0,
75105,60273.0,
19067,216.0,
65009,180.0,
24313,61.0,
21370,847.0,
80813,89.0,
29004,5569.0,
80140,103.0,
55105,172.0,
68193,752.0,
54264,239.0,
67498,709.0,
19181,440.0,
26181,232.0,
71494,562.0,
62151,507.0,
17007,326.0,
18263,681.0,
50274,1014.0,
59433,986.0,
25430,41.0,
09024,222.0,
52280,216.0,
12098,583.0,
54373,611.0,
85010,1305.0,
40279,12956.0,
09119,579.0,
79015,189.0,
17063,478.0,
84098,646.0,
46329,279.0,
14009,1329.0,
19043,420.0,
65314,217.0,
21661,1716.0,
02194,220.0,
21052,32.0,
12211,128.0,
63264,233.0,
03267,678.0,
63008,624.0,
08498,367.0,
82072,955.0,
19164,803.0,
79002,299.0,
77024,342.0,
16263,405.0,
71370,690.0,
89394,106.0,
25473,784.0,
89072,340.0,
21338,153.0,
62505,427.0,
41024,189.0,
48178,257.0,
28368,188.0,
50546,864.0,
50513,189.0,
12144,140.0,
60267,169.0,
12047,460.0,
2B168,2168.0,
55448,55.0,
71004,1046.0,
30130,860.0,
86088,823.0,
974401,11203.0,
24186,306.0,
30335,104.0,
01448,351.0,
60270,321.0,
71182,1293.0,
10251,257.0,
14588,320.0,
54591,341.0,
63022,2088.0,
55189,0.0,
71495,841.0,
57547,716.0,
32222,256.0,
57591,10002.0,
70517,387.0,
29071,742.0,
31478,1300.0,
62562,192.0,
03033,194.0,
77188,959.0,
24257,244.0,
21631,47.0,
56156,329.0,
76126,301.0,
10034,3135.0,
21390,5200.0,
47211,246.0,
62070,274.0,
10094,597.0,
55348,455.0,
43202,73.0,
62601,244.0,
02040,177.0,
07179,148.0,
89233,224.0,
10265,3187.0,
83055,5505.0,
88513,2238.0,
33452,563.0,
76592,832.0,
38150,6686.0,
17454,362.0,
74306,608.0,
71513,1116.0,
94076,57184.0,
21091,39.0,
85304,746.0,
70095,585.0,
76448,1437.0,
07027,1779.0,
12084,1573.0,
57405,44.0,
62703,307.0,
80421,284.0,
02276,136.0,
93057,22680.0,
19013,908.0,
09064,36.0,
974405,11633.0,
57126,363.0,
39019,242.0,
71316,339.0,
59465,782.0,
21682,221.0,
22113,19627.0,
32451,205.0,
87017,521.0,
32468,66.0,
80103,72.0,
27468,670.0,
15131,262.0,
89397,349.0,
25442,716.0,
21437,237.0,
77376,811.0,
54282,154.0,
10068,143.0,
61416,73.0,
42278,153.0,
64410,6770.0,
81025,212.0,
24413,227.0,
12293,137.0,
40073,110.0,
47255,178.0,
26373,287.0,
46104,100.0,
73065,58653.0,
31219,388.0,
71128,86.0,
64072,654.0,
15090,583.0,
15037,1048.0,
32269,484.0,
01109,2104.0,
80742,73.0,
62483,252.0,
55257,53.0,
65328,100.0,
65159,400.0,
17403,725.0,
2A215,940.0,
04144,335.0,
46279,231.0,
58179,286.0,
34056,1149.0,
26276,422.0,
65237,178.0,
68136,335.0,
80391,75.0,
59616,9877.0,
82152,413.0,
54205,2668.0,
30344,5064.0,
27277,566.0,
60685,951.0,
19065,62.0,
80525,167.0,
85235,412.0,
75107,56325.0,
33257,429.0,
25598,506.0,
17468,162.0,
65296,437.0,
86169,357.0,
76357,369.0,
28184,334.0,
58311,292.0,
45147,20677.0,
56146,1463.0,
59012,3354.0,
60062,335.0,
10049,565.0,
64310,486.0,
23240,460.0,
59246,534.0,
62824,259.0,
53027,199.0,
74067,2379.0,
27163,193.0,
85029,2165.0,
72139,1001.0,
63061,432.0,
46011,343.0,
69162,1270.0,
71130,245.0,
07317,1028.0,
77158,183.0,
28382,941.0,
37267,4388.0,
07277,147.0,
72003,11047.0,
52120,203.0,
21231,153003.0,
77168,2152.0,
61160,217.0,
53170,1184.0,
57284,106.0,
86151,195.0,
79255,413.0,
34204,1019.0,
38537,6688.0,
45235,3725.0,
64559,748.0,
64317,1816.0,
71509,484.0,
62724,8604.0,
17429,2978.0,
25038,171.0,
17283,4116.0,
49003,941.0,
41136,6200.0,
07001,406.0,
59034,2628.0,
60119,1998.0,
41099,510.0,
50360,254.0,
77349,6463.0,
09183,93.0,
2B293,244.0,
76669,423.0,
59127,161.0,
18011,2130.0,
80025,325.0,
57159,4021.0,
72007,489.0,
31546,108.0,
58104,1380.0,
68338,3756.0,
54569,195.0,
36082,261.0,
45168,521.0,
12021,820.0,
51200,406.0,
27477,706.0,
61060,145.0,
58242,110.0,
29268,1568.0,
75106,43479.0,
67134,196.0,
86145,1074.0,
26114,3046.0,
01420,1630.0,
29218,1601.0,
37060,1252.0,
2B106,10.0,
71200,663.0,
33258,286.0,
27664,507.0,
33528,535.0,
28291,527.0,
89472,511.0,
80064,185.0,
37198,316.0,
30027,2541.0,
52545,89.0,
24307,214.0,
81027,167.0,
31286,593.0,
76222,4133.0,
42126,1259.0,
21309,105.0,
71187,1706.0,
16084,388.0,
80491,74.0,
67330,928.0,
59354,749.0,
69184,950.0,
67301,1775.0,
17047,223.0,
23152,70.0,
35261,222.0,
78070,325.0,
86201,225.0,
50453,825.0,
27097,640.0,
58220,708.0,
63375,141.0,
22320,176.0,
57651,649.0,
17232,1435.0,
60191,616.0,
61379,251.0,
50639,3686.0,
16335,129.0,
86165,6197.0,
63057,250.0,
68254,786.0,
62018,268.0,
60389,254.0,
10125,259.0,
08387,170.0,
16170,394.0,
44176,3211.0,
14214,164.0,
25528,87.0,
04110,1014.0,
27162,212.0,
10270,250.0,
17387,1766.0,
41176,832.0,
46112,224.0,
43139,61.0,
80109,378.0,
35120,4843.0,
38560,1109.0,
16164,242.0,
02130,184.0,
65070,473.0,
80561,6189.0,
43216,2406.0,
15041,243.0,
16192,2516.0,
60700,1151.0,
57216,150.0,
77031,845.0,
66215,140.0,
11051,174.0,
60446,3688.0,
14083,705.0,
17455,680.0,
10027,73.0,
95429,436.0,
51072,182.0,
34035,964.0,
14723,280.0,
17037,656.0,
85176,1141.0,
64187,256.0,
76467,1196.0,
02799,446.0,
27392,135.0,
48126,163.0,
02550,99.0,
43214,108.0,
77171,6189.0,
45234,114375.0,
07322,1242.0,
31159,447.0,
53025,1136.0,
33385,680.0,
53118,258.0,
77210,2696.0,
69214,1171.0,
51552,268.0,
54195,209.0,
32426,1085.0,
88150,317.0,
71252,390.0,
14184,196.0,
46154,330.0,
62277,2973.0,
77487,10764.0,
30066,575.0,
26170,3250.0,
63158,102.0,
31079,4323.0,
03207,508.0,
25187,480.0,
59222,2135.0,
21688,122.0,
10063,456.0,
37099,975.0,
47041,780.0,
27413,757.0,
76740,552.0,
28344,263.0,
03308,165.0,
42254,818.0,
02800,327.0,
60448,367.0,
91248,161.0,
10343,6904.0,
69103,853.0,
68173,2222.0,
26217,168.0,
72080,1718.0,
13016,6046.0,
02763,205.0,
92049,49656.0,
76273,510.0,
09207,1416.0,
02751,153.0,
55301,126.0,
03030,765.0,
22135,2329.0,
24177,604.0,
30124,236.0,
51326,1100.0,
24481,525.0,
61374,90.0,
09324,3293.0,
41074,1269.0,
14090,638.0,
02171,88.0,
09098,72.0,
85222,7469.0,
35255,1049.0,
80231,140.0,
35160,246.0,
37097,670.0,
64217,539.0,
84104,1232.0,
24146,251.0,
86069,195.0,
36026,515.0,
31520,113.0,
76690,571.0,
08453,97.0,
68102,470.0,
36004,338.0,
53131,196.0,
53034,5829.0,
95450,2013.0,
09120,343.0,
2B242,628.0,
70500,178.0,
38029,1862.0,
64253,430.0,
22347,1111.0,
25450,85.0,
50368,75.0,
28403,819.0,
13065,3448.0,
02117,72.0,
09340,168.0,
24312,3078.0,
42295,513.0,
54278,88.0,
63372,633.0,
03273,502.0,
70549,69.0,
41291,322.0,
38470,322.0,
972225,4285.0,
82132,1116.0,
24301,328.0,
43093,282.0,
67527,258.0,
25141,146.0,
75115,237120.0,
03118,5841.0,
52039,103.0,
52237,289.0,
69127,3598.0,
2A026,162.0,
51061,126.0,
24532,237.0,
69091,19574.0,
58194,34841.0,
42172,999.0,
73086,442.0,
58169,23.0,
64316,191.0,
87183,914.0,
79016,782.0,
07336,229.0,
30282,834.0,
25440,371.0,
03142,265.0,
39301,174.0,
14501,266.0,
38077,724.0,
02124,640.0,
53063,499.0,
55114,194.0,
62133,8213.0,
21603,4107.0,
26363,36.0,
39498,563.0,
25201,644.0,
26147,22.0,
80319,308.0,
83054,8719.0,
18259,256.0,
81238,1646.0,
89441,1172.0,
60327,1062.0,
35299,3852.0,
29153,2682.0,
27423,820.0,
88165,2604.0,
33039,26104.0,
38339,1906.0,
24236,1005.0,
70168,640.0,
38451,3172.0,
22141,223.0,
04176,122.0,
23144,253.0,
78029,11576.0,
31256,264.0,
38562,7571.0,
58305,129.0,
33038,919.0,
73031,3937.0,
31489,351.0,
11363,177.0,
46047,163.0,
25570,32.0,
34036,1307.0,
31321,118.0,
60523,889.0,
21563,141.0,
85154,1364.0,
82184,826.0,
38531,511.0,
24144,86.0,
25498,50.0,
23086,247.0,
60289,268.0,
50099,5884.0,
71275,1841.0,
26332,2002.0,
27179,726.0,
30115,255.0,
06153,891.0,
83057,3327.0,
53223,393.0,
25166,70.0,
27062,836.0,
35318,825.0,
53152,2797.0,
16091,187.0,
77172,897.0,
70449,74.0,
21284,246.0,
60238,1889.0,
84064,3913.0,
08206,388.0,
64113,125.0,
80326,119.0,
40213,579.0,
63351,80.0,
34113,6118.0,
02031,664.0,
37055,831.0,
59162,686.0,
48037,93.0,
66230,1955.0,
08355,398.0,
05035,25.0,
39432,122.0,
46126,231.0,
39448,506.0,
68086,178.0,
67010,1776.0,
09304,24.0,
64339,857.0,
03112,666.0,
974404,13581.0,
37116,591.0,
13213,90555.0,
76641,196.0,
88444,327.0,
80356,97.0,
03044,1426.0,
43074,830.0,
16387,455.0,
60565,516.0,
68266,1818.0,
08194,916.0,
34076,1322.0,
71233,301.0,
42063,387.0,
51132,122.0,
23184,108.0,
41125,760.0,
28119,190.0,
62410,185.0,
80263,55.0,
39370,1162.0,
80752,526.0,
18272,687.0,
63176,107.0,
65382,86.0,
61367,137.0,
38545,7991.0,
26164,49.0,
62395,174.0,
23172,123.0,
21262,35.0,
51046,1052.0,
44025,3904.0,
65170,72.0,
89436,934.0,
69063,3911.0,
87115,184.0,
02215,750.0,
77274,463.0,
11402,17.0,
64299,222.0,
81216,217.0,
46059,226.0,
65478,42.0,
49112,905.0,
27669,352.0,
02484,525.0,
36229,709.0,
85108,2989.0,
15198,108.0,
06062,323.0,
11385,275.0,
77115,516.0,
45080,406.0,
88155,115.0,
73308,620.0,
49310,610.0,
71528,2016.0,
54358,260.0,
56042,2265.0,
83141,5579.0,
21540,7336.0,
21476,157.0,
27670,982.0,
54197,2341.0,
45283,167.0,
77410,635.0,
27682,684.0,
65149,180.0,
02816,518.0,
2B123,3970.0,
76549,157.0,
80220,99.0,
12224,1976.0,
67519,5732.0,
42133,692.0,
11071,227.0,
02222,32.0,
55430,108.0,
50407,899.0,
21646,108.0,
27219,551.0,
57085,376.0,
51543,80.0,
50395,248.0,
29233,11978.0,
50398,210.0,
02641,133.0,
01243,1218.0,
01443,4449.0,
60076,532.0,
26296,26.0,
14291,277.0,
31437,92.0,
54327,585.0,
07071,867.0,
60590,1294.0,
63275,881.0,
56250,560.0,
46091,193.0,
28371,1069.0,
68166,12720.0,
31412,231.0,
06143,698.0,
08502,110.0,
59203,1479.0,
79196,922.0,
19103,65.0,
60147,858.0,
21364,93.0,
25428,1688.0,
89300,61.0,
34291,320.0,
11208,78.0,
40216,205.0,
23180,508.0,
05155,31.0,
45225,375.0,
72183,1027.0,
40124,128.0,
59014,13092.0,
74158,1015.0,
88184,480.0,
58084,97.0,
2B042,7997.0,
70522,140.0,
42312,563.0,
34240,3038.0,
78451,1116.0,
26353,1065.0,
01266,2441.0,
24401,287.0,
86035,194.0,
40025,895.0,
21037,320.0,
62470,69.0,
59388,1989.0,
74236,5551.0,
57752,3239.0,
60531,1763.0,
12068,927.0,
86105,412.0,
54169,74.0,
02585,247.0,
88090,4653.0,
88462,1929.0,
67218,26455.0,
14497,321.0,
52312,62.0,
18276,213.0,
19133,256.0,
29073,974.0,
88178,1953.0,
81270,149.0,
12102,2307.0,
37088,127.0,
77466,378.0,
71159,201.0,
64478,763.0,
57559,181.0,
77529,1541.0,
36182,622.0,
67239,1593.0,
38034,4721.0,
08123,84.0,
08455,94.0,
59009,62616.0,
78564,642.0,
70372,154.0,
32024,173.0,
68125,449.0,
88083,217.0,
31474,255.0,
74167,909.0,
44032,3228.0,
87069,171.0,
10309,102.0,
77073,599.0,
68200,560.0,
66104,905.0,
51294,79.0,
60464,1009.0,
01374,1717.0,
22334,137.0,
43097,111.0,
74021,1351.0,
35217,1416.0,
56065,635.0,
86039,735.0,
73188,975.0,
02055,99.0,
33004,3209.0,
71359,570.0,
31552,141.0,
78033,1154.0,
60001,639.0,
88290,121.0,
59426,10294.0,
80123,390.0,
88032,1293.0,
85081,4144.0,
79018,212.0,
45218,142.0,
65248,247.0,
34132,197.0,
95535,1150.0,
41175,1112.0,
08432,97.0,
63099,3164.0,
54089,1429.0,
60156,2112.0,
68060,1726.0,
34229,763.0,
39273,83.0,
73249,1221.0,
52483,67.0,
80496,180.0,
76486,955.0,
70026,2516.0,
08015,109.0,
44153,1688.0,
01183,1418.0,
67308,702.0,
89347,372.0,
63040,4772.0,
31280,340.0,
09161,624.0,
22165,620.0,
94068,74133.0,
26314,388.0,
80204,802.0,
34173,1298.0,
22149,471.0,
61460,906.0,
25518,161.0,
59152,12564.0,
69081,17787.0,
54226,168.0,
07095,443.0,
01098,831.0,
31238,476.0,
02076,175.0,
62295,1141.0,
31103,53.0,
10236,59.0,
37134,627.0,
03040,1042.0,
50176,351.0,
38440,757.0,
01311,45.0,
57493,213.0,
37148,579.0,
52025,89.0,
80537,83.0,
39041,181.0,
89125,869.0,
14249,1438.0,
01127,507.0,
72061,1613.0,
27447,521.0,
12299,716.0,
60253,464.0,
15168,637.0,
14143,1377.0,
51092,367.0,
16358,7167.0,
23117,299.0,
26196,1777.0,
77111,4679.0,
56077,908.0,
38449,5916.0,
59268,5850.0,
76006,184.0,
57128,243.0,
34316,168.0,
80710,393.0,
34150,7848.0,
71068,73.0,
02559,544.0,
46265,323.0,
81047,228.0,
25361,807.0,
80829,94.0,
57720,491.0,
60316,246.0,
19157,234.0,
68216,434.0,
21653,55.0,
78227,794.0,
51183,1116.0,
16220,669.0,
45274,7275.0,
88051,103.0,
38112,109.0,
30178,1438.0,
02151,110.0,
27242,1004.0,
2B069,93.0,
45289,1119.0,
972201,1830.0,
54132,69.0,
52479,728.0,
62800,359.0,
56019,377.0,
30021,330.0,
17210,489.0,
39015,122.0,
81048,2353.0,
45242,266.0,
18084,208.0,
22197,2801.0,
2A119,122.0,
31270,971.0,
50262,508.0,
51662,4833.0,
64322,319.0,
85240,1547.0,
05173,439.0,
80749,292.0,
50105,109.0,
55434,59.0,
85172,1897.0,
70210,152.0,
33175,769.0,
58224,112.0,
39353,177.0,
27116,4294.0,
01401,2028.0,
08115,437.0,
79060,176.0,
70200,46.0,
25555,1069.0,
16152,719.0,
55280,73.0,
01348,2783.0,
72231,4842.0,
31275,159.0,
88531,1574.0,
91665,7222.0,
77313,233.0,
60403,1627.0,
65467,102.0,
19078,388.0,
49178,896.0,
68144,1216.0,
69196,637.0,
08102,96.0,
48115,174.0,
33188,205.0,
74310,1312.0,
22390,759.0,
83014,209.0,
70415,782.0,
31535,698.0,
57536,241.0,
84027,2747.0,
24131,78.0,
36167,169.0,
61194,412.0,
28305,286.0,
68242,1202.0,
81158,282.0,
88412,444.0,
43249,483.0,
36234,333.0,
12170,356.0,
72349,511.0,
51556,311.0,
12100,2436.0,
54552,73.0,
14728,371.0,
22132,274.0,
69250,3922.0,
21529,42.0,
22241,1059.0,
69071,1147.0,
89158,663.0,
62463,523.0,
77005,3245.0,
83081,6118.0,
68155,4612.0,
24114,71.0,
80440,140.0,
34245,1812.0,
24444,278.0,
21350,50.0,
86284,666.0,
59050,347.0,
30153,118.0,
02339,693.0,
51090,314.0,
27383,355.0,
46209,166.0,
27641,241.0,
33233,2552.0,
62680,737.0,
21148,359.0,
71318,1115.0,
01334,547.0,
62813,477.0,
36043,601.0,
52216,31.0,
36159,5808.0,
67044,279.0,
27429,155.0,
58051,1521.0,
08341,822.0,
51252,506.0,
35006,4273.0,
80424,529.0,
64320,1187.0,
59059,473.0,
16057,328.0,
10051,1054.0,
45186,557.0,
09090,47.0,
65305,122.0,
51381,581.0,
03036,2559.0,
85086,1532.0,
68101,804.0,
39147,92.0,
61481,80.0,
14163,364.0,
47168,3228.0,
36094,538.0,
46214,380.0,
55061,250.0,
25020,958.0,
14756,214.0,
76339,250.0,
88377,130.0,
38084,1504.0,
77452,52.0,
84047,2863.0,
65275,64.0,
56020,794.0,
80597,835.0,
47283,1209.0,
18187,568.0,
03310,25325.0,
80601,411.0,
25594,330.0,
73100,1829.0,
21534,701.0,
01242,125.0,
15093,110.0,
24457,137.0,
79200,273.0,
88065,335.0,
89439,1565.0,
25015,664.0,
67400,1103.0,
61421,684.0,
02498,751.0,
34341,3668.0,
67067,10094.0,
45095,1905.0,
38244,778.0,
67429,593.0,
38351,929.0,
88070,157.0,
21692,253.0,
21246,187.0,
62723,230.0,
69117,3096.0,
35065,1945.0,
77454,406.0,
15248,559.0,
50488,608.0,
23105,703.0,
38229,17493.0,
24197,743.0,
59398,2730.0,
39177,605.0,
57759,64.0,
88458,274.0,
17082,538.0,
72193,461.0,
21536,270.0,
02187,1049.0,
30006,5074.0,
02519,176.0,
41289,378.0,
29210,2813.0,
12213,556.0,
47246,1458.0,
27568,476.0,
62432,380.0,
26150,9.0,
50167,807.0,
66182,4725.0,
31184,1857.0,
08133,517.0,
33300,942.0,
21282,113.0,
17289,458.0,
21077,116.0,
54146,279.0,
31086,90.0,
55530,88.0,
08248,682.0,
77237,652.0,
34209,3225.0,
62280,344.0,
39571,221.0,
76755,576.0,
14394,452.0,
71243,394.0,
14726,1838.0,
67453,595.0,
28411,161.0,
2B149,102.0,
11217,1213.0,
45064,468.0,
25487,37.0,
09051,148.0,
57065,247.0,
62014,9947.0,
64502,687.0,
60074,1197.0,
51035,289.0,
67292,648.0,
47186,767.0,
15025,228.0,
23038,248.0,
60083,1044.0,
38212,1234.0,
77032,874.0,
61283,295.0,
88310,878.0,
14667,231.0,
49110,1718.0,
71086,449.0,
80661,851.0,
11351,781.0,
51485,318.0,
54235,412.0,
61263,228.0,
45133,556.0,
03301,1064.0,
88299,182.0,
88284,603.0,
44099,1944.0,
51354,296.0,
56125,1782.0,
31499,8917.0,
37064,239.0,
26197,3926.0,
50506,497.0,
15240,182.0,
71268,344.0,
67033,615.0,
10223,709.0,
73192,211.0,
34281,2192.0,
76183,758.0,
80693,314.0,
62704,635.0,
83123,16047.0,
36220,886.0,
71045,149.0,
61274,194.0,
77412,345.0,
23176,5366.0,
64537,142.0,
70487,291.0,
88365,162.0,
81309,363.0,
76224,1034.0,
76228,397.0,
64159,101.0,
46076,355.0,
17035,135.0,
56193,5232.0,
45052,74.0,
45098,3343.0,
47148,225.0,
87093,297.0,
68308,322.0,
80211,1705.0,
62320,325.0,
87151,500.0,
19263,311.0,
39288,373.0,
40141,306.0,
31575,1147.0,
28213,655.0,
66183,93.0,
38242,1397.0,
17211,817.0,
31572,2580.0,
74284,1240.0,
54424,38.0,
70058,946.0,
51484,278.0,
81024,330.0,
80769,239.0,
81322,217.0,
56121,57961.0,
69157,2592.0,
51029,1806.0,
84057,324.0,
02780,1342.0,
71482,847.0,
17328,885.0,
39281,78.0,
02652,110.0,
21031,454.0,
06141,322.0,
21218,104.0,
76709,5195.0,
23175,132.0,
05003,444.0,
73194,363.0,
70408,1104.0,
33023,1099.0,
13018,4372.0,
09167,2373.0,
74289,1590.0,
80751,470.0,
33312,7922.0,
62885,211.0,
44193,1514.0,
21477,87.0,
01105,1441.0,
60264,529.0,
47121,322.0,
80107,555.0,
67163,549.0,
21699,1076.0,
69197,2019.0,
51477,304.0,
42169,1429.0,
16334,138.0,
83088,2573.0,
32175,265.0,
19080,678.0,
41152,667.0,
80456,508.0,
83129,34387.0,
44175,4482.0,
30188,733.0,
2A100,56.0,
76331,935.0,
80664,199.0,
28386,1253.0,
14645,178.0,
66048,1378.0,
34003,25253.0,
71471,67.0,
76282,900.0,
12210,419.0,
76211,229.0,
12201,1052.0,
31091,5192.0,
81294,965.0,
71325,1222.0,
62285,505.0,
67120,566.0,
04141,348.0,
48130,101.0,
25262,489.0,
60557,347.0,
56088,249.0,
64470,617.0,
66035,44.0,
35009,1621.0,
64124,685.0,
08451,377.0,
63213,2119.0,
21597,47.0,
35335,736.0,
62830,191.0,
72293,630.0,
19102,299.0,
04208,596.0,
50594,983.0,
70267,463.0,
70411,40.0,
21226,339.0,
42014,290.0,
76744,197.0,
28317,492.0,
50108,434.0,
28054,453.0,
67216,2629.0,
17277,738.0,
07250,477.0,
88484,1142.0,
17309,1901.0,
24538,1022.0,
60538,254.0,
32306,657.0,
89459,273.0,
16099,200.0,
64227,628.0,
10238,451.0,
95580,2497.0,
62449,179.0,
21168,50.0,
88505,128.0,
33459,216.0,
39142,136.0,
28189,187.0,
42175,1218.0,
39134,243.0,
43063,165.0,
62478,268.0,
80431,605.0,
85134,253.0,
01123,1070.0,
31387,129.0,
81258,425.0,
85244,803.0,
57265,54.0,
09218,80.0,
77098,349.0,
59393,976.0,
25468,808.0,
57479,435.0,
39429,441.0,
2A017,1636.0,
32334,1405.0,
50467,482.0,
92040,65662.0,
26119,844.0,
59368,22243.0,
39138,344.0,
10306,239.0,
72032,356.0,
86053,1088.0,
68301,1145.0,
88468,3629.0,
55549,104.0,
63308,4688.0,
60428,620.0,
30176,205.0,
54021,217.0,
49041,1987.0,
37252,377.0,
63362,829.0,
65306,238.0,
47321,313.0,
25287,1500.0,
01368,752.0,
57079,446.0,
12287,709.0,
63075,17733.0,
63220,99.0,
62479,1706.0,
02341,287.0,
69228,2276.0,
06029,73325.0,
68051,842.0,
39131,531.0,
25225,190.0,
13101,3241.0,
61224,423.0,
55222,38.0,
11200,126.0,
71486,8824.0,
08195,353.0,
80348,154.0,
15218,70.0,
37247,660.0,
10411,20.0,
85147,1703.0,
54371,1105.0,
16032,539.0,
85259,1253.0,
19110,157.0,
52037,399.0,
57073,831.0,
89172,498.0,
55029,15950.0,
32436,518.0,
60024,784.0,
974424,5386.0,
59139,14789.0,
59360,20650.0,
77020,673.0,
60386,500.0,
40032,199.0,
31020,961.0,
91045,7482.0,
93073,34614.0,
31053,1254.0,
48129,234.0,
33011,5806.0,
59075,775.0,
21252,89.0,
37181,231.0,
03242,542.0,
45104,2783.0,
09205,77.0,
46004,206.0,
24305,252.0,
51369,330.0,
31093,892.0,
25057,5806.0,
51495,79.0,
31072,77.0,
39526,4012.0,
16167,4449.0,
59264,781.0,
32263,136.0,
31162,1039.0,
73284,876.0,
33449,29178.0,
70273,62.0,
44055,15456.0,
27346,218.0,
10137,41.0,
51017,343.0,
62738,169.0,
31266,222.0,
40238,610.0,
31392,73.0,
2A266,81.0,
22348,502.0,
51356,143.0,
42042,971.0,
55332,237.0,
50209,897.0,
80308,2527.0,
57494,240.0,
26046,93.0,
14123,1830.0,
37269,507.0,
53038,170.0,
03226,269.0,
49341,797.0,
54014,259.0,
63202,126.0,
43113,1902.0,
61051,340.0,
08452,241.0,
17018,824.0,
32176,121.0,
67272,441.0,
54510,343.0,
38137,458.0,
67088,367.0,
27287,821.0,
2A351,351.0,
59188,133.0,
76336,365.0,
09307,177.0,
2A288,1123.0,
58134,3559.0,
21274,161.0,
69299,2505.0,
03240,622.0,
88093,55.0,
77305,17173.0,
80662,258.0,
17039,216.0,
71030,210.0,
23223,227.0,
71063,745.0,
11121,101.0,
76306,181.0,
25392,172.0,
21352,574.0,
48106,97.0,
49015,12972.0,
49192,3179.0,
86036,788.0,
55031,400.0,
51104,151.0,
31058,107.0,
38359,1053.0,
19152,474.0,
85236,1612.0,
17481,175.0,
04164,62.0,
60330,1292.0,
21215,163.0,
53083,900.0,
53272,183.0,
71207,289.0,
64101,547.0,
50028,96.0,
29260,7815.0,
11053,260.0,
21137,79.0,
62557,2467.0,
27441,75.0,
16070,1763.0,
77155,3195.0,
32373,229.0,
65193,71.0,
69192,136.0,
63346,226.0,
21123,25.0,
83110,1570.0,
92071,19718.0,
46283,333.0,
76259,19381.0,
79339,1714.0,
81040,411.0,
17079,1490.0,
12290,516.0,
26324,8851.0,
24285,380.0,
33120,2085.0,
82167,1765.0,
33388,804.0,
31458,4244.0,
62234,197.0,
65444,288.0,
81114,471.0,
74309,4236.0,
10095,316.0,
02828,90.0,
28049,243.0,
08407,64.0,
59023,487.0,
43039,601.0,
63171,357.0,
70177,575.0,
51471,383.0,
21029,83.0,
80345,525.0,
61452,195.0,
72068,1460.0,
32434,115.0,
14041,133.0,
21492,519.0,
04151,507.0,
89197,489.0,
59247,1465.0,
16056,826.0,
25254,1272.0,
34255,9423.0,
63338,3652.0,
21548,164.0,
25488,88.0,
66186,2542.0,
47155,638.0,
25330,206.0,
65224,238.0,
31339,472.0,
21379,162.0,
49257,977.0,
01141,404.0,
16370,1168.0,
62849,2296.0,
16150,1607.0,
60407,220.0,
54328,6491.0,
25453,1413.0,
82162,246.0,
69100,8361.0,
63242,372.0,
59453,675.0,
33079,318.0,
21151,90.0,
77120,631.0,
01045,280.0,
74212,1118.0,
59153,9741.0,
52307,218.0,
17363,530.0,
91223,24502.0,
28114,133.0,
40201,1439.0,
57441,2550.0,
61206,264.0,
64221,121.0,
85058,713.0,
09272,1245.0,
61456,1697.0,
38022,5535.0,
10319,362.0,
03060,823.0,
52469,855.0,
03117,461.0,
64223,81.0,
61063,1553.0,
02767,334.0,
12190,303.0,
17414,4330.0,
10275,586.0,
59584,949.0,
74261,436.0,
56228,1052.0,
08153,368.0,
33256,4318.0,
02439,499.0,
78609,964.0,
56165,9525.0,
24378,76.0,
17101,349.0,
65284,975.0,
58206,40.0,
77138,522.0,
70392,52.0,
89438,1776.0,
37145,242.0,
37254,1255.0,
53086,691.0,
43230,983.0,
72064,545.0,
09029,153.0,
42230,1652.0,
10211,925.0,
76371,66.0,
66004,528.0,
55463,4269.0,
46081,80.0,
88452,125.0,
31445,5118.0,
60262,263.0,
66052,367.0,
74048,940.0,
02177,132.0,
01333,2926.0,
76166,478.0,
10008,99.0,
49200,2027.0,
51139,337.0,
50387,359.0,
02467,53.0,
51374,41.0,
27144,264.0,
33101,1228.0,
76474,7036.0,
24261,321.0,
86098,152.0,
82024,255.0,
57026,1003.0,
29275,807.0,
10274,319.0,
77001,1201.0,
37004,408.0,
33076,746.0,
59392,30567.0,
89362,180.0,
46337,274.0,
22209,3014.0,
39366,241.0,
23114,454.0,
40050,176.0,
54553,182.0,
49307,2439.0,
54038,800.0,
62520,2320.0,
01435,2157.0,
01150,218.0,
31063,163.0,
21264,50.0,
50102,788.0,
80408,359.0,
73250,1636.0,
63197,92.0,
30319,585.0,
02050,314.0,
57152,474.0,
27684,721.0,
14399,309.0,
74104,3584.0,
02357,76.0,
80834,522.0,
53100,1281.0,
21017,514.0,
16077,533.0,
60680,657.0,
24058,239.0,
01247,360.0,
70252,183.0,
54102,608.0,
57731,2063.0,
54131,508.0,
65076,55.0,
61387,570.0,
59439,304.0,
05148,499.0,
65010,238.0,
39205,393.0,
58021,217.0,
68365,1688.0,
33334,2592.0,
76059,396.0,
72090,2875.0,
89162,376.0,
28143,251.0,
80116,311.0,
74201,1677.0,
40267,973.0,
39387,255.0,
38210,788.0,
74059,243.0,
68027,323.0,
07215,201.0,
61293,4024.0,
29028,973.0,
58001,146.0,
17176,116.0,
27696,873.0,
38041,130.0,
76646,587.0,
13036,4189.0,
14022,587.0,
73026,409.0,
79217,678.0,
09080,160.0,
67079,173.0,
61287,729.0,
50336,246.0,
84088,10121.0,
54324,113.0,
33187,1198.0,
2A022,88.0,
57356,1117.0,
59432,496.0,
13075,10689.0,
85266,1504.0,
07089,1505.0,
2B315,274.0,
76201,552.0,
67108,1570.0,
71345,659.0,
78354,5943.0,
27136,268.0,
25344,42.0,
62516,10184.0,
72044,434.0,
37121,256.0,
50033,165.0,
70400,119.0,
51137,184.0,
21161,84.0,
26034,569.0,
37086,524.0,
21039,34.0,
19268,34.0,
44171,1602.0,
42152,499.0,
50251,364.0,
74314,1275.0,
59543,1164.0,
21143,62.0,
80262,415.0,
62440,1167.0,
82048,1551.0,
62113,494.0,
28256,473.0,
52064,506.0,
37016,387.0,
49127,3382.0,
07161,894.0,
27048,192.0,
86227,128.0,
13038,3636.0,
15238,129.0,
57266,168.0,
36154,1867.0,
49321,364.0,
33454,1577.0,
08126,221.0,
59171,44.0,
03268,378.0,
56243,8821.0,
39042,492.0,
54162,1239.0,
54310,3.0,
22158,2078.0,
35005,290.0,
39058,163.0,
11108,44.0,
26066,48.0,
25033,550.0,
26202,344.0,
84059,125.0,
59324,9897.0,
57057,585.0,
55496,1068.0,
46062,391.0,
89208,1237.0,
14177,864.0,
78401,8992.0,
52492,559.0,
70544,127.0,
49332,3967.0,
62239,2386.0,
52503,28.0,
54161,290.0,
71226,34.0,
25251,173.0,
40072,195.0,
76405,217.0,
70153,111.0,
33440,242.0,
17245,683.0,
39525,392.0,
55243,182.0,
38373,1149.0,
29245,1444.0,
70341,298.0,
67404,899.0,
09149,199.0,
14216,226.0,
54051,1221.0,
57332,6867.0,
74202,536.0,
32325,153.0,
74078,412.0,
64485,1527.0,
42274,249.0,
76718,1321.0,
18173,280.0,
31186,2899.0,
22008,1069.0,
85037,658.0,
60079,1041.0,
71545,1015.0,
14743,115.0,
68017,818.0,
25360,138.0,
39072,271.0,
37074,2082.0,
39408,139.0,
11031,38.0,
56097,3482.0,
18258,711.0,
08282,1047.0,
76265,177.0,
64087,842.0,
80590,320.0,
79290,976.0,
86239,161.0,
65033,109.0,
28073,287.0,
26205,81.0,
65338,264.0,
52214,30.0,
57543,1514.0,
23011,158.0,
47206,542.0,
21463,48.0,
56001,3727.0,
14661,136.0,
40160,184.0,
67119,1377.0,
64427,158.0,
35118,1374.0,
59650,41522.0,
80307,144.0,
27234,323.0,
62870,1019.0,
07203,128.0,
09127,104.0,
31112,181.0,
93001,77452.0,
21301,235.0,
18243,416.0,
62875,1306.0,
39278,184.0,
10394,144.0,
57257,100.0,
17188,468.0,
32158,243.0,
56173,3594.0,
67035,417.0,
70488,225.0,
63357,99.0,
53062,11582.0,
85178,8298.0,
57374,206.0,
77471,368.0,
72105,479.0,
57555,110.0,
62244,5474.0,
55023,119.0,
12073,576.0,
65092,203.0,
61107,416.0,
46305,302.0,
41066,424.0,
02205,201.0,
62219,182.0,
24073,387.0,
54012,333.0,
55295,39.0,
53144,804.0,
51162,670.0,
02727,226.0,
82166,232.0,
68065,700.0,
59327,6313.0,
14016,420.0,
30258,13641.0,
64129,13479.0,
23181,171.0,
80632,2388.0,
49331,6925.0,
54509,931.0,
64544,76.0,
72052,740.0,
39198,23312.0,
59352,8192.0,
35163,1306.0,
81182,2076.0,
77068,211.0,
30148,254.0,
02396,62.0,
15187,6626.0,
59244,1750.0,
24403,69.0,
46038,1362.0,
21024,109.0,
07029,232.0,
77531,1756.0,
59530,358.0,
60235,675.0,
21109,227.0,
38370,641.0,
60282,9179.0,
28052,756.0,
73084,883.0,
95169,413.0,
31114,242.0,
57728,258.0,
23266,169.0,
86162,106.0,
90021,299.0,
46282,82.0,
76029,202.0,
46096,95.0,
77298,478.0,
55339,77.0,
18131,37.0,
59611,2303.0,
33403,129.0,
80121,130.0,
42259,3759.0,
14436,539.0,
46097,111.0,
10135,100.0,
58182,1523.0,
71051,145.0,
29090,830.0,
23023,105.0,
77258,14021.0,
43187,308.0,
61113,69.0,
88113,154.0,
62361,3667.0,
54480,67.0,
18059,1068.0,
60302,812.0,
29139,835.0,
02382,1404.0,
40243,2521.0,
57074,842.0,
80461,236.0,
13028,34655.0,
52254,77.0,
25351,199.0,
65025,3048.0,
34270,8567.0,
17207,677.0,
56030,967.0,
23245,1973.0,
86130,437.0,
44024,2640.0,
02704,242.0,
94028,89989.0,
50084,564.0,
53005,2256.0,
60178,3505.0,
32226,83.0,
68237,539.0,
58111,113.0,
63145,143.0,
07278,375.0,
81232,632.0,
2B096,7332.0,
63283,714.0,
33077,2231.0,
30330,867.0,
68010,1150.0,
69292,4715.0,
21140,72.0,
59027,1452.0,
55207,59.0,
49060,1362.0,
50042,415.0,
65077,416.0,
01423,810.0,
78643,9698.0,
17290,290.0,
33143,2302.0,
84036,3303.0,
51047,50.0,
14421,621.0,
69139,1322.0,
32171,152.0,
62648,549.0,
42185,567.0,
37195,10276.0,
72209,305.0,
29105,9108.0,
67336,1726.0,
91135,2851.0,
07162,574.0,
38499,1352.0,
70427,357.0,
12134,343.0,
38522,158.0,
59430,1094.0,
30142,1178.0,
21664,90.0,
89332,953.0,
31403,697.0,
02245,1796.0,
30303,829.0,
89126,44.0,
38042,974.0,
17302,628.0,
56014,1531.0,
55379,78.0,
50446,562.0,
18077,365.0,
52294,719.0,
70340,221.0,
54203,165.0,
19210,75.0,
54335,418.0,
54323,14092.0,
56061,2205.0,
33314,4986.0,
61291,83.0,
57208,1483.0,
71183,154.0,
60143,3139.0,
64314,404.0,
58126,464.0,
17384,266.0,
80755,128.0,
58011,303.0,
60292,228.0,
30340,555.0,
41124,356.0,
10253,123.0,
06135,206.0,
77333,12824.0,
22117,1659.0,
63244,446.0,
81207,88.0,
61510,216.0,
08425,42.0,
76268,188.0,
77037,5617.0,
40219,105.0,
50610,201.0,
31376,102.0,
34071,306.0,
41275,1307.0,
71311,295.0,
11057,35.0,
67152,7133.0,
84063,399.0,
38540,1417.0,
12212,107.0,
52218,48.0,
24018,400.0,
12164,791.0,
57102,2998.0,
33195,1154.0,
50626,382.0,
54420,86.0,
10090,259.0,
27119,1534.0,
63395,929.0,
972228,17188.0,
07094,165.0,
25465,173.0,
50194,367.0,
46063,1838.0,
24245,281.0,
52439,103.0,
50585,1212.0,
17483,1464.0,
89277,372.0,
31226,84.0,
46270,226.0,
72236,195.0,
27152,609.0,
14569,250.0,
11364,141.0,
57077,92.0,
79166,873.0,
68309,3364.0,
46234,98.0,
62898,234.0,
89450,614.0,
53134,147.0,
83150,4198.0,
57206,13965.0,
80082,774.0,
59457,8275.0,
01309,93.0,
37182,1208.0,
72168,2207.0,
86171,456.0,
95328,593.0,
89036,256.0,
77014,13761.0,
59494,180.0,
88278,85.0,
53037,767.0,
72319,734.0,
02554,1011.0,
32188,71.0,
80275,300.0,
95256,3016.0,
67019,1142.0,
46238,267.0,
01319,471.0,
71259,340.0,
68366,768.0,
63270,490.0,
12108,357.0,
48103,1222.0,
46178,253.0,
74073,578.0,
2B236,177.0,
40027,134.0,
01427,6708.0,
90019,270.0,
52125,1040.0,
89016,89.0,
78296,635.0,
08101,171.0,
43085,60.0,
28194,465.0,
87129,820.0,
72259,310.0,
11222,191.0,
02678,75.0,
86268,1115.0,
01285,1129.0,
27183,2300.0,
47215,3652.0,
52489,36.0,
30333,4219.0,
21066,67.0,
39519,178.0,
54333,253.0,
44106,1493.0,
25411,6803.0,
45059,199.0,
53106,549.0,
76382,1101.0,
25592,562.0,
95365,695.0,
76756,252.0,
73257,2639.0,
27561,590.0,
76427,1023.0,
50448,704.0,
24028,1090.0,
76212,9515.0,
47074,367.0,
25247,101.0,
43152,2822.0,
87046,1102.0,
33070,585.0,
04241,178.0,
31166,249.0,
69003,2804.0,
60059,211.0,
34094,1012.0,
70472,601.0,
58112,691.0,
04201,110.0,
35266,2662.0,
03186,1501.0,
47275,179.0,
70541,226.0,
43082,87.0,
61281,248.0,
43033,615.0,
61225,28.0,
28173,1340.0,
21438,92.0,
38214,2108.0,
32114,112.0,
29081,1542.0,
58288,105.0,
51600,88.0,
27012,461.0,
48174,145.0,
82029,254.0,
60370,1280.0,
51127,85.0,
04061,397.0,
38146,756.0,
73078,156.0,
77084,1107.0,
80797,129.0,
45138,56.0,
64260,16887.0,
54580,9415.0,
78417,271.0,
17218,4630.0,
07330,2329.0,
77359,2137.0,
49012,369.0,
14025,290.0,
84142,2918.0,
77354,938.0,
08020,65.0,
19081,504.0,
05023,12190.0,
47304,79.0,
15174,300.0,
28008,204.0,
62310,1598.0,
44150,3779.0,
87090,306.0,
88221,255.0,
82032,562.0,
71481,1119.0,
07054,264.0,
40060,149.0,
28374,578.0,
47110,1663.0,
31320,1008.0,
42153,503.0,
57490,378.0,
14220,3740.0,
63190,267.0,
54481,99.0,
88268,179.0,
19087,109.0,
08490,4019.0,
33176,351.0,
15144,346.0,
08082,66.0,
74242,5747.0,
86046,1828.0,
80518,438.0,
73283,660.0,
90070,402.0,
39129,412.0,
59189,1194.0,
56031,2954.0,
11113,133.0,
45112,330.0,
77181,2793.0,
47169,1163.0,
17071,517.0,
38057,685.0,
17478,66.0,
21449,201.0,
19079,470.0,
65065,292.0,
57210,717.0,
72010,391.0,
61419,225.0,
73246,259.0,
65474,118.0,
71364,169.0,
37110,1328.0,
51078,530.0,
17066,253.0,
27230,3512.0,
66029,137.0,
31045,448.0,
23070,464.0,
59563,248.0,
21374,215.0,
74077,898.0,
02090,214.0,
81118,139.0,
52013,139.0,
57333,869.0,
25389,113.0,
55275,104.0,
72170,194.0,
76271,1608.0,
39334,138.0,
50345,650.0,
89274,1261.0,
95446,1799.0,
24091,1193.0,
09220,194.0,
2A060,51.0,
89123,259.0,
32327,100.0,
95056,2115.0,
61488,80.0,
67069,521.0,
38498,718.0,
52413,108.0,
53115,321.0,
47231,166.0,
42118,722.0,
48041,88.0,
76490,1090.0,
21099,325.0,
65362,1195.0,
51238,427.0,
56172,2706.0,
91570,20057.0,
88410,284.0,
60308,432.0,
42336,614.0,
22217,422.0,
47190,574.0,
18266,268.0,
02515,69.0,
76140,171.0,
52115,111.0,
40140,203.0,
79118,301.0,
50531,772.0,
16136,633.0,
33544,1369.0,
80068,236.0,
08446,108.0,
60485,240.0,
01227,443.0,
77140,291.0,
60271,90.0,
17410,556.0,
28252,225.0,
61103,181.0,
62327,574.0,
12156,550.0,
86138,275.0,
33184,579.0,
24354,2932.0,
