code_commune,population
85062,1134.0
58300,1742.0
70137,225.0
51649,11454.0
78638,5083.0
63089,1617.0
57235,1020.0
66026,1581.0
27420,164.0
42150,1322.0
15088,513.0
14541,110.0
47066,844.0
60032,713.0
39478,8727.0
73005,206.0
50478,419.0
25612,675.0
70007,306.0
12303,252.0
59668,1580.0
35287,2525.0
40134,2839.0
24075,324.0
11319,74.0
41112,245.0
89059,699.0
32233,1206.0
21348,102.0
09014,192.0
43201,247.0
30320,165.0
76319,9726.0
80549,639.0
57014,369.0
14066,2388.0
37171,1125.0
47068,1088.0
81125,314.0
65217,58.0
62577,75.0
27407,318.0
27188,1524.0
67310,1139.0
55362,183.0
10325,4749.0
45214,238.0
07126,1195.0
08491,3540.0
38474,11660.0
11269,2554.0
35155,682.0
57072,622.0
22254,1103.0
31141,219.0
55574,41.0
71242,512.0
80269,109.0
57486,116.0
63461,365.0
54460,155.0
43241,1283.0
54128,706.0
67095,1592.0
42225,3843.0
57002,65.0
65013,57.0
27033,307.0
52156,407.0
55514,588.0
67460,1759.0
44031,807.0
55099,123.0
62624,5906.0
27667,401.0
64161,1013.0
23021,764.0
59588,8384.0
02460,205.0
36175,275.0
39203,106.0
82118,94.0
64360,201.0
46003,691.0
973353,9177.0
23064,650.0
76524,143.0
64474,158.0
77295,1371.0
64490,546.0
26345,2096.0
76210,450.0
01408,656.0
40054,267.0
16031,411.0
95301,290.0
51264,503.0
25627,296.0
74190,669.0
60317,727.0
58055,743.0
38174,1092.0
28039,1682.0
11178,1271.0
60121,159.0
68007,2195.0
02063,380.0
72334,2195.0
14403,744.0
78402,3826.0
39141,281.0
62112,523.0
67558,725.0
16095,127.0
31540,334.0
57287,2237.0
80442,1139.0
41121,32.0
80236,557.0
23202,226.0
55556,49.0
62573,3717.0
38406,160.0
74238,1596.0
60648,319.0
87105,890.0
86217,277.0
21055,14.0
09292,53.0
59627,1006.0
88224,380.0
52128,149.0
30341,11774.0
57471,297.0
43262,1219.0
34126,2454.0
50174,194.0
27323,290.0
84039,6064.0
26133,177.0
23232,211.0
31465,20.0
14042,1055.0
33174,1120.0
80469,156.0
24242,260.0
16244,2289.0
68336,445.0
80458,451.0
41236,88.0
18119,205.0
31351,5680.0
90045,739.0
32419,107.0
43022,268.0
55013,464.0
15016,620.0
21428,153.0
62735,2577.0
56083,15746.0
04069,119.0
38550,65.0
45097,1222.0
54584,1015.0
76481,6122.0
88394,48.0
14714,779.0
57402,118.0
14483,194.0
31369,31.0
31134,86.0
83122,232.0
52090,96.0
68374,7989.0
40161,82.0
37001,1133.0
33104,4829.0
22377,804.0
67279,239.0
60056,65.0
05065,2292.0
01194,6355.0
35262,360.0
04132,159.0
25431,357.0
02513,135.0
63399,84.0
58247,505.0
59399,1049.0
84022,261.0
58240,78.0
02118,130.0
973313,3295.0
91578,270.0
62145,437.0
72119,1055.0
10046,103.0
78576,1668.0
71040,6012.0
16181,519.0
80619,712.0
68386,1059.0
45247,3714.0
83046,2136.0
06044,8084.0
36217,98.0
973358,241.0
44202,1812.0
17041,1763.0
03093,1230.0
971102,4052.0
30284,4603.0
88227,85.0
27273,370.0
47288,522.0
24277,288.0
73076,266.0
31498,38.0
89207,27.0
33339,1420.0
35243,2440.0
62546,318.0
66117,147.0
67230,2478.0
27198,6145.0
32254,349.0
65391,59.0
72362,168.0
69384,35603.0
13206,39647.0
40147,368.0
47101,1322.0
88076,421.0
42212,1019.0
89321,719.0
77416,255.0
54248,101.0
82148,682.0
47008,109.0
65145,49.0
03063,1026.0
65085,103.0
59008,9997.0
70112,170.0
84134,713.0
71009,710.0
33220,1337.0
07282,441.0
66214,1155.0
38089,223.0
14283,218.0
08268,70.0
54383,1136.0
13061,223.0
62748,2328.0
04203,466.0
71319,763.0
71580,439.0
22345,801.0
24052,126.0
30306,553.0
25125,322.0
55327,244.0
16399,333.0
58087,673.0
71270,34448.0
64097,624.0
41168,225.0
24477,192.0
70138,123.0
02352,567.0
11102,554.0
18022,339.0
68370,161.0
59364,895.0
45136,554.0
40012,260.0
78358,23080.0
52431,161.0
88189,130.0
43104,188.0
07176,161.0
67507,1775.0
73155,2135.0
01125,596.0
06085,19677.0
84082,1879.0
38243,248.0
11258,2066.0
82030,490.0
68204,1043.0
60347,284.0
61217,55.0
59508,13784.0
17388,252.0
21198,246.0
63247,640.0
76560,1019.0
21590,1286.0
01058,818.0
74275,1926.0
59191,631.0
45255,433.0
05066,8.0
06012,12674.0
13111,1041.0
64365,432.0
57254,1145.0
21431,154.0
79014,2599.0
57655,1131.0
49336,866.0
50048,551.0
36198,402.0
50139,4106.0
72135,600.0
47229,224.0
14684,251.0
49182,894.0
27363,244.0
86211,836.0
42207,35068.0
76065,412.0
03178,287.0
71213,565.0
28257,90.0
17376,2083.0
56107,8318.0
34054,110.0
39291,242.0
88441,128.0
52103,126.0
57076,504.0
51592,298.0
45277,448.0
51152,530.0
23148,248.0
62114,169.0
10198,110.0
19281,71.0
71131,881.0
51646,82.0
18248,459.0
25275,185.0
64407,5291.0
71330,749.0
16103,124.0
77128,2100.0
40251,430.0
10162,300.0
67139,483.0
62530,537.0
17247,865.0
95023,624.0
85024,2159.0
40042,345.0
57457,138.0
37149,482.0
26204,145.0
32044,292.0
31282,9260.0
88445,2319.0
32070,202.0
89483,514.0
91111,3380.0
34016,557.0
17044,1162.0
54318,5694.0
41246,479.0
55467,697.0
68227,1283.0
38075,2997.0
04214,127.0
61145,4155.0
70052,118.0
60404,1490.0
50285,312.0
64090,119.0
46175,930.0
17301,77.0
22283,872.0
61116,1983.0
23091,171.0
02229,75.0
02573,55.0
02657,218.0
16312,822.0
81200,444.0
49369,1283.0
71126,597.0
61044,437.0
33063,261804.0
37084,549.0
31292,74.0
67364,934.0
71293,410.0
82049,1035.0
79141,208.0
17407,4961.0
53201,7353.0
36060,704.0
91629,621.0
55110,223.0
24006,191.0
59218,1273.0
76681,28965.0
92033,17898.0
43136,216.0
24081,640.0
61171,111.0
24337,146.0
32378,504.0
54505,730.0
55460,139.0
77078,1378.0
02359,1259.0
62494,46.0
89065,46.0
18014,146.0
74169,5827.0
18228,217.0
55482,102.0
68009,862.0
24528,128.0
14061,8745.0
08207,227.0
24151,102.0
64332,168.0
25438,958.0
32264,223.0
32466,101.0
38132,74.0
34282,1342.0
62067,567.0
88508,521.0
72295,507.0
30179,3129.0
62428,528.0
64176,156.0
02267,301.0
52350,66.0
15091,88.0
42215,1259.0
67248,1745.0
88446,237.0
08315,72.0
10410,103.0
44208,956.0
88052,92.0
08480,3608.0
32406,349.0
25286,122.0
11227,42.0
72222,261.0
50535,911.0
33512,347.0
08025,1106.0
14110,127.0
40217,7195.0
62357,68.0
31466,803.0
89098,231.0
60554,473.0
68240,1244.0
35087,964.0
52316,69.0
86124,1181.0
85011,1755.0
76439,352.0
02601,182.0
21116,134.0
03288,398.0
33031,131.0
02112,556.0
60110,245.0
65449,84.0
09175,96.0
51182,88.0
07015,536.0
49326,848.0
63165,793.0
35157,626.0
62823,174.0
74173,2961.0
17362,303.0
58122,426.0
80094,478.0
17484,1761.0
14622,122.0
31171,285.0
28149,566.0
33480,1319.0
76599,3641.0
55439,100.0
58190,99.0
75111,142583.0
51218,130.0
62786,312.0
32307,2510.0
14484,252.0
49308,2201.0
07012,370.0
76062,262.0
62079,85.0
48098,97.0
35010,1771.0
12191,334.0
08364,126.0
85226,12682.0
80512,829.0
35265,2553.0
56254,1349.0
34072,27.0
04158,408.0
71561,230.0
80625,1495.0
50549,404.0
50372,176.0
42137,823.0
65189,272.0
14744,277.0
76572,125.0
76684,1218.0
12234,625.0
31448,482.0
16053,120.0
25103,662.0
77329,689.0
60549,227.0
36239,466.0
71554,111.0
69086,2287.0
59431,7606.0
36199,1116.0
32028,105.0
33293,3451.0
57661,170.0
57245,581.0
25001,246.0
11290,119.0
74209,1363.0
57177,2794.0
22205,422.0
84001,2802.0
82142,1721.0
80824,258.0
81252,157.0
43017,295.0
27248,194.0
46009,684.0
61242,216.0
57020,301.0
07039,257.0
10299,507.0
02581,317.0
76046,689.0
29299,327.0
52395,57.0
76505,96.0
88088,674.0
42049,670.0
33460,596.0
02221,156.0
24158,417.0
61170,202.0
12185,1645.0
17313,386.0
59617,637.0
55389,244.0
14243,1568.0
38207,158.0
70413,1863.0
68326,149.0
50533,178.0
10131,348.0
25572,102.0
79223,63.0
31525,598.0
25162,213.0
80420,174.0
06051,99.0
27310,412.0
27180,2140.0
74123,7581.0
75103,32793.0
28283,279.0
51529,437.0
87080,181.0
71147,251.0
57312,487.0
84096,785.0
2A018,155.0
49008,922.0
12038,164.0
62150,498.0
87082,1144.0
33413,2276.0
08415,324.0
31052,1620.0
10105,25.0
57268,124.0
07148,145.0
49241,2622.0
29278,1748.0
80582,1005.0
54082,172.0
25463,4030.0
70256,704.0
65112,154.0
29023,3236.0
65143,109.0
80034,605.0
38225,3075.0
57371,568.0
62725,133.0
34333,3416.0
37246,212.0
70118,190.0
44210,8106.0
09313,162.0
70178,526.0
70102,280.0
50417,1786.0
60108,293.0
89145,397.0
39373,159.0
03021,226.0
57224,3957.0
25039,941.0
32065,240.0
59517,748.0
46236,148.0
55572,90.0
02070,438.0
76095,8199.0
27544,200.0
42125,138.0
63151,1341.0
27419,736.0
16298,354.0
64366,116.0
67192,954.0
46136,273.0
21136,26.0
83086,9646.0
52250,2972.0
53077,3246.0
78672,5628.0
39066,180.0
40237,789.0
72005,938.0
30091,1645.0
90049,911.0
03251,407.0
33301,626.0
10055,255.0
60593,141.0
27368,349.0
65184,171.0
78397,6929.0
35356,2202.0
57674,173.0
62647,728.0
57614,700.0
59180,1454.0
35353,6337.0
05102,87.0
02595,138.0
63016,872.0
63424,601.0
62337,220.0
01421,744.0
35161,1887.0
14488,9331.0
21014,62.0
2A189,1241.0
64121,193.0
65288,58.0
86257,375.0
63420,789.0
05078,290.0
25243,826.0
27281,221.0
14300,51.0
46284,410.0
08296,111.0
50120,373.0
25326,528.0
83119,3578.0
34237,2260.0
08365,1330.0
57416,671.0
72006,1890.0
72350,3053.0
09235,857.0
41241,1341.0
10015,385.0
57488,562.0
54258,147.0
66134,1039.0
54558,282.0
48074,221.0
02820,1684.0
47115,249.0
82040,277.0
22024,227.0
36178,270.0
33326,218.0
50493,1496.0
41208,114.0
15261,814.0
50352,340.0
70045,422.0
10305,89.0
45294,143.0
77046,332.0
68222,1110.0
38133,5339.0
24128,164.0
2B121,379.0
72246,197.0
89245,847.0
24143,722.0
40044,988.0
07254,869.0
68215,914.0
28235,406.0
01057,510.0
14623,2515.0
02610,750.0
2B316,1004.0
19048,347.0
02320,229.0
52352,62.0
23044,84.0
28180,490.0
45284,21700.0
25009,163.0
22240,1130.0
61444,114.0
25574,179.0
57447,9971.0
55583,208.0
50276,599.0
46049,228.0
48105,371.0
41198,2821.0
17418,608.0
971106,6634.0
38503,2481.0
28255,163.0
2B059,116.0
27325,196.0
89209,511.0
14715,4622.0
59608,1118.0
48064,369.0
35308,4422.0
44021,5003.0
54134,241.0
08444,128.0
66095,461.0
88274,82.0
25282,791.0
42086,504.0
23239,627.0
76728,1192.0
54557,2350.0
66124,1780.0
25115,274.0
63304,112.0
89460,3464.0
91085,3828.0
09290,164.0
22280,1096.0
41108,122.0
70514,659.0
52538,261.0
32348,568.0
59169,206.0
65007,1360.0
43027,44.0
61055,583.0
42142,324.0
24154,346.0
76287,1063.0
51455,219.0
65433,3023.0
14396,1028.0
71105,7969.0
71234,352.0
21070,136.0
29170,4187.0
42325,384.0
15126,79.0
08395,146.0
36045,2304.0
89084,282.0
35122,1966.0
21239,771.0
89283,589.0
22267,396.0
18118,1308.0
32337,73.0
28027,1215.0
86174,5944.0
21401,321.0
36176,575.0
57286,304.0
67138,583.0
54176,1081.0
76008,623.0
10345,384.0
01159,3381.0
77402,338.0
68287,4186.0
12082,189.0
69027,12388.0
33254,542.0
56208,297.0
90058,569.0
39511,63.0
38387,496.0
57505,1172.0
89131,227.0
54430,4836.0
17228,3036.0
71035,203.0
74117,930.0
50198,489.0
06023,2206.0
14006,1061.0
25309,1178.0
26091,43.0
83066,1983.0
06025,1422.0
61413,135.0
91619,278.0
59570,890.0
65164,98.0
22085,286.0
77480,1040.0
86034,621.0
17353,2271.0
53111,463.0
50151,2091.0
40016,267.0
51398,189.0
58079,3593.0
33357,1777.0
60104,4156.0
77308,720.0
28029,323.0
37024,932.0
25054,541.0
81261,1195.0
56084,865.0
60025,1853.0
17171,778.0
2B013,25.0
59473,304.0
88187,51.0
22333,760.0
45036,847.0
10212,111.0
38017,1681.0
01107,140.0
40125,1375.0
42105,253.0
2B147,111.0
40133,7007.0
78455,7631.0
31326,109.0
21369,325.0
28276,204.0
59565,649.0
71411,151.0
95424,22603.0
17231,105.0
09042,985.0
76553,300.0
25184,285.0
86113,2981.0
28351,399.0
21028,787.0
05081,48.0
21323,148.0
08010,135.0
85139,448.0
39545,168.0
62308,489.0
14603,509.0
60019,413.0
34161,4005.0
29061,6347.0
72333,433.0
23110,58.0
82125,6650.0
92032,24772.0
86269,189.0
29079,1210.0
70146,164.0
29289,119.0
41267,939.0
50292,2746.0
31149,40159.0
50579,1447.0
24341,1071.0
24286,501.0
14104,191.0
50152,228.0
30224,635.0
77008,1205.0
57456,652.0
70417,292.0
64463,647.0
64530,355.0
38484,2108.0
56120,1954.0
70529,377.0
95120,2254.0
74030,321.0
67543,2073.0
03281,389.0
28234,491.0
69136,3200.0
88236,133.0
17096,74.0
47217,905.0
63460,370.0
76155,381.0
45120,170.0
45260,246.0
82031,1201.0
26312,1250.0
89032,68.0
28290,281.0
91477,34893.0
45099,494.0
14711,920.0
59397,614.0
77228,259.0
55018,37.0
12124,318.0
54421,310.0
26145,679.0
07157,1394.0
67552,344.0
29257,2067.0
79007,634.0
30026,1063.0
40103,640.0
14308,311.0
15114,511.0
15008,283.0
15106,166.0
67159,199.0
21395,91.0
14735,805.0
58068,200.0
91136,2597.0
94001,5946.0
44104,827.0
77004,311.0
17482,641.0
60221,727.0
61443,673.0
57110,426.0
50169,109.0
31056,7656.0
21010,134.0
2B166,630.0
63290,399.0
67306,643.0
27382,331.0
03059,376.0
22299,1531.0
01214,163.0
68088,1000.0
42026,1724.0
82176,931.0
63463,505.0
35229,1322.0
52529,987.0
80811,589.0
43005,153.0
06072,142.0
76605,464.0
62593,88.0
12140,969.0
63436,75.0
55107,47.0
45037,511.0
11017,74.0
28014,672.0
09250,86.0
2B082,37.0
57092,603.0
51288,236.0
92025,88870.0
76425,298.0
40317,3348.0
21485,2518.0
11242,173.0
52371,138.0
71537,136.0
34073,2535.0
01411,267.0
17126,307.0
25333,350.0
80449,65.0
42068,417.0
01241,1383.0
42148,503.0
09210,413.0
47180,641.0
38382,16995.0
67474,3147.0
88151,1087.0
49120,1427.0
01203,1299.0
77396,100.0
58010,645.0
37266,6568.0
29237,1838.0
78172,35926.0
35035,593.0
33419,80.0
89310,145.0
09206,549.0
26207,672.0
42182,3200.0
39254,133.0
32069,71.0
27517,2176.0
74171,1616.0
33247,150.0
76699,456.0
32169,146.0
69055,1506.0
57098,231.0
02126,453.0
37096,628.0
10020,499.0
21498,50.0
76025,348.0
61389,1017.0
60513,3259.0
62426,188.0
43123,410.0
85054,1022.0
70575,870.0
23147,95.0
14524,307.0
50551,2062.0
55512,279.0
01342,547.0
27434,57.0
47103,226.0
43133,145.0
89298,592.0
60652,902.0
69268,3374.0
62274,5997.0
16318,361.0
83007,2317.0
18076,444.0
88358,1959.0
2B037,7654.0
80516,189.0
54565,232.0
88431,154.0
70218,130.0
62366,304.0
86156,240.0
39297,1130.0
43025,2971.0
08156,482.0
81144,4589.0
12265,528.0
02071,641.0
62789,262.0
52475,56.0
07195,63.0
72101,677.0
971128,24281.0
30041,1228.0
43121,212.0
50556,702.0
77278,412.0
57635,374.0
51199,408.0
29142,464.0
64239,139.0
25018,605.0
16382,708.0
58159,191.0
49247,2456.0
76437,570.0
62071,408.0
77385,2289.0
82022,381.0
31059,113.0
81181,189.0
54155,395.0
89374,68.0
2B156,25.0
48072,222.0
68315,7027.0
35086,613.0
95651,877.0
19161,442.0
63126,1290.0
45280,1063.0
32046,192.0
78620,1157.0
71140,43.0
87166,895.0
72157,697.0
80161,208.0
66070,202.0
10417,204.0
39214,123.0
60112,354.0
37094,565.0
93032,40189.0
54579,328.0
02209,675.0
27107,1343.0
57115,97.0
19250,675.0
63440,138.0
62460,269.0
43098,110.0
60241,328.0
24328,1183.0
51254,232.0
07302,830.0
70334,1525.0
24410,497.0
80788,173.0
25432,2169.0
43111,873.0
24551,2865.0
60130,1054.0
89335,428.0
59459,5058.0
2A282,157.0
54574,557.0
13085,5861.0
79306,185.0
64383,139.0
25611,486.0
90084,330.0
51603,225.0
86078,2558.0
39050,156.0
54215,6511.0
52289,317.0
74045,249.0
32181,247.0
14059,411.0
60240,234.0
09019,558.0
52453,129.0
68072,1417.0
09005,126.0
54293,85.0
16364,66.0
85267,968.0
02736,164.0
07199,1296.0
21015,89.0
63435,199.0
81262,220.0
24030,679.0
62363,387.0
34093,149.0
63201,1154.0
43169,52.0
38536,1469.0
40334,380.0
41110,829.0
10194,92.0
57755,99.0
50435,595.0
71010,842.0
48157,100.0
24200,538.0
68352,2702.0
71037,82.0
88253,671.0
39492,221.0
14134,188.0
18286,452.0
50166,327.0
33255,245.0
07028,526.0
30101,650.0
64417,3224.0
07144,47.0
17161,3017.0
33008,500.0
61319,252.0
61266,81.0
19125,830.0
89384,681.0
25195,1549.0
84017,3086.0
51028,984.0
19193,171.0
76697,791.0
59539,984.0
33493,345.0
69161,481.0
31258,241.0
64466,271.0
64532,72.0
18001,348.0
07042,7352.0
85297,1036.0
65035,512.0
47062,414.0
54313,229.0
44133,3013.0
33125,2262.0
82183,229.0
49007,157175.0
37240,665.0
80361,72.0
08060,300.0
80669,341.0
85229,614.0
88245,300.0
09115,124.0
12150,475.0
53036,1069.0
51032,413.0
59466,2883.0
07242,112.0
39039,245.0
79009,434.0
35090,2814.0
13093,372.0
42280,412.0
02422,797.0
33052,1165.0
80626,289.0
07109,305.0
46030,333.0
26380,545.0
45226,1366.0
2A094,74.0
76041,1344.0
55416,215.0
31340,294.0
71383,545.0
52386,504.0
65215,43.0
31293,2915.0
27142,289.0
25597,241.0
33474,3578.0
46185,1636.0
63389,110.0
02306,514.0
60665,2808.0
86237,763.0
56041,2839.0
2B255,39.0
70152,475.0
73176,722.0
60682,719.0
76018,1476.0
29295,502.0
33322,7105.0
19182,764.0
38492,714.0
49228,5501.0
73170,525.0
62315,345.0
54453,156.0
86133,3408.0
30277,517.0
17023,373.0
28272,150.0
57006,976.0
53016,1215.0
14168,205.0
80124,715.0
67293,684.0
80340,201.0
64105,266.0
03058,241.0
16102,18448.0
35292,1588.0
54309,406.0
31071,453.0
07286,516.0
45183,128.0
71163,92.0
37049,1236.0
52429,574.0
50496,389.0
36009,1219.0
64549,1289.0
88424,2271.0
02376,179.0
54300,6551.0
80730,1076.0
69212,479.0
91411,1896.0
51236,136.0
25329,35.0
51627,325.0
56005,2269.0
12048,339.0
27606,476.0
87194,355.0
10132,249.0
15259,251.0
08208,132.0
76656,756.0
70229,258.0
28299,161.0
22096,447.0
89361,251.0
88017,172.0
63146,851.0
80232,228.0
78653,381.0
30296,161.0
07030,204.0
80548,349.0
2A212,463.0
36020,75.0
55262,258.0
45297,1025.0
2A284,369.0
01112,473.0
74134,1223.0
71425,276.0
31255,322.0
971103,30909.0
2A308,381.0
14107,155.0
2B339,28.0
60671,347.0
31070,439.0
81218,3540.0
45179,3098.0
65299,225.0
59429,2757.0
64100,3301.0
63131,1145.0
27249,1122.0
26235,13799.0
09331,704.0
31452,59.0
02600,330.0
40085,429.0
21550,119.0
14248,248.0
11052,338.0
27666,563.0
51451,83.0
76322,25975.0
95154,306.0
09217,153.0
57498,2621.0
24293,279.0
28140,5549.0
08030,58.0
57276,335.0
49334,336.0
52116,47.0
59045,163.0
62675,281.0
15026,181.0
46068,173.0
13059,3830.0
60635,1080.0
73097,682.0
38256,1839.0
54028,2652.0
87152,1659.0
40084,749.0
86016,2221.0
57613,332.0
55535,85.0
29211,652.0
21334,483.0
18175,608.0
14353,451.0
27140,401.0
64347,218.0
21004,265.0
18027,650.0
38542,326.0
2B113,58.0
53040,621.0
52476,79.0
57015,546.0
39378,765.0
26278,287.0
02211,327.0
58199,159.0
51434,746.0
62719,277.0
61502,82.0
72156,916.0
09320,26.0
69163,3549.0
44109,323204.0
15183,130.0
62403,1207.0
59630,2605.0
59410,21467.0
48193,219.0
72124,4808.0
59290,386.0
51644,320.0
88231,475.0
77319,140.0
12268,424.0
62679,329.0
03007,365.0
80593,256.0
42035,211.0
06031,1285.0
43175,165.0
02423,436.0
51551,196.0
81045,367.0
95682,196.0
58166,228.0
54219,82.0
63347,462.0
53097,8508.0
72241,2917.0
46196,92.0
62606,1419.0
57325,832.0
63413,716.0
30305,3648.0
33020,139.0
72375,523.0
28306,183.0
68124,374.0
47071,246.0
70486,110.0
63155,498.0
80224,124.0
69174,617.0
39172,261.0
66084,1316.0
21462,945.0
2B136,150.0
11089,410.0
73229,530.0
21624,142.0
28068,434.0
57396,771.0
24586,902.0
72071,5805.0
57239,435.0
15217,101.0
46169,213.0
53029,1263.0
08223,123.0
07329,417.0
68174,1642.0
17089,1003.0
57136,580.0
80043,261.0
02446,118.0
65247,100.0
46013,196.0
37046,420.0
38405,1245.0
80335,238.0
88436,72.0
54576,122.0
02383,1433.0
52094,181.0
29173,2427.0
59348,1461.0
70169,222.0
38190,1149.0
24032,368.0
60677,250.0
59070,378.0
35064,1065.0
34122,558.0
27633,495.0
93045,23469.0
61324,1162.0
45324,2422.0
16401,147.0
32126,162.0
65055,345.0
27522,433.0
62365,203.0
89087,298.0
57696,970.0
53225,519.0
08219,122.0
41286,147.0
22150,961.0
02223,302.0
74164,6401.0
76670,881.0
88071,49.0
10424,64.0
07226,92.0
01206,270.0
76275,1743.0
61476,276.0
60412,680.0
39423,102.0
62402,312.0
30136,1178.0
76562,835.0
58204,532.0
86042,913.0
44218,683.0
24068,1945.0
76314,612.0
84052,1214.0
78236,576.0
08081,5006.0
27660,236.0
64109,1961.0
17225,2179.0
77055,4992.0
71272,206.0
76307,1363.0
81010,470.0
29123,789.0
72239,598.0
61077,862.0
33089,513.0
02088,84.0
30220,265.0
03110,974.0
64424,549.0
32062,170.0
34202,8221.0
17099,674.0
21633,191.0
16048,127.0
39171,1136.0
50177,384.0
27701,12647.0
95598,18008.0
24176,35.0
68283,780.0
50149,1207.0
2B303,764.0
21324,51.0
14179,166.0
62699,668.0
55253,700.0
90096,276.0
46032,404.0
64086,1130.0
60489,1203.0
59366,778.0
57141,89.0
48155,470.0
71085,221.0
67265,539.0
09315,113.0
2B304,140.0
70257,746.0
59177,859.0
44188,9388.0
70269,33.0
60507,450.0
57417,70.0
25590,79.0
66206,98.0
54124,47.0
03016,141.0
18167,294.0
65169,94.0
65448,83.0
60155,3989.0
16105,613.0
13057,513.0
88160,32285.0
22350,192.0
85005,1043.0
25405,925.0
32302,213.0
31427,927.0
16037,137.0
65297,40.0
24504,286.0
14658,4285.0
32342,49.0
57173,101.0
77408,458.0
2A056,104.0
41205,175.0
24415,222.0
55069,224.0
62646,566.0
77447,1824.0
44094,3312.0
34084,1663.0
64059,1093.0
81179,276.0
80296,1156.0
24373,347.0
03252,695.0
45185,301.0
48081,352.0
73290,2067.0
80163,763.0
31230,4699.0
62299,244.0
45089,8808.0
63083,939.0
09129,114.0
02759,362.0
30350,3706.0
65024,102.0
03256,213.0
95277,25963.0
63163,936.0
43089,3547.0
51445,195.0
95543,237.0
33093,787.0
45348,680.0
71352,84.0
71060,229.0
47254,307.0
79140,810.0
71084,529.0
30221,5526.0
07107,1259.0
14097,300.0
21363,318.0
38064,3244.0
64189,6033.0
78640,22713.0
59405,489.0
64171,269.0
72172,1447.0
27694,316.0
86262,575.0
15086,58.0
43107,81.0
76632,366.0
04102,195.0
42273,385.0
71484,1240.0
06156,185.0
06114,5782.0
08373,276.0
25470,158.0
75112,140954.0
46088,829.0
32230,44.0
59172,20640.0
81192,871.0
61095,532.0
62524,1506.0
80432,193.0
01382,331.0
70476,72.0
02384,58.0
14303,924.0
59175,303.0
24537,254.0
79050,594.0
76159,2947.0
17471,205.0
17442,377.0
77370,778.0
32055,126.0
77154,1249.0
76648,2317.0
38228,469.0
56144,3415.0
62471,1087.0
86014,1735.0
91526,108.0
19203,1788.0
74108,1044.0
10136,114.0
68087,468.0
19167,41.0
50079,401.0
02748,942.0
48036,125.0
74208,11068.0
71160,305.0
01095,832.0
74265,732.0
54388,73.0
50588,690.0
91099,2950.0
78220,6775.0
77335,3655.0
24085,153.0
74199,411.0
33503,548.0
86153,871.0
80112,243.0
80251,364.0
83064,5322.0
26375,16.0
33439,1628.0
11002,176.0
71113,91.0
29166,518.0
71514,428.0
85012,2298.0
50479,109.0
87135,964.0
01225,393.0
47081,716.0
67093,347.0
50077,1014.0
54245,64.0
41003,587.0
65234,100.0
78104,763.0
16180,250.0
50422,200.0
77082,810.0
67268,2670.0
68341,1040.0
42012,685.0
78486,6543.0
03071,256.0
05127,172.0
13095,1247.0
69001,395.0
52114,1543.0
19131,538.0
69035,376.0
08349,551.0
26154,227.0
08325,25.0
17217,291.0
43062,823.0
80032,124.0
54440,117.0
66185,357.0
32428,58.0
33316,900.0
55428,128.0
61463,1735.0
64212,149.0
03095,12909.0
60623,946.0
01060,518.0
40102,1279.0
01156,877.0
34233,212.0
24445,141.0
82180,516.0
35281,13656.0
09192,122.0
09032,1283.0
72279,161.0
62078,1225.0
11343,112.0
25613,92.0
53080,124.0
76510,232.0
54199,387.0
53103,2126.0
50237,1262.0
87150,820.0
79312,114.0
30347,1342.0
25209,120.0
06163,2021.0
21097,36.0
27455,166.0
89287,4824.0
15201,221.0
40263,409.0
64160,6669.0
22016,402.0
71523,1177.0
11056,173.0
21064,101.0
81171,1544.0
21344,227.0
88027,139.0
83118,35950.0
44223,3697.0
06124,52.0
02747,82.0
13081,12175.0
59629,1311.0
88491,121.0
62608,169.0
88525,131.0
11265,38.0
33412,1315.0
06081,99.0
51118,1586.0
65343,237.0
57351,1338.0
91425,8670.0
86270,159.0
68202,192.0
21291,371.0
17219,6175.0
18229,617.0
62108,13298.0
76514,1032.0
45315,5161.0
67214,1017.0
79244,378.0
47010,220.0
24210,818.0
30168,626.0
42192,426.0
30104,755.0
33487,997.0
28220,6682.0
63417,2491.0
80418,85.0
14378,277.0
10232,325.0
21474,413.0
21296,171.0
62350,1115.0
61445,659.0
22371,1150.0
15211,288.0
80174,74.0
30263,3747.0
04181,47.0
11396,603.0
51523,268.0
21471,14.0
24271,495.0
27624,868.0
44141,1282.0
04025,389.0
44117,3335.0
08240,165.0
55489,277.0
59344,2491.0
62122,359.0
69125,942.0
72300,2699.0
38080,758.0
52353,3548.0
30053,738.0
22228,1467.0
58218,1830.0
40231,1217.0
62141,901.0
22216,754.0
51214,137.0
30105,137.0
49131,714.0
61479,157.0
51062,91.0
76152,742.0
60613,344.0
05052,795.0
17142,5961.0
83071,11442.0
71564,747.0
09223,565.0
64400,1115.0
67542,523.0
81051,1189.0
57054,180.0
23165,574.0
40144,242.0
01038,764.0
78090,2213.0
23249,221.0
66107,785.0
79274,311.0
17111,838.0
34043,368.0
44073,6472.0
06118,3924.0
15054,968.0
17260,439.0
78569,913.0
79059,733.0
77241,2020.0
86290,1524.0
85070,3383.0
25626,224.0
25090,72.0
33053,233.0
45203,6567.0
2A031,511.0
45121,470.0
60063,808.0
11169,92.0
54497,87.0
10228,205.0
25318,1859.0
56012,1947.0
50647,1165.0
84087,28949.0
35063,456.0
10279,46.0
15113,177.0
46130,231.0
80301,285.0
07173,50.0
34142,7289.0
07048,339.0
38425,6555.0
59639,1101.0
77294,20627.0
31267,57.0
51122,117.0
28396,313.0
79101,2345.0
57310,190.0
02289,411.0
48058,140.0
75119,181616.0
91457,4312.0
31543,118.0
25546,61.0
17405,202.0
74295,306.0
68329,1333.0
68376,15262.0
67018,673.0
81291,522.0
52131,83.0
47102,732.0
02069,105.0
57109,834.0
12266,546.0
53253,516.0
51066,321.0
33409,86.0
88350,74.0
52145,119.0
33391,332.0
16113,7753.0
67475,238.0
17194,3414.0
12067,79.0
57534,1821.0
31119,217.0
64408,64.0
76034,2526.0
65304,2245.0
47001,32485.0
07165,547.0
03046,1004.0
02715,42.0
28237,207.0
22179,1608.0
21223,1529.0
50400,3237.0
64558,2893.0
67540,854.0
35204,3554.0
65103,115.0
65074,109.0
62322,111.0
27050,630.0
46263,702.0
10440,142.0
91549,35846.0
40209,5855.0
67535,1049.0
61162,156.0
91064,4748.0
16350,803.0
25556,47.0
08230,395.0
85125,392.0
2B097,50.0
12231,690.0
32111,48.0
65090,76.0
15156,686.0
89278,546.0
35319,2152.0
02079,142.0
62200,1228.0
16166,5662.0
63196,738.0
58183,91.0
95110,223.0
32125,129.0
37272,1136.0
59424,1305.0
17175,641.0
10272,174.0
57018,121.0
84112,703.0
17255,795.0
28268,15.0
18197,9459.0
27313,608.0
79128,953.0
23073,412.0
24148,305.0
89022,132.0
09071,216.0
14211,373.0
88180,126.0
33035,732.0
32091,353.0
03176,540.0
50058,1606.0
55049,424.0
40121,276.0
33352,4396.0
47245,88.0
31502,367.0
32120,438.0
16316,384.0
86200,555.0
27446,470.0
36076,256.0
12095,232.0
72039,3735.0
45029,1767.0
29243,465.0
89433,265.0
68145,6301.0
93013,14832.0
26141,214.0
27475,163.0
33477,770.0
17202,572.0
08140,1057.0
25534,192.0
40240,500.0
43256,342.0
55134,151.0
63359,86.0
52470,368.0
57197,508.0
01393,567.0
59295,21498.0
67416,468.0
66220,35.0
70506,388.0
71434,340.0
60454,946.0
02056,176.0
41030,225.0
23215,147.0
80688,3111.0
68205,2016.0
37053,115.0
02380,27.0
17413,1393.0
95176,26741.0
25517,267.0
54109,932.0
54119,90.0
63003,6616.0
34288,973.0
24190,269.0
79133,1193.0
18154,170.0
27284,11919.0
2B317,57.0
57251,348.0
71450,101.0
36174,358.0
50129,77808.0
34098,150.0
35055,10232.0
32073,211.0
2B102,80.0
27177,546.0
77352,1970.0
90104,1003.0
19134,712.0
33212,127.0
972213,39641.0
60086,2127.0
57379,271.0
66216,76.0
57477,1587.0
02822,403.0
49023,23639.0
07099,603.0
01386,1125.0
42276,422.0
51337,268.0
33505,1586.0
64162,103.0
52051,81.0
77129,572.0
87095,727.0
80657,315.0
88170,725.0
51605,504.0
76218,107.0
89299,61.0
09234,123.0
30017,213.0
08417,277.0
30355,1038.0
41273,461.0
01277,115.0
18090,411.0
2B030,146.0
15219,316.0
40250,698.0
01250,1994.0
29181,3046.0
16034,146.0
31462,2008.0
40149,375.0
52009,105.0
21417,105.0
50553,333.0
72112,483.0
41049,931.0
02667,197.0
972223,10270.0
62667,8897.0
57108,312.0
72002,199.0
64362,414.0
11110,115.0
16131,503.0
43057,49.0
80050,471.0
42242,1972.0
33328,598.0
57564,559.0
26035,476.0
45243,314.0
31297,2206.0
01299,579.0
77143,5354.0
40011,335.0
48121,229.0
67538,1574.0
14654,7288.0
62895,8742.0
26358,1524.0
55525,75.0
86183,1615.0
17108,407.0
24263,304.0
42228,1462.0
55002,99.0
63431,161.0
80108,68.0
57004,79.0
74006,2176.0
63300,18736.0
73248,7536.0
67504,1369.0
08145,2166.0
26136,50.0
53003,2623.0
2B083,149.0
24510,376.0
52363,98.0
45164,660.0
38138,3490.0
31335,28.0
40211,764.0
09289,1427.0
07134,1034.0
15140,2137.0
92007,43699.0
32439,162.0
2B169,963.0
13207,34633.0
32205,104.0
68267,1951.0
70367,189.0
77257,3519.0
60337,793.0
32147,3055.0
12022,116.0
11100,33.0
80186,1986.0
77184,602.0
66198,486.0
62541,121.0
59425,302.0
05072,243.0
27408,590.0
82089,1198.0
32267,109.0
04024,124.0
28218,15602.0
21321,75.0
43229,609.0
64272,147.0
07264,2368.0
16405,161.0
38467,1459.0
58309,410.0
07137,42.0
51548,349.0
69120,595.0
56074,1856.0
39176,524.0
53236,171.0
79137,905.0
49160,2680.0
69135,1914.0
64134,367.0
82195,810.0
43203,492.0
37089,661.0
10084,1025.0
38078,552.0
05057,263.0
42018,463.0
15050,163.0
81213,91.0
57365,466.0
74096,4723.0
80706,1827.0
87146,1145.0
28053,243.0
03050,174.0
39173,1293.0
51293,490.0
18163,267.0
17157,165.0
33483,4879.0
38179,7161.0
66072,467.0
59108,713.0
60631,1081.0
76346,313.0
63007,159.0
55047,160.0
54409,191.0
59654,7354.0
26246,138.0
43084,1663.0
14130,185.0
07225,1236.0
25092,70.0
60234,2578.0
77030,774.0
67236,542.0
57433,11792.0
2A253,56.0
56069,2282.0
21712,227.0
21253,127.0
28231,161.0
72292,227.0
70580,154.0
31146,14.0
30151,517.0
28078,183.0
54592,264.0
59330,2447.0
51240,117.0
47096,200.0
80519,492.0
02411,199.0
11230,33.0
26115,679.0
09267,137.0
01267,990.0
42032,1706.0
43108,436.0
88371,1214.0
54073,927.0
78034,991.0
57179,1836.0
12251,315.0
71194,810.0
09155,48.0
51171,1509.0
86055,352.0
35089,446.0
51616,232.0
50045,611.0
33527,9004.0
11123,148.0
25563,117.0
48032,221.0
21467,124.0
33202,1488.0
71217,124.0
65435,286.0
06026,1393.0
26277,181.0
74147,1048.0
77489,234.0
05075,475.0
74051,725.0
03014,136.0
67080,1783.0
29041,1882.0
21502,611.0
45028,7598.0
31288,314.0
71440,372.0
59658,544.0
76213,396.0
91069,383.0
74161,1957.0
70407,283.0
30216,837.0
36093,2842.0
84043,8793.0
21650,145.0
22236,730.0
2B281,1162.0
07041,2294.0
79162,2687.0
12080,363.0
57075,293.0
40164,341.0
45206,319.0
85059,2596.0
70148,94.0
62046,734.0
60646,1355.0
29060,2772.0
60256,1328.0
70096,631.0
55075,170.0
65282,323.0
62658,116.0
25588,120.0
34096,554.0
24196,498.0
23029,226.0
27507,3978.0
02295,848.0
69045,1265.0
62412,1219.0
62731,282.0
87137,140.0
02377,132.0
37208,15000.0
58303,9180.0
02036,70.0
41060,700.0
39229,206.0
41269,15747.0
79301,610.0
54522,129.0
88256,264.0
06107,65.0
33178,371.0
63277,58.0
88381,193.0
31240,638.0
68211,381.0
62011,648.0
25203,178.0
17097,817.0
21481,2249.0
90047,597.0
10142,1830.0
95257,4621.0
60452,478.0
86180,2926.0
55267,279.0
29182,1060.0
21645,604.0
74099,806.0
43264,283.0
61271,82.0
61213,267.0
70504,354.0
61347,177.0
45157,417.0
21608,101.0
24498,821.0
88232,216.0
08489,213.0
22027,411.0
69122,2051.0
67510,606.0
37256,288.0
15085,483.0
80066,273.0
57570,416.0
03078,228.0
18047,611.0
57190,419.0
55313,69.0
2A108,219.0
88353,104.0
60364,699.0
02440,137.0
79126,430.0
95388,6093.0
51373,88.0
71258,492.0
01433,301.0
04191,10.0
38489,133.0
50474,542.0
05079,1013.0
51210,1489.0
72031,530.0
57548,587.0
14677,251.0
77400,1820.0
67365,13310.0
77406,1012.0
59119,590.0
50609,124.0
62806,150.0
28085,38447.0
59599,99011.0
39335,568.0
09342,239.0
47236,102.0
86072,445.0
23047,244.0
85065,3568.0
64199,141.0
14215,2278.0
55171,261.0
62120,464.0
84066,288.0
74221,553.0
63386,501.0
41250,471.0
12062,347.0
38114,1519.0
87156,2701.0
18199,252.0
67438,804.0
03265,656.0
59101,376.0
24088,341.0
95582,26768.0
13114,5484.0
79157,1294.0
25539,5784.0
54271,117.0
58260,1225.0
39245,362.0
60487,322.0
2B095,126.0
43120,1307.0
62591,209.0
67559,246.0
72278,754.0
85245,170.0
21112,406.0
46108,406.0
30290,1858.0
33458,1021.0
54353,895.0
01335,418.0
47127,809.0
14136,93.0
03166,313.0
38004,1298.0
58004,371.0
2A099,279.0
49306,1681.0
2B275,74.0
35359,854.0
54107,72.0
21165,67.0
23254,251.0
88208,114.0
26045,1698.0
60297,189.0
80060,112.0
14504,811.0
54382,9202.0
80330,237.0
83070,6216.0
89319,485.0
57438,351.0
57743,237.0
67055,1384.0
42041,639.0
59254,893.0
65041,120.0
55458,384.0
57116,96.0
07064,2825.0
71380,790.0
33013,8645.0
70216,446.0
48198,594.0
54218,51.0
40308,891.0
55183,37.0
81103,128.0
39463,237.0
69267,2127.0
59337,692.0
50130,440.0
62618,1314.0
77448,572.0
51042,386.0
39076,219.0
82120,291.0
36032,690.0
54137,519.0
08433,58.0
67451,1393.0
27373,102.0
74178,759.0
32118,137.0
22189,563.0
77404,1793.0
65135,79.0
57725,337.0
57611,194.0
46289,162.0
33297,1908.0
60013,1354.0
48055,193.0
50002,4255.0
08164,341.0
25173,148.0
62756,1693.0
62253,74.0
59292,3250.0
14355,1209.0
39348,411.0
27385,1456.0
11144,1122.0
50590,413.0
52290,125.0
24009,265.0
62454,2417.0
65225,109.0
09128,320.0
46237,363.0
59328,27121.0
87167,566.0
70566,196.0
70581,707.0
45337,281.0
85095,2049.0
21585,1009.0
59078,611.0
28059,1805.0
62061,291.0
41292,200.0
25271,1767.0
17343,144.0
31395,25060.0
38279,1106.0
65003,153.0
30209,3908.0
10096,458.0
71493,346.0
11060,51.0
95331,190.0
21006,171.0
73106,309.0
30197,287.0
83079,1479.0
78168,4377.0
38480,2143.0
57762,703.0
41209,775.0
31088,2885.0
46335,396.0
79149,137.0
16308,1040.0
67359,1343.0
31248,6415.0
36091,657.0
02299,529.0
72314,370.0
63421,156.0
65233,308.0
52468,105.0
89471,475.0
32020,276.0
59661,131.0
34214,1190.0
87114,11064.0
42282,237.0
28390,310.0
04222,344.0
21583,58.0
05097,331.0
27010,174.0
21614,396.0
72382,964.0
38031,20.0
80485,1159.0
76747,344.0
31147,671.0
68183,175.0
65049,241.0
18110,962.0
32038,210.0
01359,257.0
48132,1377.0
50426,377.0
70368,134.0
28223,1573.0
48083,151.0
80373,2443.0
41081,222.0
30165,1218.0
65209,75.0
69173,987.0
11430,1391.0
62220,441.0
67052,2412.0
63473,397.0
86187,466.0
87089,1697.0
25072,20.0
40253,651.0
10026,37.0
72327,279.0
03156,1651.0
80144,485.0
25371,219.0
80320,157.0
68043,4109.0
40189,79.0
17141,479.0
89004,237.0
69118,2698.0
07258,222.0
66141,10733.0
31196,239.0
01140,784.0
58121,3685.0
40057,244.0
79239,1677.0
18234,435.0
60689,1409.0
31586,567.0
31013,363.0
55586,113.0
62442,530.0
27220,348.0
14555,451.0
19207,1140.0
62202,685.0
62571,3367.0
27512,333.0
04184,135.0
46029,1973.0
65053,42.0
59267,289.0
65298,85.0
83143,4270.0
12023,103.0
19068,701.0
60251,288.0
91521,29825.0
76235,1978.0
83041,719.0
72302,167.0
77177,1239.0
61117,2490.0
62513,188.0
14078,361.0
38182,3089.0
18081,395.0
46210,71.0
2B194,26.0
34260,843.0
54063,173.0
24160,578.0
47300,1174.0
62362,240.0
55038,39.0
60128,223.0
17256,328.0
58209,145.0
02281,249.0
40145,589.0
35343,1236.0
39232,466.0
60484,293.0
63448,786.0
33307,1662.0
47302,656.0
89392,244.0
08085,225.0
41245,381.0
39269,248.0
07073,522.0
47035,303.0
05126,480.0
17131,2161.0
95456,615.0
59572,1776.0
89061,247.0
57089,4958.0
58145,1264.0
09301,382.0
49171,120.0
19095,135.0
08472,297.0
35215,1315.0
31430,614.0
30170,908.0
76758,11385.0
80149,531.0
54599,107.0
90056,1427.0
27227,665.0
51184,385.0
06137,1176.0
61048,124.0
24199,365.0
80223,141.0
67501,572.0
63344,147.0
16300,1329.0
52282,335.0
50401,752.0
80028,153.0
74035,579.0
27102,1027.0
02735,16.0
47195,6881.0
88503,147.0
76587,715.0
31264,561.0
09202,327.0
36216,62.0
95213,608.0
40008,101.0
77088,2301.0
38060,144.0
63186,223.0
69204,20929.0
73211,861.0
77474,684.0
21460,61.0
14276,348.0
72345,339.0
86254,996.0
12012,764.0
42301,708.0
28271,129.0
71551,88.0
60222,535.0
31332,223.0
24192,95.0
29134,784.0
83105,51.0
46162,209.0
14605,256.0
89044,101.0
26072,1325.0
23002,1032.0
30191,1194.0
51537,177.0
32341,246.0
76009,351.0
17094,6227.0
28041,280.0
24157,828.0
25132,140.0
06076,50.0
85041,297.0
65405,77.0
55050,0.0
76300,430.0
26344,398.0
73003,3809.0
57104,1154.0
57444,364.0
974413,34893.0
25621,219.0
89112,158.0
15247,22.0
80343,163.0
47020,187.0
80570,4000.0
11126,481.0
25427,397.0
03244,125.0
02399,611.0
30241,2004.0
33138,8669.0
24385,224.0
10298,1156.0
69052,4164.0
78444,856.0
71310,4979.0
16246,251.0
58088,3693.0
24454,645.0
55064,113.0
29227,1462.0
88297,168.0
27665,754.0
26232,575.0
14519,119.0
46094,275.0
16307,320.0
55299,119.0
01184,758.0
77526,275.0
80494,200.0
21593,79.0
15229,83.0
72339,657.0
2B313,2033.0
86004,353.0
36248,228.0
30173,1765.0
10003,3437.0
39444,56.0
03274,317.0
60009,1708.0
22056,1794.0
26082,103.0
29285,521.0
27336,458.0
77206,187.0
65004,400.0
22175,1541.0
16079,364.0
88450,183.0
54399,252.0
21547,218.0
58270,361.0
30345,350.0
78545,20971.0
52490,685.0
57123,3373.0
25178,122.0
54262,202.0
67418,1976.0
11147,5.0
51036,490.0
16146,2118.0
59223,503.0
31244,375.0
971133,1787.0
57056,188.0
31566,512.0
53074,844.0
10425,270.0
70193,233.0
67299,887.0
51598,494.0
31480,2449.0
79139,55.0
41199,1209.0
17038,690.0
62765,14661.0
88496,156.0
14036,191.0
59028,7188.0
51111,148.0
41290,228.0
64315,1061.0
61310,413.0
50597,953.0
23228,203.0
84018,536.0
71214,419.0
14467,319.0
57485,118.0
02142,249.0
37271,1032.0
53221,395.0
02331,108.0
19289,687.0
60459,205.0
74130,543.0
48019,200.0
07201,2284.0
33513,120.0
81170,1376.0
62117,915.0
33534,824.0
18029,296.0
88068,883.0
71437,323.0
42145,1100.0
32287,80.0
21648,176.0
63278,731.0
70542,207.0
39155,74.0
47163,610.0
62100,2050.0
51413,888.0
87126,3681.0
54243,221.0
54033,135.0
08384,137.0
51233,67.0
16408,713.0
24004,292.0
29111,1305.0
16075,238.0
18237,475.0
55159,358.0
90003,584.0
52399,98.0
42209,388.0
51466,214.0
24220,689.0
10237,588.0
80638,110.0
34009,1757.0
30084,604.0
61093,1253.0
25439,253.0
60185,1108.0
02254,127.0
29045,2203.0
17214,521.0
67220,359.0
72072,254.0
89452,356.0
80511,112.0
21689,168.0
22036,211.0
17177,118.0
25375,668.0
45272,3392.0
29046,14163.0
44209,10230.0
46148,1858.0
40277,709.0
25204,3272.0
14707,1127.0
39473,89.0
95151,297.0
47230,386.0
52505,33.0
71557,703.0
66060,244.0
85110,922.0
33264,1040.0
66147,104.0
25253,380.0
16281,4002.0
62302,234.0
65329,209.0
30196,467.0
38116,37.0
26055,160.0
10320,230.0
25618,344.0
74269,2342.0
62396,14.0
72078,353.0
80355,102.0
65475,59.0
60497,212.0
52422,255.0
73041,302.0
65334,226.0
05106,306.0
07014,342.0
04179,107.0
24526,715.0
76498,21782.0
44044,1077.0
18290,587.0
57132,2297.0
62376,2507.0
82098,1276.0
21522,470.0
59493,227.0
21060,1589.0
54259,222.0
60213,947.0
2B025,81.0
63337,64.0
67167,1224.0
78621,33717.0
34208,355.0
02468,2221.0
14332,662.0
64209,431.0
89477,108.0
76024,155.0
52415,123.0
39548,77.0
27315,272.0
14755,591.0
60120,1211.0
26086,650.0
91121,493.0
67063,663.0
34164,1033.0
45198,306.0
29190,4410.0
09147,177.0
37052,1127.0
23032,687.0
88044,605.0
21090,61.0
11378,193.0
64440,383.0
17425,2479.0
80627,846.0
26222,38.0
02268,625.0
42027,415.0
02230,180.0
58181,135.0
32393,136.0
37178,613.0
10216,2021.0
54504,666.0
61105,176.0
62015,252.0
68100,338.0
60617,274.0
59346,3019.0
42289,1949.0
62424,307.0
07273,214.0
71339,377.0
77109,1654.0
21326,81.0
23106,367.0
36231,974.0
17338,1838.0
57236,88.0
36212,161.0
88512,241.0
34310,3062.0
54079,4645.0
48169,209.0
73273,491.0
67441,338.0
09041,202.0
63272,2801.0
88378,100.0
88015,200.0
41014,157.0
55260,56.0
03062,342.0
11233,749.0
88136,1503.0
83112,12103.0
65037,86.0
13027,16669.0
16384,560.0
60175,36106.0
09297,27.0
34337,10405.0
14147,138.0
68259,492.0
61202,462.0
60655,363.0
09003,379.0
47077,849.0
25514,320.0
89190,177.0
82008,910.0
24336,491.0
50064,180.0
18136,305.0
47064,242.0
34319,145.0
23212,126.0
21302,118.0
81032,1112.0
57739,515.0
06005,178.0
81288,2963.0
10382,1024.0
84046,463.0
07036,455.0
30019,2958.0
54332,1512.0
16082,661.0
54113,1561.0
50370,609.0
86054,352.0
80139,44.0
23089,727.0
77061,2659.0
72386,4192.0
44086,1055.0
41148,1294.0
08062,126.0
24434,147.0
76205,240.0
40091,664.0
77270,958.0
62416,217.0
24458,268.0
66159,69.0
17263,583.0
57314,495.0
24097,347.0
81243,130.0
24474,154.0
77071,831.0
22289,213.0
72098,510.0
33441,1166.0
59470,2060.0
64318,189.0
51265,598.0
63446,530.0
67548,872.0
91463,1031.0
54336,903.0
51609,842.0
61020,216.0
73146,788.0
73079,942.0
71407,214.0
34151,6587.0
89385,75.0
51622,404.0
31143,270.0
2B045,66.0
34332,5882.0
2A032,4251.0
57342,92.0
42050,138.0
49180,6671.0
52194,2029.0
42124,302.0
61402,305.0
29141,340.0
09226,37.0
35104,1417.0
69096,9851.0
77218,107.0
33462,501.0
49135,2202.0
01047,1292.0
79354,355.0
11383,329.0
26093,523.0
39031,200.0
57466,670.0
16097,2285.0
19227,1319.0
79357,237.0
67217,383.0
54560,53.0
76305,8961.0
68179,906.0
36054,232.0
04035,287.0
51557,461.0
80300,160.0
45108,2274.0
46089,942.0
25052,70.0
78208,26082.0
54180,69.0
59301,4463.0
31578,1003.0
2B126,72.0
26370,137.0
80233,153.0
62326,248.0
47129,276.0
70554,185.0
92046,30292.0
55563,74.0
24101,283.0
74249,2560.0
62610,649.0
39539,304.0
79278,247.0
17199,155.0
34334,269.0
73193,99.0
23129,60.0
64518,1148.0
52158,282.0
21594,194.0
88222,234.0
64416,1050.0
82159,563.0
59531,339.0
08048,397.0
19200,88.0
58268,189.0
14289,578.0
16216,822.0
21237,94.0
60172,3950.0
51343,620.0
16256,247.0
61307,232.0
62006,310.0
60365,425.0
51657,246.0
33262,4527.0
59663,5705.0
57012,6087.0
55104,79.0
60299,539.0
52014,191.0
62832,577.0
63349,1959.0
26025,213.0
27266,308.0
45228,1182.0
17222,3194.0
88135,864.0
72076,256.0
80325,54.0
08284,867.0
76577,625.0
78317,777.0
70302,75.0
62068,326.0
59585,3635.0
07146,593.0
59135,2227.0
51506,5434.0
59400,9652.0
65139,53.0
80159,275.0
65463,84.0
39295,153.0
18153,293.0
67394,275.0
58212,328.0
35181,1489.0
65340,1944.0
76637,830.0
85239,1161.0
42256,5060.0
11033,1342.0
72238,73.0
27397,1738.0
54308,147.0
07217,850.0
55010,2599.0
62887,247.0
80444,674.0
32159,556.0
36144,292.0
16217,1086.0
71373,1731.0
51003,283.0
16406,793.0
80155,302.0
26271,3478.0
55405,250.0
09232,38.0
71240,395.0
55581,105.0
40096,100.0
76464,2377.0
76578,264.0
63067,164.0
50633,117.0
60539,1548.0
70190,184.0
89270,130.0
10201,64.0
53148,233.0
54118,607.0
70477,773.0
45126,2843.0
61188,90.0
17184,584.0
21557,109.0
79241,575.0
11107,79.0
32029,653.0
81054,971.0
33280,553.0
01136,943.0
62149,250.0
60233,1355.0
81164,524.0
55132,1667.0
01371,1261.0
77011,483.0
33398,170.0
64186,221.0
62503,296.0
39056,1527.0
92004,89662.0
31232,8961.0
64379,153.0
21635,101.0
66093,2219.0
10189,56.0
38466,1508.0
81247,213.0
32366,72.0
07077,265.0
71250,1115.0
64551,298.0
11035,249.0
58272,111.0
50060,437.0
08473,302.0
95426,2894.0
18282,569.0
68348,2855.0
83133,1697.0
54585,497.0
10012,295.0
84065,3896.0
83051,1127.0
71589,418.0
68277,1032.0
51545,478.0
08317,107.0
62871,260.0
34212,181.0
05152,121.0
67062,335.0
17241,1567.0
59243,1213.0
08389,318.0
39487,1820.0
74121,1279.0
33172,271.0
16326,132.0
50150,224.0
89242,788.0
72087,466.0
80017,424.0
77198,236.0
04233,267.0
32390,234.0
74142,967.0
91109,1250.0
60515,371.0
55292,189.0
62049,540.0
38298,6508.0
76241,139.0
30232,441.0
65080,538.0
24025,240.0
72011,900.0
09093,147.0
25193,1829.0
54277,370.0
04167,282.0
57454,1206.0
41180,1515.0
68042,4947.0
63257,859.0
14272,103.0
02497,1149.0
42335,447.0
04018,1065.0
38418,235.0
03266,277.0
51573,10552.0
41254,178.0
63329,125.0
66065,9428.0
58057,1106.0
82146,57.0
36002,114.0
60564,285.0
72114,258.0
32291,112.0
45045,308.0
51522,409.0
80031,769.0
17016,771.0
80271,1116.0
68256,10237.0
95462,324.0
62663,309.0
89239,1578.0
60098,164.0
81202,985.0
03013,4060.0
57191,683.0
55523,190.0
49267,9460.0
15043,77.0
56112,775.0
50648,1186.0
19243,846.0
59625,389.0
54241,72.0
2A181,630.0
57121,225.0
67389,4376.0
47286,93.0
30087,214.0
10247,116.0
38563,20891.0
33494,1227.0
76743,1734.0
59250,2190.0
08182,59.0
67495,4389.0
55493,181.0
27689,343.0
25263,263.0
47249,487.0
57252,467.0
60123,484.0
87053,243.0
81236,285.0
06080,105.0
62473,8649.0
79084,451.0
27437,342.0
2B034,707.0
63378,976.0
30332,110.0
41096,327.0
67551,4165.0
57645,1022.0
57675,118.0
58237,29.0
67131,5746.0
76028,182.0
55158,738.0
33193,1542.0
25120,390.0
73085,1445.0
19236,477.0
67049,1356.0
63426,715.0
84093,864.0
33384,396.0
09110,95.0
73122,428.0
59142,688.0
34053,120.0
55229,267.0
76289,1732.0
83097,5474.0
95652,5386.0
10199,346.0
27193,1378.0
80642,320.0
15015,163.0
43141,1143.0
80776,220.0
18176,409.0
27394,460.0
02717,601.0
63416,94.0
02342,131.0
33465,1236.0
63287,352.0
2B150,1214.0
67129,601.0
88145,212.0
05025,202.0
21531,497.0
25224,828.0
24542,72.0
85238,3664.0
12055,87.0
19174,126.0
07255,1440.0
21056,896.0
62057,5388.0
74312,1579.0
65368,41.0
45231,125.0
09004,121.0
38040,151.0
62904,591.0
77036,134.0
25533,18.0
82137,554.0
27256,632.0
73191,2205.0
62872,232.0
80580,260.0
66008,10792.0
54381,53.0
80387,321.0
46157,132.0
25500,91.0
37080,205.0
59586,6705.0
90101,244.0
16230,2468.0
14552,494.0
29087,742.0
76540,114083.0
80192,167.0
68241,698.0
48070,748.0
17125,451.0
16046,985.0
60400,267.0
14032,276.0
40058,228.0
62423,1732.0
62166,600.0
21706,109.0
21625,83.0
71118,6145.0
47221,598.0
53230,246.0
25171,107.0
05010,806.0
62400,4884.0
77134,150.0
67484,497.0
54269,331.0
31347,165.0
24480,323.0
77215,8556.0
88437,99.0
77269,1833.0
39140,39.0
50562,1684.0
67027,173.0
56198,1573.0
51515,334.0
57658,1034.0
59441,649.0
67132,960.0
39016,1131.0
81037,1294.0
02280,410.0
72093,892.0
06155,28025.0
18241,1329.0
02316,125.0
88194,131.0
32270,89.0
16072,512.0
69140,2176.0
80505,280.0
17026,392.0
16317,432.0
43167,194.0
60406,909.0
27164,820.0
67151,5213.0
60410,248.0
38341,1098.0
07272,353.0
24531,213.0
78231,159.0
15067,29.0
29010,1677.0
70308,205.0
81214,104.0
76141,1365.0
03305,581.0
02529,182.0
76343,189.0
2B342,2556.0
22052,382.0
16392,187.0
70006,1479.0
59057,568.0
10444,225.0
31432,39.0
88324,372.0
02574,1382.0
36023,261.0
76561,8428.0
88301,291.0
04209,7699.0
38336,2028.0
81111,75.0
70582,75.0
65295,921.0
03174,925.0
48068,161.0
77016,1595.0
07045,528.0
06039,971.0
86256,1223.0
59665,301.0
50214,286.0
67529,3473.0
50269,211.0
76411,234.0
49347,4487.0
05145,1075.0
65172,42.0
02307,2047.0
54470,70.0
32396,242.0
60414,13701.0
76247,517.0
52403,82.0
09227,190.0
45075,10218.0
60556,206.0
19055,282.0
80836,233.0
67130,10887.0
55474,224.0
11254,2048.0
55507,210.0
81316,228.0
22041,255.0
88294,263.0
64005,529.0
71530,489.0
88241,428.0
65182,133.0
09123,110.0
43009,23.0
70160,311.0
24230,150.0
86241,432.0
50613,393.0
39449,260.0
25278,564.0
85104,900.0
26291,84.0
08313,148.0
80805,156.0
39003,50.0
2B267,45.0
46144,257.0
88501,73.0
35106,1550.0
47091,2324.0
45107,307.0
40041,125.0
31469,126.0
05172,304.0
27501,259.0
95510,583.0
22213,3469.0
08021,152.0
31568,261.0
07313,1096.0
54110,550.0
79179,5085.0
65044,289.0
51027,306.0
24269,633.0
61230,2878.0
51619,110.0
95594,1045.0
73150,3814.0
51321,86.0
73092,155.0
18041,201.0
88517,189.0
69070,1327.0
68290,927.0
28129,767.0
28240,499.0
62750,817.0
54539,226.0
66006,167.0
13209,77106.0
57760,849.0
60081,472.0
18139,649.0
08154,83.0
19052,49.0
08176,58.0
37061,479.0
16329,745.0
27187,344.0
77381,656.0
33073,1510.0
62734,672.0
09197,17.0
87153,294.0
70539,464.0
72037,126.0
63394,200.0
10092,129.0
18072,240.0
60290,386.0
65464,494.0
38439,3389.0
38458,603.0
41204,1780.0
87130,165.0
64140,8809.0
21191,829.0
17095,212.0
35128,1732.0
38191,1281.0
35212,1184.0
10310,206.0
51530,686.0
05061,40500.0
78681,856.0
77460,334.0
02673,442.0
62857,128.0
12214,518.0
46017,146.0
59319,3173.0
71362,338.0
21679,139.0
76234,768.0
39489,455.0
65371,240.0
46241,189.0
76284,335.0
03280,181.0
52082,155.0
52179,17.0
72178,194.0
39026,184.0
47135,392.0
63267,522.0
80573,382.0
23096,12840.0
70204,149.0
05019,150.0
86163,3698.0
40315,768.0
80011,2944.0
44206,1913.0
31424,19944.0
88357,667.0
67428,505.0
38068,1406.0
39345,391.0
28385,438.0
46239,208.0
42048,1458.0
24567,245.0
32296,2161.0
47092,404.0
72191,3164.0
12027,216.0
70305,99.0
62171,129.0
02693,224.0
71006,191.0
45207,373.0
95166,459.0
74239,1486.0
27109,397.0
47122,175.0
52123,1312.0
71027,730.0
14644,660.0
60031,262.0
34168,75.0
85289,2168.0
02568,168.0
60490,366.0
27258,518.0
80812,134.0
13211,57924.0
68157,1348.0
48088,133.0
47294,216.0
16282,530.0
69138,446.0
64420,244.0
83047,19179.0
02226,1854.0
89010,201.0
42088,757.0
59156,2881.0
24374,357.0
81134,56.0
69241,2628.0
02455,189.0
46205,320.0
29301,402.0
67002,399.0
974421,7243.0
88438,394.0
42300,648.0
27228,304.0
16379,1464.0
15058,146.0
71162,1118.0
83025,1436.0
29208,1258.0
64267,73.0
58138,348.0
02042,375.0
07132,1561.0
07050,964.0
53052,283.0
12158,324.0
07087,448.0
06105,7276.0
17120,1939.0
70220,412.0
28379,478.0
55575,83.0
54225,181.0
84125,66.0
21121,76.0
60259,877.0
2B205,877.0
91617,4318.0
71465,278.0
37022,2688.0
54520,382.0
02698,100.0
09134,33.0
45101,273.0
52372,81.0
73072,31.0
49311,1331.0
2B188,543.0
44006,1880.0
52465,131.0
45077,623.0
55001,285.0
62188,2819.0
41104,2308.0
36169,502.0
62654,787.0
09164,486.0
27608,439.0
51105,1508.0
31246,865.0
28342,264.0
51365,934.0
51202,745.0
88425,180.0
07192,238.0
41145,794.0
74037,1891.0
73224,894.0
71369,417.0
51007,958.0
19126,174.0
26105,75.0
33379,314.0
69084,1320.0
64245,545.0
41235,983.0
60526,1054.0
88212,356.0
42217,458.0
52358,95.0
87085,129760.0
25226,209.0
23079,1536.0
35302,1116.0
65278,33.0
21375,196.0
27554,3290.0
68235,1157.0
38090,278.0
76355,959.0
81248,906.0
40153,228.0
77451,602.0
50502,19373.0
32448,507.0
30233,668.0
85276,752.0
25425,456.0
09261,6250.0
62087,1011.0
15242,100.0
57637,310.0
47085,280.0
11228,151.0
11261,711.0
21155,38.0
02032,247.0
34165,2928.0
43045,435.0
52184,57.0
52253,205.0
26341,725.0
70277,381.0
67369,250.0
52272,114.0
55449,284.0
70089,45.0
88039,333.0
49283,3718.0
66051,266.0
62696,231.0
77483,2121.0
29146,3405.0
42299,3468.0
31038,673.0
38270,1840.0
38296,937.0
80276,284.0
62456,727.0
28284,277.0
33231,288.0
49092,21386.0
86099,1079.0
65240,377.0
39191,79.0
83074,215.0
07233,204.0
66196,3448.0
31096,179.0
02608,461.0
16100,775.0
21677,112.0
38512,794.0
27610,55.0
60639,1272.0
12270,4062.0
25483,36.0
18143,371.0
35042,665.0
51553,258.0
36240,288.0
06060,2111.0
02520,733.0
17394,905.0
30195,33.0
32405,173.0
88488,230.0
86289,661.0
31126,425.0
21584,2324.0
64386,1251.0
79152,303.0
44015,10187.0
25536,194.0
43083,149.0
40063,850.0
12247,311.0
36048,271.0
25356,4244.0
91122,9254.0
74094,7182.0
62599,230.0
72340,1238.0
62476,1058.0
90089,1486.0
21290,946.0
80221,304.0
87025,856.0
80748,194.0
27011,1194.0
22031,658.0
89225,42.0
71463,583.0
69076,2519.0
77372,4158.0
52029,131.0
24534,1221.0
81242,273.0
59201,602.0
30302,2205.0
38365,835.0
52393,56.0
60567,1178.0
33395,1617.0
18135,232.0
78300,434.0
972210,15996.0
71415,141.0
83073,11053.0
83094,3055.0
26056,693.0
80759,337.0
69266,156928.0
25417,808.0
46301,536.0
53023,554.0
06037,312.0
60126,515.0
62528,6896.0
05071,351.0
27592,243.0
69206,4461.0
51533,95.0
11304,3066.0
68189,910.0
34092,953.0
84004,5894.0
59322,3343.0
37006,2734.0
32135,135.0
80655,420.0
31002,239.0
11077,497.0
57041,2384.0
60245,2105.0
72083,363.0
72020,691.0
59478,1121.0
85039,4044.0
27210,455.0
59076,309.0
51636,558.0
87097,1000.0
58048,114.0
55415,89.0
31170,221.0
54013,86.0
11352,51.0
94074,14482.0
62853,377.0
95641,2848.0
57638,2450.0
51083,81.0
25397,2185.0
2B077,706.0
24340,4292.0
02728,257.0
55199,86.0
03012,313.0
51203,223.0
77513,5019.0
21276,116.0
83026,1951.0
59081,549.0
22246,2121.0
77079,6356.0
89303,244.0
74184,1051.0
85210,2191.0
80798,1459.0
74216,1063.0
74016,2542.0
42287,1085.0
24117,556.0
47142,735.0
63470,4740.0
46087,642.0
65446,548.0
26065,760.0
16013,305.0
22276,264.0
88335,154.0
01075,1430.0
05103,785.0
32220,135.0
28380,1969.0
30060,4097.0
54010,496.0
62701,452.0
58047,616.0
53043,573.0
53165,350.0
67547,2076.0
52240,190.0
89267,171.0
51448,549.0
01429,717.0
71267,852.0
50599,1623.0
77484,286.0
54297,301.0
24034,273.0
04040,61.0
04150,208.0
66014,2727.0
52512,508.0
40244,1374.0
85265,926.0
30081,971.0
65124,53.0
27312,274.0
16162,183.0
62194,5463.0
71503,126.0
89353,420.0
17204,302.0
28278,1474.0
08421,93.0
88124,1056.0
89419,2569.0
39008,445.0
38487,2080.0
02004,186.0
52548,88.0
90039,3348.0
22349,1456.0
02624,273.0
09052,166.0
72355,113.0
58192,215.0
12105,1104.0
46254,136.0
42097,4655.0
71419,1917.0
39338,506.0
51392,199.0
51145,224.0
27690,312.0
57669,2441.0
22091,433.0
25216,263.0
01445,617.0
56011,1423.0
11150,458.0
12291,369.0
65136,31.0
79057,1439.0
21532,1205.0
78230,623.0
31048,3523.0
27629,1773.0
21429,286.0
24420,247.0
09037,43.0
26107,528.0
62527,254.0
40165,377.0
11427,306.0
38047,154.0
65460,4822.0
08006,262.0
67054,574.0
30133,8438.0
38556,1190.0
40155,1541.0
87083,525.0
04112,22926.0
32260,71.0
30038,323.0
26307,2783.0
10287,1447.0
38552,400.0
53261,158.0
2A127,96.0
21562,199.0
79300,1394.0
52388,151.0
34138,336.0
89002,73.0
77259,2669.0
38566,1687.0
19228,65.0
54385,1079.0
02027,206.0
17178,73.0
57295,107.0
79235,1415.0
34205,305.0
16374,9995.0
35049,5435.0
25580,10765.0
95268,42841.0
36106,155.0
25043,2010.0
05089,90.0
68244,392.0
79120,749.0
57319,522.0
74210,1878.0
79079,8597.0
36001,1359.0
89088,471.0
43144,100.0
58070,60.0
59317,7897.0
57234,600.0
84076,1419.0
17015,730.0
43014,52.0
56249,2330.0
62533,144.0
34075,426.0
25006,88.0
80410,4459.0
55404,313.0
16251,247.0
32047,113.0
34284,1735.0
89251,364.0
70055,488.0
50300,161.0
64062,2248.0
63183,69.0
60118,507.0
15158,102.0
54285,49.0
71341,261.0
07172,2320.0
27111,202.0
16415,1062.0
47232,512.0
36153,346.0
64190,240.0
28031,422.0
76206,342.0
51305,136.0
88021,277.0
24142,1223.0
16207,496.0
28024,1767.0
81317,1239.0
89099,2265.0
08201,103.0
29068,2547.0
71284,130.0
89133,378.0
10300,278.0
92023,54491.0
60638,672.0
53130,49657.0
15122,2110.0
31075,1252.0
16277,603.0
14465,513.0
65087,162.0
68162,4401.0
17279,648.0
12149,147.0
39249,75.0
62181,1480.0
42265,867.0
47152,418.0
70260,694.0
11092,95.0
89150,450.0
51341,35.0
56236,795.0
21297,731.0
86092,2958.0
11406,32.0
26002,1951.0
07194,472.0
02297,125.0
64117,146.0
62490,294.0
63342,246.0
12036,636.0
62540,1691.0
06064,4287.0
71540,2810.0
56262,2581.0
57463,120874.0
19147,639.0
66137,560.0
67183,888.0
28056,1663.0
31382,115.0
09341,154.0
11381,125.0
70109,317.0
28151,176.0
07040,251.0
68372,1766.0
10224,1756.0
15027,732.0
2B192,143.0
11367,918.0
44159,1241.0
57059,55.0
25445,119.0
56261,1474.0
81199,166.0
25584,123.0
79170,2893.0
35146,617.0
88336,75.0
21210,524.0
89331,300.0
19140,631.0
24495,112.0
70039,375.0
24043,140.0
68323,851.0
02569,481.0
43236,1481.0
62224,2824.0
46201,1812.0
43265,1449.0
55165,426.0
43166,381.0
79103,2409.0
16287,4312.0
27563,842.0
21285,515.0
09068,44.0
01198,262.0
64442,326.0
04200,679.0
54487,64.0
76196,2567.0
35297,4603.0
56008,4642.0
76693,676.0
65271,357.0
58184,105.0
40282,4983.0
27232,344.0
16211,551.0
50175,186.0
02186,1322.0
61076,141.0
58033,306.0
89086,4807.0
11303,428.0
30166,2572.0
10233,1465.0
40110,756.0
27103,4014.0
77281,480.0
11249,82.0
24156,1155.0
74088,1268.0
22311,882.0
52359,143.0
54174,4442.0
82178,820.0
38093,434.0
46228,729.0
74205,1267.0
83049,12550.0
34192,5881.0
24549,462.0
58232,1259.0
91137,363.0
05022,242.0
54024,366.0
02361,4533.0
73081,659.0
90099,5236.0
55403,61.0
59174,326.0
2A019,52.0
81104,1514.0
39283,614.0
68135,2859.0
57700,491.0
62371,2026.0
49063,6519.0
07051,590.0
69056,2069.0
30128,4025.0
56098,23026.0
61214,7824.0
63472,646.0
27320,317.0
13034,1733.0
15173,114.0
17438,297.0
36115,134.0
48002,554.0
29175,2152.0
54543,135.0
25339,234.0
78311,33449.0
33393,5816.0
32113,91.0
51251,175.0
70021,183.0
87078,690.0
14087,120.0
51460,195.0
02452,234.0
70527,77.0
14019,214.0
33268,2831.0
08125,414.0
16341,3224.0
22180,1933.0
2B170,105.0
35295,530.0
62627,839.0
59155,20765.0
62104,440.0
23230,164.0
27138,372.0
93005,86135.0
24102,4435.0
39485,782.0
34315,438.0
38294,667.0
07108,116.0
25316,239.0
25515,464.0
18212,642.0
54500,180.0
71196,625.0
65412,162.0
01456,71.0
37137,139.0
37143,1367.0
02271,130.0
06113,1351.0
39275,654.0
39111,38.0
49339,1489.0
53176,530.0
43091,321.0
27524,866.0
72233,67.0
71306,16831.0
64434,50.0
30312,2029.0
32383,127.0
02052,129.0
02110,2237.0
2A142,675.0
21146,120.0
2B184,94.0
31581,1632.0
56128,1519.0
76424,231.0
82174,284.0
76598,485.0
51375,367.0
74070,2941.0
23262,164.0
10258,272.0
76583,321.0
38479,2071.0
02349,59.0
09306,3034.0
73307,572.0
50397,207.0
55543,903.0
23169,653.0
82138,172.0
73296,2005.0
64156,476.0
59657,636.0
01158,1058.0
60239,581.0
02084,252.0
84118,2947.0
52133,70.0
32087,134.0
02419,268.0
52062,159.0
64513,1365.0
31253,2943.0
71093,643.0
09066,621.0
14278,1217.0
69020,705.0
76581,381.0
95149,3356.0
16232,2123.0
42297,615.0
23207,175.0
22160,962.0
54566,148.0
26064,6873.0
80334,99.0
17296,1058.0
24511,238.0
77511,628.0
55570,217.0
10318,156.0
36135,283.0
60281,537.0
78140,1344.0
39010,91.0
57542,966.0
80743,192.0
38048,1096.0
40031,1215.0
90025,342.0
71097,480.0
54529,28.0
10160,36.0
26369,64.0
12051,311.0
72275,1518.0
48046,62.0
45008,1983.0
25036,2235.0
47225,2102.0
52349,297.0
27571,338.0
67483,221.0
27457,689.0
02526,104.0
74252,628.0
44079,3160.0
18055,912.0
56096,2458.0
80822,132.0
65243,445.0
60558,455.0
30030,348.0
79309,353.0
74281,37027.0
61193,275.0
82038,1470.0
70276,184.0
75104,28324.0
40192,30674.0
74229,3714.0
40076,430.0
25190,1577.0
60424,281.0
60315,488.0
51571,966.0
29069,8170.0
62653,417.0
63167,393.0
01437,219.0
55072,106.0
50148,566.0
44135,4005.0
56259,1721.0
21490,155.0
37258,296.0
40139,579.0
36038,129.0
03103,1028.0
76038,403.0
54547,29537.0
74228,372.0
71474,148.0
03018,675.0
04067,52.0
41284,67.0
54274,9374.0
88246,487.0
63006,173.0
66069,3532.0
27591,584.0
59002,4203.0
86221,1194.0
29065,937.0
06142,306.0
971109,7508.0
83093,2333.0
24254,181.0
31215,470.0
54240,53.0
58170,124.0
85096,5316.0
12063,2195.0
59032,7183.0
60518,204.0
33394,1769.0
34293,1121.0
80230,305.0
55365,139.0
74180,2271.0
80553,339.0
54445,103.0
89141,118.0
50528,301.0
14656,982.0
81132,829.0
21208,160.0
18287,292.0
62053,676.0
26047,92.0
59603,6124.0
84051,1080.0
50326,235.0
53054,6397.0
44088,3047.0
31545,203.0
03150,204.0
14068,3738.0
73215,4180.0
55014,358.0
974412,38807.0
50584,387.0
28103,5609.0
70285,10478.0
51094,184.0
10245,811.0
51320,305.0
52132,159.0
86120,1213.0
27071,211.0
46061,175.0
61123,216.0
54206,379.0
73120,624.0
22259,3966.0
45114,221.0
60451,1612.0
66009,2794.0
62581,293.0
19175,97.0
24121,66.0
81096,422.0
89363,101.0
51312,938.0
76737,614.0
22155,2145.0
53185,2295.0
47059,265.0
80499,304.0
37265,257.0
66071,2087.0
56032,1891.0
55265,140.0
42079,709.0
40249,500.0
07017,770.0
31338,795.0
25452,477.0
81151,131.0
54191,104.0
01376,4155.0
59279,20829.0
30117,2719.0
59104,3157.0
50095,1734.0
11428,243.0
63128,960.0
80217,71.0
62028,643.0
86059,577.0
08295,189.0
89341,447.0
06024,184.0
57289,2831.0
88188,1691.0
10098,304.0
80740,328.0
09188,1215.0
02631,409.0
08099,122.0
94022,46129.0
07083,436.0
72004,574.0
85138,1187.0
24397,280.0
62281,380.0
18019,450.0
89100,1734.0
24054,600.0
57685,153.0
70142,191.0
40195,601.0
36160,219.0
07327,416.0
02404,175.0
87145,233.0
50462,352.0
01318,741.0
69203,987.0
28187,673.0
44029,7057.0
14502,86.0
53007,2873.0
12120,2155.0
42096,680.0
80329,169.0
41105,850.0
66003,3565.0
84092,17551.0
59197,2356.0
33183,1478.0
54111,2782.0
65442,219.0
15138,1792.0
84071,1914.0
35219,3870.0
50403,1458.0
77116,1308.0
57364,317.0
12241,1755.0
67497,682.0
70023,140.0
54179,301.0
07020,477.0
04017,102.0
41226,3024.0
76088,543.0
64288,576.0
81176,105.0
21065,122.0
76391,2362.0
61026,177.0
65472,73.0
76678,834.0
62877,154.0
14045,251.0
46070,619.0
61450,75.0
35025,1067.0
58096,484.0
76706,743.0
67250,782.0
52541,213.0
62509,355.0
60576,469.0
81326,411.0
31311,1199.0
19208,187.0
02578,84.0
90087,1043.0
66139,38.0
47161,116.0
33261,1184.0
67348,12216.0
02458,823.0
21602,29.0
55088,156.0
88080,304.0
58186,57.0
24554,555.0
74074,677.0
33356,418.0
64377,844.0
29179,3775.0
26153,109.0
70271,364.0
24482,279.0
19082,1122.0
38422,5483.0
02390,255.0
88361,1316.0
36022,394.0
89318,626.0
17390,114.0
86273,860.0
30052,666.0
17443,1837.0
52227,202.0
51023,273.0
54291,296.0
57650,1772.0
26137,188.0
55484,47.0
80682,211.0
59389,2772.0
80630,2313.0
59471,2065.0
77191,1070.0
91441,520.0
27646,451.0
33401,147.0
60463,21382.0
27014,871.0
07047,88.0
59312,734.0
71480,600.0
56066,3823.0
01323,1010.0
76105,656.0
38127,166.0
29001,1021.0
91613,214.0
05033,40.0
65204,29.0
77267,350.0
30055,676.0
68229,164.0
80434,190.0
27154,594.0
34111,3984.0
88248,172.0
38062,777.0
56204,625.0
27678,1045.0
27414,808.0
23066,193.0
33209,273.0
05134,322.0
50529,85.0
62345,95.0
36133,207.0
45092,1494.0
13015,15248.0
70185,184.0
25365,314.0
59276,4656.0
62489,3518.0
54237,104.0
09264,1291.0
83069,55103.0
50030,546.0
38378,3689.0
76124,427.0
34081,2668.0
35244,266.0
14648,451.0
32409,81.0
10333,12775.0
14026,1148.0
66105,278.0
33069,24339.0
02476,671.0
38532,983.0
63425,1510.0
16383,772.0
79077,734.0
39190,1319.0
65034,22.0
45031,1435.0
24077,390.0
77195,607.0
10205,77.0
62617,11520.0
42294,975.0
29259,6741.0
62082,321.0
61098,475.0
62818,155.0
72058,6686.0
35288,47323.0
55166,1283.0
57150,707.0
44148,708.0
76702,837.0
24329,1383.0
57017,2121.0
28253,1124.0
52167,253.0
55022,130.0
52211,1387.0
40022,392.0
54147,109.0
89028,61.0
54467,186.0
77144,445.0
61277,278.0
60082,774.0
71098,239.0
02296,1182.0
52543,516.0
02150,62.0
10441,234.0
39533,213.0
32282,616.0
14454,1731.0
02514,695.0
62184,290.0
12193,284.0
49109,1547.0
35141,690.0
55435,766.0
02401,187.0
76132,471.0
70221,283.0
76482,3191.0
25011,738.0
30013,448.0
87168,1072.0
01080,645.0
09328,210.0
74304,937.0
65178,52.0
59048,507.0
82194,1356.0
2A363,66.0
29297,2353.0
31451,9665.0
52095,192.0
29263,1140.0
11425,1671.0
56203,630.0
09311,21.0
73166,51.0
21047,71.0
83144,23955.0
08212,503.0
22328,418.0
10006,2759.0
59094,7023.0
04126,399.0
54078,55.0
55519,1331.0
88087,3177.0
65357,167.0
79104,566.0
14587,2403.0
45146,7318.0
48104,570.0
64052,106.0
38301,170.0
31526,8524.0
68197,506.0
35237,1036.0
08228,156.0
11255,1480.0
74192,968.0
01044,626.0
21610,359.0
71188,63.0
90035,812.0
48051,681.0
24107,390.0
55025,276.0
77261,1213.0
69193,1275.0
14121,255.0
33537,477.0
88205,249.0
57597,2485.0
55331,75.0
39002,62.0
57391,61.0
51234,639.0
19262,144.0
33551,408.0
14672,888.0
42248,1123.0
971116,15898.0
79270,7254.0
64483,14601.0
74107,151.0
51478,420.0
29189,13445.0
13049,2046.0
91573,11680.0
68175,1862.0
28214,3268.0
90044,233.0
11259,996.0
47037,256.0
44091,1526.0
59591,824.0
24563,284.0
87005,1019.0
30018,542.0
95492,89.0
51073,226.0
67282,4211.0
57599,349.0
71462,513.0
32317,65.0
87057,371.0
04216,243.0
62564,462.0
67396,201.0
91639,969.0
36015,52.0
89304,672.0
27222,199.0
33074,202.0
62255,804.0
08236,302.0
38208,156.0
78307,941.0
70074,239.0
54415,4003.0
51517,123.0
73119,99.0
73288,2082.0
64037,1245.0
11156,104.0
17051,2229.0
55142,122.0
45058,178.0
71446,190.0
28156,885.0
08046,162.0
65252,873.0
90065,1127.0
21571,230.0
62340,883.0
21552,36.0
95052,9590.0
39367,2290.0
62241,310.0
74106,885.0
71409,308.0
06103,1815.0
38463,1738.0
62746,5072.0
14706,252.0
02621,393.0
62752,1080.0
76516,406.0
62900,604.0
44012,3364.0
57419,895.0
78588,965.0
61221,446.0
60653,299.0
60669,483.0
39096,462.0
93006,39366.0
40028,250.0
02372,339.0
29204,2173.0
32340,282.0
91534,4323.0
46217,427.0
27073,1231.0
41137,560.0
60472,115.0
17445,332.0
57421,156.0
64040,1071.0
23052,441.0
65130,637.0
59420,60.0
38507,7815.0
62227,186.0
50580,477.0
55495,238.0
972202,3752.0
80249,307.0
91340,7292.0
33203,3983.0
38155,1888.0
59594,1110.0
50143,867.0
54266,394.0
37277,588.0
72134,524.0
77072,671.0
46051,361.0
89094,697.0
16040,316.0
41155,1236.0
91363,8430.0
38403,299.0
04113,454.0
31385,194.0
29101,3654.0
80435,53.0
50484,5747.0
17132,648.0
12008,919.0
12137,872.0
55077,264.0
05117,111.0
54548,518.0
15139,68.0
25495,2210.0
59005,3567.0
08047,109.0
64083,207.0
25494,729.0
60479,744.0
95445,767.0
29171,3866.0
63013,987.0
2B124,205.0
65115,299.0
58130,94.0
60152,243.0
47267,282.0
29104,338.0
26163,46.0
32271,288.0
65419,72.0
10338,177.0
46311,1333.0
55101,300.0
49260,1998.0
51138,36.0
01415,519.0
72257,2322.0
42130,561.0
43195,184.0
27117,1000.0
56253,660.0
64504,2720.0
18169,227.0
22383,211.0
72357,738.0
02381,8662.0
26252,10422.0
01142,4753.0
60378,380.0
78020,940.0
39380,43.0
81102,302.0
12168,1008.0
10041,51.0
27214,834.0
27311,1090.0
52397,70.0
64234,264.0
24425,366.0
02831,369.0
57244,490.0
49216,573.0
81183,187.0
48141,103.0
26013,74.0
52164,197.0
76705,2568.0
09208,116.0
94069,14603.0
72205,1826.0
77482,3688.0
79089,163.0
70310,7918.0
80338,1802.0
57053,109.0
57519,160.0
2B193,600.0
19005,4019.0
63263,3566.0
02298,1457.0
43015,48.0
59351,539.0
77063,1251.0
68033,454.0
14430,137.0
30167,787.0
24483,143.0
59054,1046.0
50391,2629.0
29116,150.0
61323,126.0
50603,773.0
15112,88.0
16014,138.0
80673,180.0
37003,12938.0
91386,15711.0
25372,280.0
80122,493.0
03208,428.0
59509,5976.0
02269,152.0
37098,717.0
41025,1331.0
57335,214.0
2B248,48.0
35253,4098.0
27290,1254.0
16206,2105.0
82113,1245.0
38415,1455.0
45065,219.0
67092,641.0
25501,38.0
69153,1403.0
46303,139.0
03008,379.0
95555,20866.0
66199,105.0
30160,269.0
35199,327.0
72035,2046.0
62300,2613.0
33159,1534.0
79216,2246.0
55266,51.0
67127,1455.0
38468,4505.0
38008,30.0
27486,646.0
53133,701.0
40273,6076.0
88328,524.0
14318,761.0
61120,77.0
67162,353.0
45102,357.0
39466,121.0
89053,436.0
21256,313.0
57423,70.0
04138,281.0
77019,343.0
35340,1321.0
41119,348.0
76753,1212.0
42322,1092.0
12296,526.0
87092,488.0
53150,892.0
14171,144.0
02456,300.0
68119,759.0
54305,2370.0
60644,1896.0
68345,784.0
21678,183.0
2A209,2040.0
36130,104.0
08449,656.0
77146,1990.0
39219,666.0
67261,2339.0
09117,106.0
02830,966.0
33165,3404.0
22110,582.0
52183,41.0
76662,106.0
14710,106.0
03175,275.0
29095,1503.0
41157,1513.0
80166,703.0
23150,153.0
07110,1745.0
33533,2813.0
60460,202.0
33170,758.0
76608,2032.0
24069,391.0
95394,10046.0
58178,154.0
67432,587.0
47175,2350.0
08251,69.0
14209,509.0
33331,458.0
53147,12900.0
33208,956.0
29213,1815.0
84006,71.0
40293,1097.0
40175,446.0
63020,372.0
08279,62.0
80781,216.0
62487,1246.0
73281,796.0
26106,1188.0
02718,116.0
2B302,93.0
23137,521.0
16380,423.0
35140,570.0
71193,478.0
46037,93.0
02614,276.0
49367,5780.0
27545,122.0
21132,395.0
54426,475.0
63396,1164.0
05080,69.0
43150,508.0
08297,300.0
33098,515.0
25457,118.0
29287,977.0
50182,298.0
40190,391.0
61365,413.0
60602,55.0
60067,989.0
68005,1650.0
66099,317.0
60570,1586.0
60701,1330.0
81124,2471.0
74101,756.0
27229,47289.0
29137,2123.0
38252,342.0
88349,1616.0
78010,1273.0
60688,150.0
33323,949.0
59631,2112.0
54541,162.0
22271,359.0
67116,557.0
23087,493.0
67153,387.0
64252,887.0
80495,520.0
23075,1091.0
58007,347.0
26368,455.0
53206,208.0
01046,904.0
71526,353.0
22055,6881.0
06119,104.0
73008,31874.0
26068,203.0
44165,2378.0
58271,186.0
78571,4886.0
45004,13267.0
59137,788.0
77163,381.0
52197,1284.0
66007,128.0
56050,870.0
79276,1068.0
18220,345.0
80719,49.0
45088,280.0
77467,199.0
54422,67.0
52038,63.0
17360,3372.0
59010,260.0
33370,569.0
21152,80.0
63302,3436.0
53132,279.0
22188,1115.0
71376,276.0
77341,384.0
58157,277.0
76532,778.0
16249,363.0
86086,918.0
41260,417.0
71057,124.0
03307,234.0
64213,2032.0
18028,1168.0
22232,2088.0
57101,1208.0
68305,1408.0
39246,432.0
54321,2374.0
79080,2671.0
09018,92.0
51473,97.0
21403,82.0
72015,110.0
60568,339.0
31234,465.0
14288,947.0
64001,189.0
87100,256.0
39053,214.0
21162,484.0
88383,7611.0
49328,26215.0
70116,612.0
05118,1319.0
19244,80.0
73058,1228.0
70480,150.0
52425,188.0
30075,4351.0
46173,807.0
17474,744.0
39532,37.0
27118,640.0
66228,1366.0
26250,3648.0
53196,347.0
21003,1584.0
47104,266.0
10401,2287.0
88073,204.0
2B202,25.0
01229,1214.0
71273,282.0
17230,3160.0
23173,139.0
70082,124.0
49194,5815.0
42176,2209.0
28045,232.0
07035,604.0
72310,1997.0
04190,125.0
53059,414.0
80823,125.0
60161,71.0
70563,526.0
52269,7697.0
71096,191.0
68270,3704.0
71505,77.0
35206,7631.0
68224,106341.0
21280,149.0
02466,129.0
70253,294.0
31544,222.0
18179,981.0
60598,1043.0
09022,230.0
59102,446.0
65045,240.0
42070,935.0
69094,6094.0
11055,240.0
30180,563.0
31181,2262.0
82116,194.0
62024,991.0
13005,47342.0
24544,399.0
76369,534.0
15205,105.0
74250,7591.0
05178,581.0
24147,1104.0
47239,858.0
80364,688.0
70366,122.0
46151,115.0
62165,229.0
62284,1691.0
34034,39.0
25410,1321.0
17485,1084.0
2A154,104.0
10102,172.0
22111,403.0
64264,57.0
41233,872.0
40067,634.0
32086,77.0
19071,222.0
41026,165.0
59411,2089.0
50454,414.0
37077,3842.0
18133,1558.0
31562,118.0
80045,160.0
76645,149.0
61262,109.0
14381,60.0
03189,702.0
22050,14675.0
41010,1002.0
21592,231.0
52419,123.0
25328,795.0
65346,155.0
91508,261.0
59341,442.0
54416,177.0
88382,64.0
72189,2061.0
47284,285.0
23088,116.0
03270,141.0
49068,1846.0
14536,2535.0
87096,842.0
56224,393.0
42025,196.0
27327,217.0
62459,241.0
53151,1098.0
80266,301.0
19046,113.0
60334,836.0
83132,2529.0
19274,4253.0
25109,322.0
54103,220.0
39388,194.0
14759,263.0
58196,340.0
32076,562.0
39518,71.0
42224,2917.0
57288,2875.0
81145,4775.0
16340,1024.0
25544,204.0
47291,633.0
2A323,402.0
15116,139.0
73243,1716.0
19146,2337.0
18152,109.0
88295,234.0
26124,5526.0
73285,2413.0
27603,314.0
60612,15255.0
42059,5472.0
55446,85.0
38246,1163.0
38063,447.0
35133,4585.0
67536,168.0
19195,388.0
76075,451.0
51416,541.0
84086,1284.0
86006,537.0
86137,6743.0
81085,42.0
82091,126.0
30273,1470.0
50565,2835.0
21072,195.0
46233,107.0
16199,3248.0
89314,181.0
69167,588.0
12064,264.0
68293,79.0
74157,1756.0
34060,429.0
02133,401.0
08360,198.0
32416,361.0
34328,1151.0
14320,283.0
65104,301.0
33548,1281.0
07158,97.0
54279,1004.0
88509,104.0
08334,41.0
79159,531.0
88380,208.0
41004,263.0
24479,1169.0
77094,298.0
27002,466.0
10289,966.0
39202,140.0
64531,47.0
76200,505.0
28030,281.0
52163,387.0
16174,520.0
61012,204.0
86064,604.0
74195,419.0
67276,1907.0
71192,1794.0
51582,589.0
71356,961.0
21205,235.0
65222,146.0
09310,43.0
89405,499.0
61459,300.0
07053,543.0
55236,936.0
88265,26.0
69033,2937.0
53142,288.0
88130,243.0
35173,7260.0
17164,2306.0
08198,508.0
67209,278.0
45113,262.0
53198,225.0
02096,191.0
79032,770.0
62338,2862.0
14084,395.0
88037,866.0
22046,6413.0
62481,146.0
78329,797.0
72283,342.0
44151,6881.0
02146,99.0
76349,1887.0
26241,142.0
76736,277.0
57316,749.0
57584,643.0
79117,656.0
62686,350.0
57167,381.0
56085,100.0
02317,205.0
10230,671.0
89307,759.0
86288,641.0
68362,783.0
12103,282.0
88426,1369.0
85162,2068.0
55093,274.0
80168,1066.0
67395,395.0
972219,1377.0
58191,110.0
39101,1461.0
31190,232.0
60430,1076.0
57738,368.0
08306,52.0
30326,2031.0
11321,83.0
77175,3150.0
38410,1442.0
58006,242.0
64065,4464.0
14200,2266.0
87190,869.0
14534,397.0
47262,424.0
65099,135.0
57507,271.0
80148,394.0
21605,2045.0
54080,1032.0
59208,303.0
03152,229.0
10388,42.0
87056,255.0
30288,1281.0
80774,290.0
24357,309.0
29159,878.0
25207,613.0
33224,102.0
64367,884.0
09203,151.0
28304,444.0
38037,1021.0
16285,402.0
77242,537.0
59512,98892.0
79242,1124.0
10087,48.0
25595,94.0
31485,118.0
51349,175.0
58203,62.0
53179,350.0
61148,288.0
04202,131.0
24281,183.0
60002,846.0
19086,330.0
57047,1034.0
73023,687.0
42268,809.0
31161,1356.0
44027,2540.0
10182,113.0
55426,382.0
64358,257.0
06127,1385.0
22243,553.0
38316,6096.0
02587,352.0
51282,1871.0
68040,1998.0
81264,88.0
42101,139.0
57495,115.0
54299,229.0
64099,97.0
02174,841.0
54166,29.0
40029,321.0
55153,193.0
26263,133.0
66143,93.0
12278,187.0
24145,1747.0
45301,393.0
02138,192.0
64166,181.0
61394,823.0
80795,463.0
51121,252.0
32031,171.0
67098,1501.0
73270,4170.0
08256,87.0
42047,320.0
22060,634.0
76048,288.0
46045,1119.0
40168,2493.0
14619,127.0
10375,330.0
14738,3794.0
90014,489.0
95483,522.0
72352,142.0
80535,148.0
65208,23.0
02689,40.0
39307,324.0
87157,822.0
25159,1195.0
38397,7048.0
90032,3541.0
08106,71.0
85084,9399.0
54002,236.0
73234,162.0
08305,232.0
07088,104.0
92048,46342.0
91657,31050.0
45210,730.0
64139,973.0
63248,861.0
21466,41.0
34256,2077.0
62195,1560.0
40181,991.0
38285,160.0
79042,173.0
62890,182.0
21054,20032.0
26162,886.0
21263,1697.0
62621,1751.0
76296,2511.0
01111,135.0
88257,182.0
77052,360.0
34008,608.0
79289,1412.0
68049,425.0
51338,622.0
89079,657.0
51509,306.0
23062,556.0
60158,242.0
86065,1059.0
59462,4849.0
43002,1469.0
38564,236.0
27330,129.0
73088,145.0
69287,6920.0
71382,689.0
32107,6466.0
21459,229.0
62127,379.0
08250,189.0
19216,242.0
52525,66.0
50298,648.0
80156,395.0
48123,166.0
53078,865.0
04073,396.0
03009,140.0
27184,122.0
01022,1177.0
56007,14222.0
45158,318.0
32283,281.0
01157,2431.0
18107,123.0
57366,137.0
65476,67.0
66162,703.0
31536,246.0
13083,4111.0
52348,581.0
76552,7116.0
77067,11140.0
65436,302.0
77393,2819.0
83040,75.0
21371,790.0
59255,572.0
02625,143.0
68016,955.0
02035,281.0
2B229,348.0
66138,1690.0
70416,199.0
90083,138.0
74057,1154.0
26021,143.0
09241,366.0
58244,217.0
62569,674.0
65430,44.0
10384,200.0
88137,96.0
09106,358.0
78558,367.0
14570,2491.0
76492,457.0
51080,194.0
38565,9758.0
25343,164.0
02051,392.0
45333,2043.0
07150,546.0
02241,90.0
34292,328.0
21211,125.0
36062,463.0
24134,854.0
32224,223.0
83013,202.0
47258,308.0
11316,215.0
83128,773.0
42045,38.0
78372,16531.0
89383,102.0
57563,253.0
88214,73.0
26010,4136.0
2B224,653.0
17463,1292.0
86299,566.0
02159,304.0
87159,353.0
64334,213.0
83068,4527.0
33019,9371.0
80372,120.0
88226,129.0
68380,436.0
91645,14597.0
32034,59.0
26268,121.0
59130,1158.0
62700,212.0
51507,4166.0
03081,320.0
31098,1118.0
29205,1163.0
51150,83.0
64560,176.0
39491,2168.0
02691,52958.0
35164,725.0
95127,68348.0
52322,131.0
77033,228.0
67154,3463.0
47003,458.0
35117,1619.0
42293,1187.0
18151,328.0
14498,236.0
57601,1326.0
80253,5835.0
21150,275.0
71287,309.0
72212,697.0
16036,292.0
63142,249.0
52357,174.0
60468,300.0
54227,1359.0
59066,162.0
35230,367.0
08222,1819.0
65266,39.0
81061,196.0
17174,905.0
53108,582.0
60203,424.0
88267,452.0
69043,9052.0
60142,3120.0
06101,169.0
64263,130.0
21336,663.0
72195,1852.0
71278,162.0
52264,60.0
60165,532.0
14342,3570.0
42156,1367.0
19148,1627.0
91568,1536.0
11420,139.0
53082,636.0
35051,17716.0
24094,442.0
94011,18750.0
71329,401.0
56161,3056.0
36222,232.0
40178,656.0
76446,1285.0
52315,345.0
39479,244.0
71102,678.0
37054,3519.0
68191,748.0
65421,46.0
09187,351.0
47097,1010.0
35264,2035.0
59134,1260.0
41172,224.0
10124,270.0
2B338,27.0
43210,231.0
51299,963.0
89264,710.0
58189,471.0
82074,131.0
17213,144.0
34091,57.0
67179,652.0
88004,132.0
62785,904.0
76298,463.0
76547,768.0
69290,48822.0
65465,311.0
60320,256.0
62841,2393.0
39585,20.0
30132,4891.0
25079,452.0
12145,21712.0
70129,151.0
02294,207.0
77099,3085.0
08036,101.0
76010,367.0
11152,135.0
53237,445.0
21666,94.0
36242,104.0
74286,885.0
33121,195.0
30239,550.0
66192,98.0
09107,642.0
47157,17239.0
11045,147.0
59204,480.0
02347,432.0
40307,1162.0
12227,175.0
22148,236.0
63161,317.0
72361,500.0
2A197,97.0
62238,79.0
58267,708.0
91115,3584.0
39385,542.0
31551,586.0
29267,716.0
95493,129.0
43030,441.0
78007,1083.0
60359,200.0
2A349,872.0
02329,424.0
46219,344.0
01346,850.0
48119,263.0
76350,396.0
58082,282.0
17102,1266.0
44173,2141.0
36003,885.0
39085,90.0
57602,2374.0
54452,73.0
08246,70.0
57271,679.0
10234,265.0
64312,304.0
37169,908.0
17107,1538.0
11151,554.0
65181,172.0
70239,200.0
10154,71.0
31402,920.0
89064,56.0
85157,803.0
55115,45.0
61415,308.0
62709,247.0
65157,23.0
27295,462.0
62097,998.0
80215,211.0
72230,1051.0
58216,149.0
86175,304.0
14737,496.0
57166,101.0
29126,211.0
38205,2668.0
26172,670.0
70447,2420.0
63084,1709.0
2B039,213.0
36056,978.0
25608,178.0
02318,1370.0
31208,312.0
10043,118.0
32146,276.0
05029,934.0
33397,4925.0
30049,368.0
71237,523.0
10040,164.0
38315,3562.0
08410,175.0
14709,344.0
89163,536.0
24066,210.0
72316,699.0
52187,158.0
21549,82.0
38056,91.0
41295,8067.0
44152,2996.0
56153,2782.0
04240,252.0
60506,675.0
24162,396.0
54346,251.0
45286,9379.0
26305,1084.0
80142,344.0
04136,321.0
83084,574.0
65373,160.0
36078,353.0
78567,929.0
39248,44.0
32134,349.0
23119,42.0
61308,201.0
50076,3472.0
62372,149.0
31039,87.0
77133,205.0
07133,261.0
55261,138.0
77523,255.0
18071,34.0
05183,1449.0
16422,825.0
31450,543.0
27261,441.0
73298,899.0
57499,1335.0
47290,562.0
69031,1376.0
44107,1973.0
57146,811.0
62879,219.0
74080,1701.0
58223,638.0
08332,37.0
19041,427.0
85080,1748.0
54469,410.0
38485,11753.0
58049,83.0
66091,55.0
88305,190.0
04032,128.0
24319,467.0
88092,585.0
50491,431.0
68094,915.0
07212,210.0
80085,38.0
14609,538.0
2B187,130.0
27500,1670.0
76111,612.0
72126,295.0
86087,183.0
57616,3514.0
64281,148.0
76151,252.0
64021,704.0
64251,224.0
24392,528.0
12009,41.0
57081,126.0
42195,989.0
12208,7992.0
01090,360.0
34344,8573.0
76623,116.0
16381,164.0
34306,221.0
16171,651.0
24022,207.0
73142,808.0
34324,4167.0
31195,29.0
82033,14178.0
53107,2511.0
85078,730.0
01398,1449.0
25493,922.0
02237,1503.0
73024,753.0
40068,589.0
45027,386.0
65101,755.0
64225,614.0
66148,3969.0
08090,2810.0
77342,115.0
80620,7291.0
09229,486.0
56078,11947.0
69053,538.0
52360,168.0
59241,512.0
76067,598.0
80040,172.0
76726,324.0
62089,403.0
68209,846.0
89418,4301.0
25490,378.0
52297,278.0
54054,1535.0
05009,95.0
88043,109.0
29119,1512.0
08167,72.0
02752,283.0
61035,271.0
81101,1282.0
52306,454.0
87155,182.0
50483,985.0
60629,193.0
85140,1493.0
10022,201.0
26058,19581.0
60438,191.0
76375,276.0
51235,236.0
81174,616.0
57372,1362.0
57361,616.0
09294,97.0
01426,2500.0
18052,1014.0
80171,581.0
77222,4414.0
31235,53.0
80018,250.0
08422,135.0
07120,62.0
81255,519.0
55256,145.0
78413,398.0
32001,720.0
52321,180.0
67068,286.0
62669,304.0
28226,911.0
29150,6756.0
17298,995.0
62733,294.0
23015,805.0
18039,314.0
78650,15646.0
33317,1186.0
60548,605.0
33485,1897.0
59272,4977.0
47028,851.0
05136,724.0
66136,119656.0
16065,628.0
10058,228.0
10433,254.0
54256,313.0
60514,246.0
2B033,48768.0
14630,717.0
55310,112.0
30187,302.0
60049,103.0
30317,1794.0
02737,551.0
27451,289.0
88089,549.0
68008,583.0
51379,506.0
33022,3076.0
88298,61.0
10023,201.0
72137,2203.0
71121,322.0
84101,427.0
91093,639.0
2A061,115.0
38448,1406.0
82071,37.0
18249,402.0
91374,238.0
78362,21376.0
57724,2975.0
71502,1591.0
83018,3095.0
52017,706.0
25589,79.0
51454,179380.0
14079,1550.0
71464,179.0
82062,1499.0
11063,608.0
68201,3653.0
34327,7044.0
04065,636.0
77180,1255.0
91081,688.0
50519,604.0
12269,126.0
49011,416.0
61422,615.0
63024,167.0
21388,612.0
76148,329.0
57748,743.0
51579,178.0
95491,8393.0
70453,80.0
02707,179.0
16055,865.0
54105,529.0
66224,3301.0
64233,1341.0
30147,1557.0
43035,83.0
21647,118.0
52217,85.0
88192,107.0
17206,283.0
24002,1796.0
71206,244.0
32129,131.0
02775,926.0
61357,183.0
08339,304.0
2B217,47.0
01293,148.0
57272,91.0
67223,1221.0
54555,86.0
39420,206.0
77007,354.0
32367,62.0
70418,518.0
65200,104.0
52534,1476.0
54148,639.0
72227,36.0
79295,711.0
39091,85.0
58071,137.0
25013,245.0
57127,148.0
28058,367.0
62905,1040.0
26338,1825.0
08111,774.0
25415,350.0
11436,371.0
57095,570.0
45302,16679.0
80489,5767.0
69265,811.0
43036,408.0
39560,593.0
22257,404.0
84095,819.0
17010,4117.0
13112,8713.0
14297,610.0
07167,1015.0
16054,178.0
02613,602.0
56239,1616.0
68330,347.0
70065,75.0
56225,205.0
43070,170.0
38188,1378.0
80481,459.0
50234,71.0
01364,767.0
34225,3020.0
45178,1385.0
19020,112.0
69116,3838.0
54455,156.0
77486,887.0
46054,387.0
42065,1432.0
48003,262.0
31140,197.0
35162,3331.0
29185,3528.0
36117,424.0
80546,600.0
07349,4791.0
94078,35492.0
52390,60.0
35060,1025.0
83056,2610.0
61234,1105.0
32368,539.0
60312,112.0
15094,798.0
69121,3031.0
62339,109.0
43109,79.0
29051,8553.0
91225,3086.0
72369,577.0
02218,646.0
76249,850.0
76345,279.0
56075,6068.0
32252,1125.0
73304,1580.0
72095,8003.0
74200,3192.0
24377,153.0
09030,531.0
38521,62.0
32160,9324.0
74014,1797.0
68208,605.0
55369,807.0
65431,97.0
76005,3296.0
16121,428.0
35201,889.0
15221,1370.0
73131,299.0
31352,215.0
70174,143.0
09034,44.0
71566,960.0
45038,416.0
23205,144.0
06109,945.0
24478,189.0
45118,325.0
18194,975.0
62193,67380.0
63050,3376.0
76528,603.0
77127,1879.0
27474,1130.0
10213,162.0
32052,135.0
80015,66.0
25441,67.0
09213,238.0
60228,468.0
40185,350.0
07249,97.0
30261,260.0
02584,116.0
23018,236.0
35016,2197.0
27340,705.0
05135,59.0
69131,3543.0
36191,518.0
24322,29516.0
22044,1812.0
62534,3575.0
25435,174.0
63404,572.0
71095,433.0
39555,243.0
23243,147.0
38376,824.0
66157,23.0
62288,2171.0
59520,1429.0
58254,559.0
02813,251.0
11130,231.0
76320,306.0
61304,284.0
52486,61.0
45001,195.0
07259,1646.0
68257,948.0
07174,505.0
66184,50.0
25295,310.0
31374,1039.0
70061,86.0
70553,114.0
35150,3322.0
57214,402.0
55326,108.0
63219,702.0
17166,1328.0
22042,498.0
91399,201.0
11189,111.0
56238,370.0
32281,105.0
67256,3458.0
79313,635.0
54276,786.0
70158,104.0
47192,77.0
25599,253.0
60397,71.0
54477,162.0
35047,19651.0
37067,1822.0
62401,4427.0
55096,109.0
08074,57.0
44179,5299.0
17009,1285.0
50423,218.0
26166,6619.0
24195,107.0
16378,576.0
60411,771.0
22352,275.0
73145,465.0
54307,158.0
31315,959.0
28202,327.0
53019,118.0
10262,389.0
973302,63468.0
73179,12299.0
11184,95.0
65293,97.0
01389,1857.0
79281,1314.0
38348,4752.0
24060,72.0
14402,100.0
40132,1409.0
62867,259.0
38134,932.0
64387,619.0
63365,416.0
60197,945.0
60174,216.0
04218,216.0
10373,372.0
2B273,42.0
46159,237.0
50451,133.0
22277,2295.0
80172,551.0
28061,3248.0
82026,626.0
37184,317.0
02734,267.0
02445,272.0
60527,145.0
2B366,108.0
35326,2597.0
14344,389.0
66041,969.0
76374,1170.0
71360,1883.0
55150,509.0
65381,33.0
11223,24.0
33550,40500.0
81143,771.0
70038,314.0
68036,2501.0
70225,98.0
30131,1116.0
25492,96.0
65171,38.0
65167,25.0
45256,252.0
79176,865.0
84126,801.0
95607,27025.0
79205,74.0
27627,259.0
25537,288.0
02257,438.0
21147,35.0
67480,1806.0
41043,1677.0
27553,417.0
71451,93.0
32350,30.0
46200,257.0
05157,167.0
52519,46.0
51659,47.0
37069,234.0
08463,54.0
80280,121.0
25461,300.0
71571,432.0
35088,3543.0
80498,647.0
61508,3069.0
21033,164.0
59601,2679.0
29131,474.0
62727,1509.0
60600,640.0
10060,3034.0
24311,3041.0
02085,991.0
84002,1061.0
76023,304.0
21544,54.0
39086,233.0
62208,69.0
61358,227.0
02039,175.0
65453,75.0
70306,474.0
50429,733.0
57546,792.0
26225,707.0
16127,93.0
06159,4989.0
67006,228.0
51357,628.0
28007,2696.0
35362,1204.0
34067,1566.0
85097,3172.0
32190,521.0
46125,334.0
67249,230.0
13035,6887.0
28196,3224.0
31420,2798.0
13118,3726.0
26258,852.0
55442,243.0
26111,99.0
70122,1618.0
80051,250.0
64141,387.0
57100,175.0
80039,1370.0
38265,1717.0
02745,113.0
32221,236.0
88261,633.0
48168,192.0
95523,448.0
55456,220.0
52514,332.0
70135,32.0
11059,147.0
17060,229.0
82073,959.0
52438,111.0
52205,689.0
19115,297.0
10178,254.0
64274,369.0
76370,434.0
55252,159.0
75108,35123.0
32381,394.0
25110,1031.0
32424,226.0
35290,601.0
91243,2297.0
13012,607.0
63053,264.0
59046,832.0
81206,592.0
31487,225.0
45195,560.0
74025,1477.0
62906,1791.0
51376,156.0
05101,1132.0
56168,2261.0
63240,466.0
33418,378.0
58165,172.0
03067,133.0
14740,1181.0
62189,133.0
35207,6116.0
72075,995.0
64119,674.0
57238,196.0
32223,59.0
59560,12834.0
64433,332.0
24164,1186.0
76488,527.0
57526,381.0
76312,5944.0
03108,370.0
07244,250.0
51367,1007.0
29167,2006.0
23160,265.0
35294,2266.0
38363,924.0
47141,277.0
30046,1000.0
22268,595.0
80360,2127.0
22325,3175.0
51658,104.0
71172,89.0
90098,249.0
03161,905.0
87160,493.0
21491,72.0
31107,5737.0
18245,479.0
33552,1109.0
76387,379.0
57668,1262.0
85112,2813.0
40184,7364.0
89482,105.0
64401,79.0
67290,925.0
33095,1336.0
42044,12066.0
78238,2424.0
74095,321.0
10222,430.0
54220,76.0
81009,66.0
10004,213.0
27023,709.0
76122,502.0
39007,148.0
38429,286.0
25012,171.0
83083,1466.0
33097,2418.0
77300,624.0
81156,3449.0
36185,352.0
60654,260.0
32312,673.0
51527,262.0
22335,239.0
78071,604.0
65390,431.0
84083,2492.0
65482,437.0
87203,1327.0
41265,277.0
19284,85.0
17064,3060.0
27663,168.0
84109,169.0
88341,497.0
72136,311.0
50563,283.0
93059,32379.0
01354,14558.0
54086,355.0
21258,213.0
10177,155.0
44038,3000.0
89344,1474.0
27386,1295.0
51395,93.0
80225,193.0
71519,186.0
01007,2833.0
17433,202.0
78407,641.0
67494,582.0
10351,357.0
18252,295.0
69188,911.0
50498,810.0
25499,122.0
41149,3666.0
81220,5775.0
58061,126.0
33432,235.0
87120,505.0
72354,164.0
25108,315.0
21493,571.0
64423,185.0
39274,295.0
36188,171.0
04001,1413.0
19062,1162.0
62264,1323.0
50452,657.0
21076,854.0
10423,403.0
28359,4057.0
02540,1206.0
77345,660.0
11180,59.0
17325,513.0
89136,853.0
38567,414.0
62847,2016.0
57084,300.0
56140,3698.0
95157,118.0
57009,103.0
62451,490.0
2B201,197.0
01037,310.0
71148,842.0
25383,284.0
21609,502.0
66057,531.0
38185,157477.0
70290,191.0
26094,904.0
29020,5808.0
52204,62.0
56054,3974.0
57478,86.0
59546,1154.0
81157,312.0
91552,11305.0
23008,3108.0
80385,463.0
2A272,3570.0
34152,669.0
65415,249.0
10173,475.0
66027,696.0
79105,459.0
61129,356.0
47147,681.0
48053,192.0
60021,517.0
64205,237.0
51386,145.0
42071,6889.0
33102,373.0
81050,351.0
80668,167.0
78283,291.0
93033,6882.0
14589,958.0
41031,2686.0
71151,79.0
52246,585.0
91044,4752.0
47025,551.0
2B219,81.0
25202,299.0
87112,618.0
15254,119.0
10271,600.0
57309,483.0
23226,166.0
16272,556.0
62316,212.0
2B020,595.0
25111,377.0
64006,457.0
10037,427.0
62271,833.0
39192,73.0
42121,166.0
01272,1515.0
67182,1740.0
38454,2115.0
21615,241.0
89187,82.0
08293,137.0
17179,1789.0
80676,152.0
93050,37531.0
54084,942.0
74298,9874.0
64452,261.0
67423,599.0
39047,505.0
22103,974.0
71396,483.0
54178,200.0
65323,79.0
62276,5795.0
76459,339.0
80646,81.0
12163,213.0
54449,1051.0
42161,575.0
42327,655.0
81105,13166.0
69172,763.0
21716,155.0
89074,2092.0
25041,368.0
54121,194.0
60584,4606.0
87033,796.0
65269,164.0
61480,230.0
57413,3611.0
88199,77.0
27339,799.0
62126,9111.0
89182,174.0
42197,1045.0
47024,1648.0
67247,1002.0
57665,1046.0
54094,173.0
25156,1146.0
46020,229.0
01400,137.0
71050,353.0
32083,1039.0
40248,1881.0
50192,131.0
80342,451.0
57711,390.0
47250,138.0
87142,544.0
02505,208.0
63032,10650.0
35114,262.0
76396,341.0
62783,321.0
74032,1334.0
54246,63.0
34246,2160.0
24045,248.0
02387,999.0
52500,619.0
48187,98.0
14001,1187.0
75118,188446.0
70510,131.0
70077,221.0
71358,104.0
62435,107.0
46023,511.0
47193,198.0
32014,120.0
77382,5435.0
28275,669.0
21662,32.0
70226,309.0
30311,1925.0
05154,158.0
33133,71.0
60435,498.0
89211,66.0
92072,22618.0
50444,2520.0
35355,1273.0
61464,4191.0
69279,6160.0
67180,35715.0
13003,2764.0
74131,2049.0
62745,165.0
19107,1641.0
79145,367.0
77363,1548.0
57556,3051.0
63237,417.0
63204,1138.0
70319,131.0
35193,2016.0
25362,286.0
89284,177.0
86097,331.0
62445,840.0
02305,2925.0
57199,693.0
52480,341.0
17427,215.0
17134,439.0
32425,1151.0
37079,1776.0
25042,225.0
34257,216.0
45023,107.0
74138,1503.0
86233,2740.0
36236,313.0
80333,1294.0
45251,296.0
95500,31327.0
02338,248.0
02774,121.0
60179,156.0
50240,562.0
03169,315.0
22136,9762.0
53002,610.0
01375,781.0
55145,618.0
57491,7330.0
17308,2772.0
32461,120.0
55053,366.0
55217,118.0
59538,418.0
38424,180.0
59283,626.0
39225,188.0
24396,1551.0
86026,546.0
04172,735.0
62415,465.0
87193,49.0
65066,35.0
03055,942.0
09082,454.0
57241,164.0
14328,1351.0
15155,83.0
62854,611.0
67017,299.0
87081,1109.0
14446,95.0
59456,6232.0
57385,1268.0
71460,479.0
76527,440.0
77023,362.0
06032,4508.0
31416,653.0
80702,1386.0
35214,647.0
25467,2102.0
63181,556.0
18174,267.0
95675,1564.0
22074,642.0
11135,12.0
33333,3371.0
62907,8138.0
41188,117.0
974422,81943.0
19094,1136.0
27110,644.0
57360,1215.0
38337,6622.0
25194,118.0
55376,82.0
68302,747.0
05131,76.0
79135,915.0
88082,764.0
24223,2881.0
03200,1492.0
60604,266.0
74013,2327.0
19189,39.0
38009,1029.0
79189,1705.0
57392,531.0
51503,83.0
03039,385.0
89204,660.0
26085,2796.0
57045,112.0
02666,949.0
21042,159.0
10082,236.0
17448,1183.0
67200,1006.0
72056,1323.0
25451,163.0
70540,80.0
51417,368.0
38442,939.0
26078,948.0
68172,1835.0
51611,289.0
12050,448.0
59286,14757.0
65372,658.0
94077,21129.0
67317,658.0
59240,127.0
48152,260.0
55065,115.0
45271,961.0
51130,240.0
49302,446.0
62004,7938.0
83115,14433.0
54112,717.0
71048,171.0
53187,229.0
17316,387.0
02184,340.0
90053,2978.0
47197,253.0
56241,1027.0
02465,528.0
85013,1525.0
68034,307.0
68035,327.0
16321,45.0
49140,1500.0
61292,646.0
58036,445.0
02684,3252.0
10044,32.0
72307,238.0
57134,1892.0
82097,1633.0
67277,775.0
21524,90.0
03187,613.0
61297,729.0
17019,1297.0
17156,128.0
17236,1522.0
31024,451.0
23084,144.0
81223,60.0
37193,1129.0
33500,457.0
08121,133.0
87109,341.0
33389,3081.0
80803,275.0
60211,596.0
70303,156.0
64070,336.0
18203,94.0
29266,3089.0
59334,1582.0
54286,1575.0
33223,226.0
60405,1135.0
81187,215.0
51480,135.0
21514,101.0
39575,91.0
51635,108.0
40046,14551.0
50315,246.0
73140,278.0
86222,4271.0
42060,513.0
31142,229.0
66114,1612.0
31443,304.0
08496,116.0
50138,563.0
46122,100.0
35149,1802.0
88319,3037.0
81287,270.0
39083,332.0
21222,119.0
22314,398.0
10276,333.0
11408,473.0
13078,8446.0
03031,295.0
76304,390.0
15006,714.0
86226,2863.0
41048,228.0
77187,580.0
24473,352.0
73258,684.0
68318,2432.0
87022,116.0
80428,130.0
40078,391.0
29238,823.0
76517,3110.0
18144,464.0
42267,1694.0
57255,569.0
88247,1152.0
29292,313.0
72141,895.0
59359,6039.0
03284,284.0
21670,295.0
21665,161.0
12107,321.0
77081,731.0
19261,764.0
68001,1125.0
59186,88.0
74091,357.0
33198,1622.0
40191,613.0
68373,294.0
59084,2043.0
29115,311.0
61333,176.0
27259,92.0
61209,397.0
41051,1070.0
89148,268.0
11373,69.0
60188,2161.0
05123,1626.0
54447,72.0
47144,559.0
63354,1231.0
79158,124.0
68011,1288.0
21157,21.0
43173,89.0
27126,1106.0
15134,822.0
49067,341.0
26073,241.0
973356,2146.0
92009,29765.0
02509,155.0
21407,244.0
11028,373.0
07279,1942.0
18146,302.0
39166,214.0
79208,1114.0
38399,4687.0
03096,90.0
32467,143.0
58263,163.0
58291,182.0
52311,225.0
16359,1011.0
23051,77.0
56058,3404.0
81046,1531.0
57302,204.0
42236,533.0
27053,206.0
10248,390.0
02308,503.0
76125,1579.0
54502,246.0
22070,7105.0
69220,1883.0
57628,4392.0
07141,235.0
35339,622.0
62334,852.0
56092,831.0
39386,93.0
60207,285.0
22187,14704.0
67013,271.0
85189,2161.0
18044,402.0
70516,237.0
61002,645.0
44192,2764.0
21505,712.0
86123,3058.0
02570,173.0
14325,3203.0
70535,151.0
01197,380.0
76534,1207.0
09065,233.0
56099,396.0
40157,1690.0
57704,643.0
62829,429.0
50364,722.0
10391,303.0
26165,9298.0
63221,119.0
26057,9578.0
59238,1649.0
33345,398.0
76178,4907.0
62275,296.0
70571,38.0
67028,5870.0
54405,523.0
25197,623.0
09252,88.0
15074,744.0
57277,145.0
21204,88.0
32193,237.0
32290,1180.0
12122,124.0
62358,234.0
39221,32.0
32145,45.0
31183,313.0
51351,113.0
58037,593.0
76485,279.0
61208,615.0
24335,2501.0
36102,104.0
37213,1083.0
63065,173.0
12060,116.0
14298,131.0
26292,213.0
59133,1076.0
11296,587.0
65258,5810.0
79209,327.0
31493,128.0
90102,705.0
65088,49.0
37018,8217.0
24100,482.0
15245,251.0
72338,808.0
62380,355.0
21254,203.0
71472,203.0
07058,1006.0
14043,67.0
21202,143.0
17226,989.0
33030,2065.0
73282,1085.0
68169,501.0
25348,613.0
90048,131.0
77234,683.0
86225,1331.0
80793,2299.0
89445,52.0
89244,83.0
27233,718.0
52474,33.0
33351,1622.0
26020,250.0
41278,255.0
94079,30669.0
17473,123.0
80579,810.0
71269,1957.0
10042,196.0
25299,110.0
51243,317.0
41087,327.0
86119,306.0
13052,2738.0
40287,4582.0
95611,53.0
55017,115.0
60436,76.0
27533,488.0
89246,343.0
76695,276.0
26336,575.0
88364,145.0
68333,304.0
08429,525.0
46235,171.0
51186,48.0
57631,20624.0
35121,2051.0
70469,210.0
72125,301.0
02364,250.0
57480,21854.0
25136,517.0
04242,4355.0
45229,2569.0
59624,2156.0
41211,2723.0
69019,13542.0
80414,128.0
15075,73.0
04234,227.0
62586,445.0
50481,908.0
48117,126.0
16198,473.0
33325,939.0
64542,68.0
21561,464.0
36214,301.0
21354,55.0
974408,35245.0
12078,173.0
09257,641.0
38027,1998.0
07066,3020.0
13117,35532.0
13088,5194.0
04012,88.0
76603,468.0
62354,906.0
47253,656.0
04047,821.0
72150,1270.0
62132,5059.0
77303,234.0
86012,143.0
41139,1066.0
28312,130.0
71176,7498.0
70008,148.0
65006,279.0
49193,3839.0
16120,1519.0
25386,120.0
89003,2772.0
02356,233.0
38130,4806.0
52291,59.0
54551,60.0
72120,234.0
66047,18.0
31189,220.0
19136,2279.0
49176,5254.0
71276,131.0
52494,213.0
18265,790.0
50297,1002.0
57340,1349.0
44022,2773.0
77110,301.0
59017,25581.0
66020,808.0
68226,4707.0
23115,245.0
38396,809.0
25050,508.0
70478,873.0
24491,583.0
39055,52.0
65016,186.0
43041,4246.0
24056,234.0
14445,89.0
2B244,42.0
21494,84.0
17424,391.0
50618,227.0
46092,218.0
27632,601.0
88264,63.0
01298,161.0
02326,464.0
35119,941.0
66128,26.0
08424,129.0
60036,391.0
58114,90.0
52006,360.0
87050,9828.0
10372,419.0
72103,608.0
78437,684.0
90079,332.0
57673,50.0
35023,4509.0
05077,304.0
26175,225.0
08191,1056.0
64060,2005.0
39331,864.0
71161,330.0
59501,1243.0
66145,2922.0
82093,694.0
51510,119.0
15014,25815.0
54418,175.0
54337,129.0
35108,1036.0
14242,1672.0
38198,1130.0
44087,7642.0
63369,120.0
70533,115.0
39286,2333.0
01344,6063.0
67174,1128.0
31308,46.0
26231,2635.0
22364,2892.0
68282,278.0
11355,368.0
45262,138.0
07267,270.0
72166,305.0
18185,235.0
24037,26323.0
77525,381.0
42039,449.0
21591,863.0
21421,235.0
27245,279.0
01151,1139.0
67059,381.0
56094,6966.0
82107,49.0
63101,67.0
70017,234.0
34052,3318.0
36209,261.0
12217,739.0
25133,2020.0
60699,164.0
88451,2364.0
47189,142.0
81071,79.0
54017,74.0
14024,597.0
30174,1388.0
91247,502.0
21382,187.0
68097,1305.0
02165,1624.0
08304,78.0
03017,186.0
27137,197.0
16264,318.0
59160,4515.0
05012,631.0
30116,1064.0
39193,1014.0
65165,173.0
42159,1582.0
01169,650.0
61362,527.0
58120,214.0
72341,612.0
45134,1432.0
51020,52.0
74105,6738.0
88352,193.0
55247,47.0
72022,1214.0
81234,88.0
52201,70.0
62373,1006.0
70031,636.0
86116,792.0
55196,124.0
81031,874.0
65401,569.0
79293,1102.0
18096,2069.0
33414,395.0
07129,2342.0
47181,271.0
49358,573.0
65379,14.0
08392,185.0
16280,2012.0
46189,488.0
37234,486.0
60072,314.0
11149,76.0
29298,578.0
15251,127.0
28336,98.0
24404,177.0
51476,803.0
32431,42.0
21560,291.0
51479,244.0
95051,9158.0
25446,189.0
57767,1396.0
62753,6507.0
66232,27.0
59505,750.0
61146,392.0
68163,5643.0
46095,1012.0
57377,244.0
03257,793.0
34082,1909.0
14586,154.0
50184,1724.0
76231,15951.0
18020,843.0
65137,97.0
10192,129.0
36180,816.0
83121,3784.0
18024,104.0
12260,175.0
18009,274.0
25454,2153.0
65153,117.0
41007,746.0
31348,36.0
66054,61.0
86184,954.0
10200,95.0
63449,320.0
43186,409.0
01077,189.0
44197,1647.0
61265,160.0
17293,705.0
70259,364.0
89466,386.0
55276,220.0
41044,1122.0
51521,224.0
54474,193.0
46206,118.0
52027,69.0
14457,129.0
60578,1064.0
45276,508.0
04159,86.0
36044,42968.0
64412,86.0
82101,1227.0
69260,5140.0
2A279,118.0
08116,1022.0
12267,604.0
16176,295.0
12001,1103.0
59129,2262.0
41229,1447.0
30206,4237.0
89315,162.0
14251,563.0
65318,234.0
80439,159.0
55204,292.0
09058,194.0
59061,275.0
47319,110.0
71175,363.0
55436,28.0
24355,430.0
07328,612.0
73208,1023.0
86118,370.0
81002,2510.0
28229,11057.0
42009,521.0
69026,535.0
71410,786.0
49064,397.0
69141,6274.0
62865,4787.0
50168,2828.0
51075,1442.0
70329,65.0
81135,94.0
70387,647.0
72249,787.0
22163,679.0
81139,1694.0
38020,179.0
41102,378.0
32437,210.0
43213,2291.0
52012,29.0
85227,1903.0
81063,1617.0
86106,93.0
07156,925.0
60041,2323.0
72342,160.0
07316,2295.0
51167,151.0
21455,204.0
95144,77.0
44155,3485.0
19093,954.0
33084,1810.0
70309,459.0
49214,7842.0
02066,191.0
89337,1024.0
76626,411.0
22380,684.0
81090,250.0
70358,267.0
39189,2603.0
65192,341.0
67524,517.0
68383,324.0
22300,401.0
02005,393.0
31344,747.0
39250,183.0
32308,104.0
2B182,254.0
71574,834.0
76321,1746.0
25347,836.0
25471,139.0
17451,544.0
08369,131.0
55386,223.0
29209,3892.0
88400,265.0
26372,38.0
35192,234.0
17048,319.0
61438,166.0
34244,3378.0
52061,294.0
56155,2028.0
73096,1044.0
63324,200.0
54192,327.0
08322,344.0
01416,1013.0
32427,58.0
64393,4426.0
62862,151.0
11145,3896.0
07113,317.0
86074,924.0
82181,203.0
66085,434.0
50188,1100.0
60037,511.0
02243,2999.0
42253,1162.0
18171,245.0
55281,91.0
81292,535.0
71255,172.0
58302,918.0
44028,3992.0
34312,1324.0
64012,131.0
38010,717.0
22028,830.0
29022,2447.0
77312,2621.0
82140,459.0
64188,1057.0
60563,629.0
76315,1072.0
32035,236.0
02362,239.0
51116,286.0
79243,282.0
21694,23.0
02696,72.0
17329,382.0
66062,173.0
65140,31.0
80523,1266.0
85006,1948.0
12104,485.0
65376,210.0
03298,3609.0
16138,3842.0
58095,5152.0
37157,313.0
62140,487.0
57598,1978.0
27576,644.0
22169,177.0
62633,254.0
16348,1281.0
22204,1224.0
32262,416.0
22168,7175.0
25336,555.0
66101,2140.0
51518,602.0
84025,1795.0
31087,319.0
39517,539.0
45060,771.0
48179,111.0
39317,355.0
23111,238.0
19111,102.0
89475,108.0
68350,475.0
81290,169.0
41166,388.0
77083,25695.0
37035,282.0
10294,59.0
84080,13129.0
32017,134.0
64391,295.0
61483,2704.0
14652,75.0
31457,796.0
64104,583.0
88097,42.0
60192,219.0
16234,686.0
79095,577.0
14576,512.0
45342,397.0
38271,867.0
11120,531.0
18158,850.0
80016,9781.0
16224,719.0
03283,1029.0
2B344,43.0
32256,3454.0
51310,214.0
25150,290.0
88169,215.0
56076,1347.0
54031,264.0
01073,992.0
80777,136.0
21169,167.0
95212,126.0
24291,2759.0
63223,540.0
06158,781.0
45316,782.0
55133,83.0
01043,4877.0
61352,179.0
26220,6771.0
72243,1624.0
89437,294.0
01155,142.0
55109,229.0
86093,161.0
25426,327.0
08310,70.0
25161,25.0
10321,3651.0
63286,267.0
88259,295.0
09296,153.0
89336,280.0
70548,135.0
57204,540.0
67048,460.0
56127,3170.0
60288,477.0
22387,1273.0
70233,131.0
10167,88.0
45261,1351.0
62355,596.0
57307,255.0
32059,126.0
58062,1931.0
21134,235.0
76748,657.0
16158,303.0
77373,38258.0
28415,1716.0
61350,161.0
58127,188.0
15200,150.0
45250,245.0
83063,1831.0
09077,189.0
44103,7252.0
04109,324.0
28353,398.0
46165,481.0
02575,1638.0
2B343,1808.0
24442,2051.0
47183,203.0
66126,344.0
58101,185.0
70568,57.0
40275,621.0
62817,1519.0
27488,199.0
24055,780.0
82163,52.0
67420,1237.0
17022,977.0
71336,3134.0
50436,1259.0
71426,520.0
2A114,1651.0
14050,190.0
30082,4280.0
22020,2924.0
07293,939.0
52105,293.0
61061,1469.0
25331,245.0
82121,61919.0
86294,3693.0
70013,67.0
37273,5584.0
10204,140.0
60486,570.0
87037,264.0
55580,50.0
76523,177.0
65466,82.0
28293,1191.0
31359,64.0
29014,429.0
10065,84.0
22146,399.0
11311,265.0
62712,1124.0
03321,12598.0
51645,108.0
22063,550.0
71586,260.0
67335,940.0
18045,391.0
33484,1824.0
05133,1515.0
03217,759.0
31371,414.0
72073,1156.0
43096,880.0
60248,218.0
56166,5784.0
62448,1881.0
29241,7609.0
47303,225.0
43010,1208.0
17258,303.0
63208,325.0
62083,7366.0
02328,513.0
68117,872.0
28330,1325.0
50464,621.0
68238,970.0
62475,239.0
05176,279.0
44116,3015.0
62899,848.0
21251,303.0
18149,550.0
02772,148.0
47084,267.0
15001,794.0
49036,765.0
22131,792.0
62868,258.0
16086,849.0
95566,2663.0
72077,423.0
85291,1253.0
70143,119.0
63450,230.0
62662,867.0
17198,310.0
51005,176.0
90054,534.0
72219,794.0
70555,166.0
76136,687.0
84058,438.0
21171,10944.0
77203,1345.0
10138,137.0
84147,3337.0
35225,777.0
59326,1181.0
71216,195.0
76503,1281.0
02770,778.0
62182,238.0
06066,1608.0
09103,924.0
02428,74.0
77366,292.0
59270,475.0
21184,67.0
59522,1949.0
34123,12783.0
53109,623.0
80026,31.0
26257,462.0
50205,288.0
17280,788.0
54156,473.0
31198,112.0
29047,1926.0
01041,749.0
70154,371.0
59006,223.0
45012,180.0
51224,167.0
66056,1098.0
59294,307.0
89409,61.0
79336,227.0
58308,61.0
21103,2402.0
27478,978.0
41077,123.0
19010,2869.0
60272,634.0
22278,44224.0
26067,59.0
51647,838.0
71134,658.0
93051,70374.0
65411,76.0
71567,244.0
13210,59002.0
88016,201.0
55218,42.0
76130,272.0
89171,287.0
2B340,111.0
62672,656.0
62088,337.0
40233,3128.0
23074,187.0
69218,1046.0
29196,2204.0
79337,863.0
59148,363.0
09145,250.0
55167,613.0
55138,125.0
58243,115.0
33156,279.0
16222,318.0
81196,843.0
55387,243.0
62772,505.0
64047,237.0
67321,328.0
67491,248.0
58075,221.0
61303,520.0
49261,8464.0
49009,460.0
88117,79.0
03126,1186.0
40246,1165.0
10024,169.0
50087,2149.0
70298,122.0
35284,2801.0
57453,300.0
64048,136.0
51465,161.0
39344,333.0
33137,221.0
72276,1888.0
85101,483.0
26122,185.0
74174,593.0
71238,996.0
40235,695.0
74150,1687.0
68029,1108.0
08362,7425.0
71485,254.0
29281,1007.0
55378,241.0
51526,390.0
94021,20326.0
59422,626.0
57384,624.0
38273,465.0
26103,504.0
74162,1058.0
37274,305.0
32105,418.0
95539,15209.0
65022,114.0
02371,1557.0
80207,328.0
32104,160.0
09163,81.0
39561,385.0
14607,137.0
26206,2960.0
71314,201.0
63063,8946.0
25022,1484.0
2A004,73822.0
82104,183.0
25089,101.0
28404,12455.0
50324,109.0
08210,112.0
12154,646.0
76302,2839.0
09237,29.0
64311,148.0
40259,428.0
60087,344.0
28355,297.0
2B105,100.0
62351,6233.0
30032,15680.0
03035,199.0
03218,268.0
82128,108.0
04004,541.0
38135,1300.0
52433,87.0
39032,362.0
71559,526.0
31259,2063.0
48075,898.0
62665,212.0
88516,4793.0
52337,61.0
70235,137.0
65409,282.0
68020,1618.0
86204,2113.0
73300,2945.0
51472,1023.0
68299,308.0
45174,260.0
27298,319.0
10367,675.0
55383,221.0
60470,898.0
57713,247.0
12016,813.0
10297,5143.0
71171,301.0
55127,45.0
18097,1938.0
57395,204.0
06027,52580.0
72096,1633.0
14678,611.0
25349,615.0
80310,673.0
40331,2465.0
13040,10115.0
83053,2407.0
74183,2486.0
52008,863.0
21294,438.0
19003,232.0
11322,1021.0
64429,107.0
63276,2099.0
76074,52.0
60014,162.0
59409,2501.0
81310,151.0
70559,191.0
64229,128.0
38005,940.0
40151,428.0
30022,168.0
44072,7133.0
31127,4.0
03129,304.0
51633,300.0
14659,1438.0
02525,556.0
85192,983.0
62144,469.0
06099,1813.0
69062,791.0
51079,839.0
51589,168.0
07340,1506.0
02511,310.0
14681,145.0
74122,644.0
18209,439.0
39402,363.0
32274,194.0
80187,679.0
55363,89.0
53267,1166.0
81150,420.0
19265,343.0
67322,1105.0
07274,200.0
38395,2415.0
60053,578.0
70362,124.0
88138,78.0
21317,4334.0
49132,1541.0
70444,170.0
64002,162.0
46105,798.0
01068,761.0
72018,83.0
39454,93.0
57524,128.0
86081,1421.0
79348,209.0
72121,317.0
47160,179.0
50311,225.0
88177,517.0
62834,253.0
55500,818.0
47095,859.0
12097,250.0
03276,103.0
50072,211.0
73110,765.0
22040,553.0
38508,822.0
57281,232.0
14601,169.0
45156,594.0
21306,214.0
57230,193.0
63327,2072.0
73315,443.0
80062,1448.0
57010,159.0
89286,837.0
62232,882.0
68265,800.0
91471,16007.0
81314,533.0
31553,1132.0
77220,264.0
70030,45.0
33511,344.0
62512,563.0
90004,567.0
17163,512.0
54419,74.0
44178,2645.0
08336,230.0
08173,1695.0
57726,386.0
61199,332.0
88478,96.0
57367,216.0
91679,1097.0
50447,461.0
11069,46218.0
55026,128.0
21159,98.0
28264,137.0
06043,817.0
11043,219.0
80417,1640.0
25462,17849.0
80205,888.0
52005,30.0
07332,435.0
26016,421.0
81325,1984.0
28157,140.0
07268,939.0
35309,812.0
49055,2380.0
70083,404.0
71205,667.0
14277,1997.0
26378,35.0
80413,89.0
92050,97351.0
65265,330.0
61369,1024.0
72379,200.0
34193,173.0
60385,650.0
60209,544.0
11400,102.0
38264,139.0
72331,582.0
35077,346.0
77053,19213.0
972222,21305.0
01379,756.0
10402,243.0
76544,227.0
50144,529.0
21684,924.0
27548,1182.0
28094,1665.0
43046,2463.0
88466,125.0
31137,160.0
79088,1682.0
54298,155.0
88008,161.0
45148,1693.0
37229,239.0
63160,932.0
12182,284.0
70125,175.0
21410,29.0
67118,7199.0
89076,792.0
43001,173.0
34280,613.0
03238,515.0
974409,57150.0
80226,269.0
15052,159.0
31220,383.0
39162,249.0
16241,210.0
12255,759.0
60017,1163.0
47238,1548.0
02291,409.0
19144,244.0
85306,740.0
85049,1806.0
09006,56.0
52336,135.0
65374,232.0
60426,248.0
34290,753.0
50038,434.0
77216,1436.0
08381,816.0
44062,1861.0
39356,210.0
67231,215.0
71535,512.0
37028,724.0
43103,111.0
64074,44.0
55346,290.0
32039,121.0
39557,184.0
15095,349.0
09158,252.0
11334,121.0
66181,123.0
68354,916.0
79096,1167.0
62306,390.0
27202,461.0
49053,344.0
32019,527.0
67043,17939.0
67490,609.0
68382,386.0
50034,578.0
66106,2762.0
66083,41.0
66067,699.0
01099,1600.0
07318,202.0
79148,2003.0
17028,9578.0
73017,972.0
31413,531.0
70409,110.0
59211,901.0
89014,608.0
87075,7853.0
55012,424.0
33509,569.0
85284,4416.0
04084,483.0
53193,569.0
14557,1105.0
56197,2790.0
21630,215.0
55465,100.0
60132,183.0
02482,55.0
95387,63.0
09230,62.0
72107,343.0
71043,84.0
86126,645.0
45246,123.0
07289,1667.0
77386,616.0
76217,28358.0
64486,69.0
54200,161.0
58155,542.0
63462,268.0
07154,123.0
26315,409.0
24437,1001.0
38206,990.0
68158,495.0
35310,1551.0
82006,71.0
54484,181.0
14590,136.0
77380,319.0
34037,3452.0
91038,1277.0
89279,588.0
19142,122.0
06131,47.0
74172,1508.0
46006,394.0
41100,168.0
48054,47.0
55194,61.0
15202,710.0
21339,505.0
14466,340.0
78590,501.0
42179,858.0
76597,749.0
06123,30941.0
85022,1293.0
71430,387.0
56211,801.0
83077,2243.0
47233,3173.0
43164,476.0
51012,71.0
31269,1607.0
76710,102.0
24090,602.0
21120,172.0
36047,496.0
07061,422.0
40116,273.0
39035,344.0
27194,249.0
72229,456.0
55264,258.0
36208,775.0
29070,523.0
58162,100.0
62019,3913.0
86136,370.0
54435,366.0
85231,801.0
76672,957.0
21260,152.0
51420,79.0
38209,245.0
80544,184.0
03271,813.0
2B180,79.0
15231,601.0
06053,143.0
62795,113.0
16283,571.0
78517,26816.0
10126,127.0
80228,1972.0
51149,449.0
57497,261.0
31414,80.0
62444,223.0
04042,138.0
33481,233.0
04111,1369.0
51319,104.0
48097,218.0
77150,466.0
76428,16.0
08041,206.0
28377,1722.0
36029,227.0
41070,519.0
10392,411.0
51303,550.0
08190,6347.0
2B074,385.0
50431,1058.0
65429,201.0
52091,85.0
50350,534.0
53204,395.0
91186,576.0
63273,1498.0
32100,163.0
64519,4376.0
77391,493.0
88049,112.0
19091,318.0
95253,509.0
80678,770.0
23132,385.0
52380,392.0
67525,1693.0
54521,1987.0
72051,3387.0
57644,1717.0
35271,1507.0
47227,180.0
08149,138.0
32288,140.0
53163,763.0
08137,438.0
64282,1247.0
32141,116.0
25304,3575.0
82005,1541.0
57155,2986.0
59236,263.0
60026,569.0
77136,190.0
46266,536.0
10282,1384.0
60634,438.0
62681,642.0
71392,491.0
63203,1160.0
23224,71.0
18223,2505.0
02053,581.0
43145,54.0
80531,101.0
89170,118.0
11299,633.0
14741,121.0
05036,1212.0
03236,3638.0
21413,408.0
77337,15461.0
34007,467.0
08003,1659.0
54104,255.0
30111,444.0
92051,59267.0
51463,160.0
63310,170.0
61348,363.0
51102,494.0
79063,2027.0
56133,1180.0
84024,949.0
52421,432.0
79153,156.0
04086,293.0
10029,154.0
62547,64.0
21156,48.0
39513,225.0
88186,47.0
83117,1760.0
76186,500.0
50353,25.0
51292,121.0
69208,2245.0
10050,194.0
70004,310.0
85113,4877.0
53051,613.0
32449,294.0
40162,570.0
17269,703.0
25199,339.0
62737,5995.0
01232,2268.0
55117,1438.0
02464,362.0
02753,328.0
02258,372.0
82088,637.0
27036,544.0
16005,1597.0
23003,137.0
70166,147.0
38476,886.0
27046,142.0
70421,2977.0
59080,2834.0
46191,1130.0
31426,845.0
64158,170.0
16404,109.0
66121,1343.0
16096,418.0
51406,154.0
60508,3251.0
39013,3193.0
63451,420.0
31409,2399.0
63379,538.0
89080,659.0
85051,8447.0
17262,1239.0
84106,2637.0
07247,866.0
42262,1822.0
32352,113.0
59090,9713.0
39126,393.0
45062,1505.0
80754,388.0
11393,489.0
17278,790.0
65316,107.0
32401,88.0
02551,112.0
42038,730.0
27018,989.0
76573,500.0
70156,112.0
19202,2040.0
14635,189.0
22294,305.0
36165,1022.0
27355,2638.0
67500,1448.0
59519,1740.0
05026,277.0
02508,151.0
38030,1896.0
46262,624.0
67367,1303.0
77226,2511.0
88463,1477.0
42113,239.0
81225,1071.0
17423,71.0
70164,74.0
25121,260.0
74012,37918.0
60703,901.0
18170,667.0
39500,2471.0
10426,905.0
33112,137.0
95409,1254.0
27697,334.0
62788,693.0
62282,181.0
60167,592.0
44222,1245.0
77087,184.0
80351,257.0
03188,212.0
38496,1276.0
14203,187.0
16107,546.0
76278,792.0
67215,494.0
42178,887.0
57549,751.0
88116,3045.0
44110,9327.0
85100,2227.0
81099,15663.0
79019,160.0
45096,530.0
58279,171.0
93071,51845.0
81300,96.0
64148,854.0
13106,11734.0
39325,576.0
59486,2660.0
80115,285.0
32049,72.0
28239,985.0
40230,2932.0
14748,77.0
70063,210.0
66061,90.0
40089,854.0
01457,3216.0
92064,29727.0
32130,215.0
62170,2371.0
43183,111.0
21415,185.0
72364,1384.0
68170,582.0
06079,21561.0
45268,608.0
26148,1887.0
67222,4011.0
09273,674.0
89373,668.0
76318,763.0
40314,1307.0
2B171,34.0
54303,364.0
74116,2034.0
88473,90.0
87066,1065.0
14512,70.0
55380,51.0
02363,368.0
21511,132.0
81245,125.0
63343,275.0
02633,61.0
29293,7050.0
59391,889.0
25310,102.0
89237,492.0
31533,2337.0
24365,248.0
53169,408.0
08171,93.0
44170,955.0
66161,1324.0
59007,893.0
02189,349.0
08159,110.0
28265,256.0
25046,77.0
52146,164.0
62755,3338.0
72181,145004.0
89355,144.0
91145,71.0
27535,415.0
11238,144.0
50026,76.0
51534,211.0
14455,274.0
71208,206.0
33040,1208.0
62848,3459.0
02656,384.0
64370,570.0
27282,633.0
42055,134.0
59029,1486.0
87018,690.0
73077,564.0
52522,335.0
50112,452.0
53177,299.0
42186,15214.0
80624,285.0
22239,1382.0
45042,1871.0
85191,54952.0
77476,228.0
73130,2085.0
64343,723.0
55028,106.0
76245,1641.0
35061,729.0
23113,293.0
64297,178.0
02190,527.0
17373,2349.0
52518,102.0
35098,1403.0
31054,195.0
87118,1331.0
11281,1253.0
46293,485.0
59226,1455.0
35327,3864.0
38259,996.0
21464,5309.0
88099,1368.0
38098,741.0
30308,813.0
59574,11790.0
86253,549.0
55433,366.0
90103,657.0
60491,1882.0
85155,5037.0
24279,62.0
31094,2850.0
07311,152.0
80828,54.0
55425,131.0
02451,122.0
95139,318.0
76604,174.0
07240,2412.0
41230,1842.0
27146,378.0
54280,6560.0
95447,235.0
51247,145.0
2A115,151.0
16157,156.0
66045,743.0
06006,2300.0
68344,438.0
30293,347.0
35260,559.0
09194,3120.0
33283,225.0
28360,925.0
85103,2220.0
59018,1561.0
62531,941.0
19145,440.0
26266,23.0
71388,481.0
11146,418.0
15230,196.0
19009,126.0
67509,351.0
57643,200.0
02272,76.0
07143,801.0
86198,723.0
06120,1341.0
19153,3699.0
36070,1317.0
59463,976.0
64200,181.0
30057,1746.0
11038,51.0
73196,799.0
37140,262.0
09038,377.0
18260,88.0
27440,648.0
07124,43.0
54090,4134.0
38460,429.0
88183,346.0
72343,613.0
64499,4545.0
08229,137.0
02599,251.0
60176,14217.0
18073,199.0
31122,101.0
58009,125.0
33479,250.0
94053,4610.0
38023,202.0
85261,291.0
30200,929.0
43051,2400.0
07222,213.0
02188,143.0
25163,100.0
31283,254.0
30270,1544.0
43056,414.0
37191,225.0
64328,1027.0
07184,512.0
86246,817.0
08372,66.0
57029,217.0
62317,453.0
65249,100.0
60148,409.0
54224,126.0
46031,133.0
29114,344.0
27239,416.0
57473,64.0
14698,391.0
11022,1132.0
59579,1365.0
21521,929.0
10286,202.0
80019,809.0
24453,362.0
51596,350.0
33245,836.0
2B234,17.0
71032,701.0
62296,256.0
58241,311.0
68243,137.0
23101,378.0
13094,2486.0
06139,103.0
42216,676.0
77077,1038.0
81254,382.0
62263,5703.0
38095,2463.0
42272,1698.0
24573,549.0
32033,108.0
31249,1240.0
67144,358.0
60377,282.0
91469,940.0
76325,449.0
02435,83.0
74170,863.0
10352,1766.0
10083,350.0
2B111,50.0
57664,61.0
47036,372.0
22065,1720.0
36137,359.0
22178,1327.0
28148,371.0
54023,250.0
87110,2500.0
78688,10721.0
55322,54.0
95028,1765.0
06161,16779.0
80529,191.0
04070,17192.0
11315,1975.0
70490,126.0
55087,84.0
02279,544.0
09209,1002.0
39493,237.0
76596,1488.0
89063,828.0
05110,280.0
07076,3009.0
11198,1000.0
24248,287.0
04236,111.0
45079,158.0
25241,137.0
37083,1818.0
51632,222.0
58234,143.0
15135,112.0
70121,825.0
27613,373.0
63166,252.0
58158,302.0
02432,191.0
33043,323.0
14160,181.0
09327,237.0
77420,3847.0
45241,543.0
31363,213.0
59053,3246.0
69036,1138.0
17367,153.0
88285,438.0
62691,842.0
68280,390.0
35127,4081.0
16255,139.0
72008,5482.0
57702,169.0
50190,166.0
31418,989.0
89228,1354.0
95452,877.0
11441,2671.0
28163,218.0
66168,3400.0
93039,8664.0
16185,152.0
57035,114.0
71568,56.0
15118,705.0
03230,527.0
45046,1052.0
21331,338.0
04051,74.0
38547,7331.0
85232,1090.0
76158,313.0
95563,15979.0
62029,464.0
08083,363.0
12300,11720.0
42002,182.0
69389,52903.0
30186,2107.0
23251,120.0
72012,480.0
30008,1003.0
33274,3504.0
34148,4671.0
10099,527.0
45245,1124.0
37009,424.0
63398,84.0
65229,50.0
67450,762.0
2B134,3220.0
05037,528.0
65072,1880.0
70369,48.0
53258,905.0
11239,82.0
76555,807.0
62893,6358.0
04219,246.0
85040,1106.0
16215,153.0
64441,256.0
70042,96.0
14362,157.0
77426,333.0
33111,1106.0
21693,70.0
09035,197.0
67081,784.0
37264,1324.0
43228,90.0
58093,124.0
45288,391.0
92026,81516.0
03076,217.0
02180,736.0
33088,619.0
39431,334.0
28015,6288.0
19162,1239.0
62408,1447.0
65131,242.0
34086,616.0
64295,108.0
25127,2835.0
23034,30.0
19188,419.0
54242,279.0
89469,935.0
58020,245.0
67009,375.0
01249,10225.0
39130,775.0
22265,1787.0
12286,1214.0
60210,275.0
76253,833.0
53035,604.0
41032,2691.0
56106,865.0
80783,81.0
55045,545.0
06038,3716.0
34149,736.0
76472,733.0
65029,495.0
01191,155.0
71117,1088.0
51505,511.0
21470,52.0
74240,1107.0
77057,561.0
09039,340.0
50126,135.0
66090,43.0
02405,524.0
37056,564.0
22186,4063.0
62629,159.0
85001,2772.0
51260,75.0
73011,19812.0
39128,1547.0
44132,12121.0
56195,695.0
24174,140.0
46084,310.0
08103,220.0
51280,23.0
27189,417.0
64107,71.0
53153,623.0
22104,553.0
09171,66.0
77377,2313.0
30266,852.0
71146,258.0
69207,2978.0
32402,107.0
08271,103.0
60163,400.0
34230,152.0
82080,1143.0
23143,492.0
21027,1317.0
62289,690.0
56207,1168.0
38391,241.0
27614,171.0
19004,735.0
61332,309.0
68298,5049.0
63132,1307.0
77126,1772.0
84030,3458.0
47320,404.0
67444,116.0
30044,80.0
08188,980.0
78163,357.0
82081,173.0
25350,727.0
53001,1859.0
50062,105.0
15147,463.0
41182,279.0
33289,1591.0
79122,534.0
2B220,143.0
45016,894.0
57440,141.0
73213,9042.0
2B153,118.0
29144,760.0
06035,1087.0
89191,47.0
21079,127.0
31567,440.0
02449,63.0
62855,246.0
66094,3221.0
12015,229.0
65212,325.0
81154,80.0
62106,210.0
74194,894.0
65175,39.0
16303,410.0
89113,666.0
01406,175.0
63141,2015.0
69130,229.0
41150,3333.0
37155,642.0
38106,347.0
70214,121.0
21683,359.0
71046,93.0
32207,342.0
62587,9870.0
55195,128.0
61498,97.0
83142,210.0
03094,3254.0
53113,620.0
57176,1673.0
11415,121.0
24152,902.0
44082,5451.0
54345,338.0
08312,183.0
10379,449.0
91630,1524.0
31046,12.0
80718,1329.0
05111,274.0
55254,121.0
67213,621.0
59043,14869.0
48166,289.0
37194,1760.0
83140,5160.0
62589,1019.0
28323,285.0
41225,581.0
32201,337.0
95211,2383.0
73254,124.0
50428,524.0
62330,1266.0
74050,683.0
87091,381.0
25003,320.0
37012,544.0
28168,3589.0
53098,423.0
22269,262.0
18253,461.0
12284,345.0
04095,93.0
47108,242.0
31236,70.0
59634,788.0
82064,126.0
70180,444.0
21366,219.0
31225,187.0
54344,212.0
62770,3022.0
32096,1662.0
55239,0.0
14345,301.0
54571,592.0
57283,9321.0
65012,75.0
04228,38.0
65366,838.0
53269,618.0
43231,148.0
60450,4077.0
34102,353.0
76007,685.0
80586,167.0
51587,234.0
67229,195.0
44078,329.0
33364,372.0
45100,500.0
47295,313.0
24212,746.0
07153,262.0
69175,1975.0
76401,2518.0
59532,296.0
70136,495.0
62240,2266.0
19084,255.0
77434,361.0
27161,1074.0
67388,5416.0
65360,273.0
82130,170.0
40276,316.0
82013,3768.0
77204,205.0
30336,1376.0
88272,73.0
92012,119808.0
62582,658.0
33285,453.0
37075,465.0
24202,145.0
2B221,16.0
38152,1487.0
73252,251.0
03234,382.0
70113,133.0
65286,13509.0
52162,200.0
21311,70.0
52376,101.0
62641,204.0
41238,1949.0
31486,1645.0
78209,891.0
27448,5001.0
59568,484.0
86276,1236.0
59602,1395.0
21287,152.0
09293,725.0
79226,274.0
70520,123.0
74213,8773.0
38509,8138.0
33055,454.0
43170,450.0
71016,1079.0
30256,792.0
15255,1297.0
32204,365.0
86147,604.0
52141,294.0
21501,1546.0
63059,222.0
24513,311.0
54114,321.0
41001,189.0
60573,338.0
09009,266.0
10148,407.0
16062,120.0
83050,39745.0
56141,1714.0
51425,373.0
35259,1152.0
91080,1355.0
26200,92.0
74001,1488.0
73240,816.0
62840,132.0
52539,65.0
34099,47.0
40229,1698.0
26240,159.0
94052,33472.0
60205,49.0
14528,399.0
66078,202.0
41214,661.0
76092,617.0
68103,509.0
31108,262.0
47012,317.0
33153,271.0
12088,219.0
53214,158.0
30120,1089.0
21441,246.0
52119,343.0
70292,1542.0
41116,190.0
58210,305.0
29226,1472.0
06130,3667.0
33002,822.0
76550,1219.0
67449,2272.0
24135,690.0
26337,1848.0
88477,101.0
66195,7846.0
08481,247.0
01385,943.0
67160,1054.0
71444,1226.0
31033,10126.0
22071,725.0
14682,471.0
51219,204.0
76602,614.0
63098,231.0
08065,46.0
70040,241.0
60084,189.0
62763,847.0
2A285,69.0
38203,468.0
63360,148.0
34287,276.0
89152,726.0
10328,388.0
79230,821.0
44201,7366.0
33358,477.0
65348,44.0
33420,131.0
79213,2032.0
68210,336.0
29246,221.0
43012,6171.0
34005,304.0
59128,2474.0
88279,49.0
80369,240.0
58275,279.0
50369,830.0
08482,102.0
07170,266.0
66146,113.0
71031,57.0
59291,14182.0
76108,14262.0
26273,1038.0
59358,1206.0
89371,73.0
70355,314.0
89041,293.0
37082,458.0
02496,96.0
76227,703.0
73177,235.0
34031,5572.0
02687,336.0
65254,143.0
64079,105.0
64046,386.0
48085,98.0
56029,1257.0
22214,3110.0
85277,1570.0
55559,54.0
35317,601.0
88086,493.0
24140,1548.0
32149,1184.0
59147,46.0
59338,629.0
62020,628.0
47316,660.0
12301,1964.0
22156,639.0
23157,96.0
37222,749.0
45344,1074.0
91687,31045.0
41140,713.0
24428,562.0
18087,3572.0
43227,810.0
15269,131.0
77279,1812.0
16301,226.0
64275,675.0
02137,141.0
05179,3238.0
69145,938.0
88403,189.0
79355,3431.0
79215,366.0
17356,310.0
36063,7625.0
48029,153.0
26005,1874.0
24383,166.0
41249,1028.0
56119,3507.0
33025,445.0
38525,462.0
62638,1188.0
35167,2608.0
51198,667.0
71249,973.0
68355,1551.0
21085,143.0
95019,14585.0
05100,815.0
11417,97.0
77091,469.0
33516,188.0
59419,1441.0
67373,320.0
53218,780.0
14343,70.0
52332,1813.0
46156,1201.0
33236,8193.0
18246,1110.0
84114,191.0
10360,994.0
67278,539.0
18145,1614.0
35194,1029.0
54185,59.0
31111,309.0
02330,562.0
06057,2563.0
56114,964.0
77212,161.0
62384,655.0
77265,1070.0
25314,260.0
46251,3438.0
54378,471.0
02450,358.0
76406,432.0
70084,652.0
95091,6584.0
43199,972.0
17083,622.0
10329,528.0
61414,872.0
44194,8512.0
51591,165.0
80750,141.0
80736,225.0
89012,82.0
27384,489.0
79034,1828.0
26377,1017.0
57425,581.0
13004,50415.0
80475,214.0
64215,107.0
82001,602.0
80129,536.0
14194,635.0
13029,1571.0
48124,101.0
57300,308.0
42314,279.0
23257,714.0
61021,97.0
16187,2096.0
51327,174.0
52327,456.0
51387,285.0
21430,83.0
40286,1131.0
74044,979.0
43172,214.0
76209,446.0
86266,130.0
38392,599.0
55459,235.0
02057,1368.0
43147,623.0
37158,759.0
43047,340.0
67099,278.0
02408,24021.0
02812,199.0
15196,1543.0
07196,261.0
31592,2181.0
76096,659.0
31144,707.0
22109,237.0
67122,1337.0
51396,136.0
22324,1285.0
44005,7184.0
63097,80.0
42091,696.0
2B352,208.0
76441,616.0
11066,106.0
14602,268.0
89196,1755.0
46083,1140.0
60237,87.0
17400,635.0
07343,1397.0
39413,330.0
84150,1902.0
28127,1247.0
77012,285.0
16403,130.0
33519,10727.0
22306,578.0
65150,491.0
62223,290.0
17054,201.0
76700,1575.0
79342,573.0
51639,40.0
85132,752.0
95214,62.0
80412,642.0
25273,199.0
18219,510.0
73068,606.0
03138,3137.0
25436,56.0
21681,93.0
34296,985.0
76341,8315.0
52463,43.0
13033,5768.0
37032,275.0
48061,2096.0
32103,171.0
52373,31.0
47143,2287.0
10259,365.0
59556,260.0
34143,2195.0
57462,441.0
23246,345.0
64211,372.0
68109,687.0
59187,265.0
72199,274.0
22372,2201.0
28161,493.0
62856,369.0
70463,144.0
25065,54.0
95610,295.0
14357,895.0
61290,128.0
68041,1972.0
65106,182.0
15265,1624.0
59099,1771.0
44169,7653.0
62869,1081.0
88243,488.0
43049,507.0
37241,1321.0
76274,25.0
18267,4005.0
57040,299.0
21093,149.0
68249,3453.0
63034,1577.0
30175,181.0
26350,67.0
78403,2287.0
53075,290.0
38248,521.0
33100,1211.0
23092,663.0
09262,374.0
07198,1136.0
70343,282.0
52271,207.0
21588,69.0
80069,202.0
11286,1160.0
58273,1420.0
33263,298.0
76169,1297.0
71246,246.0
12238,425.0
57742,1476.0
74224,11263.0
14439,90.0
58044,795.0
65129,779.0
58285,158.0
01246,2192.0
67363,802.0
35169,1465.0
36246,171.0
24426,160.0
82011,934.0
35195,2418.0
52346,386.0
32336,159.0
55566,291.0
31593,82.0
15213,197.0
67075,459.0
03167,287.0
67385,241.0
34001,1818.0
45119,2384.0
61423,636.0
45303,619.0
63315,1757.0
38320,1785.0
63168,593.0
37095,342.0
28025,97.0
31411,989.0
58025,162.0
27078,261.0
62659,103.0
21353,1202.0
08160,190.0
62245,767.0
02469,488.0
30247,293.0
32143,253.0
31116,10876.0
57560,618.0
63250,873.0
23054,206.0
56199,709.0
45219,188.0
26245,5.0
74046,512.0
03038,527.0
55408,171.0
51403,535.0
10357,3201.0
84041,484.0
02388,220.0
21095,46.0
24508,211.0
77251,13808.0
31331,300.0
38456,491.0
51169,98.0
71228,221.0
34074,2373.0
11307,246.0
91579,3023.0
89236,1238.0
87060,665.0
78668,660.0
78608,121.0
94019,18367.0
11193,286.0
11196,181.0
31118,6814.0
71524,178.0
02132,189.0
54404,250.0
36121,169.0
88035,144.0
71439,760.0
44013,3284.0
17008,2312.0
55306,112.0
49364,1122.0
74119,9214.0
58017,224.0
81015,72.0
88078,2981.0
02427,139.0
79005,3287.0
60581,6060.0
08331,667.0
76372,401.0
03183,470.0
21480,238.0
24395,363.0
34331,91.0
76609,363.0
33501,3388.0
32127,666.0
60376,178.0
86245,1735.0
31120,771.0
83087,4968.0
69235,1980.0
35070,1693.0
03034,490.0
21217,135.0
57070,246.0
75109,58951.0
37170,1065.0
86058,736.0
90105,177.0
71008,148.0
34116,8973.0
17190,2907.0
80572,373.0
38495,593.0
87205,2280.0
65301,266.0
39305,556.0
62826,4213.0
04235,61.0
95074,859.0
01372,436.0
39530,831.0
12177,1026.0
14692,1786.0
10190,568.0
59483,137.0
01130,2380.0
57609,174.0
57318,214.0
01215,141.0
12277,515.0
63254,2249.0
64126,1109.0
03087,595.0
17346,1477.0
32300,278.0
86203,546.0
15003,598.0
56089,2191.0
36193,253.0
54410,517.0
62204,1945.0
36173,520.0
63271,1483.0
27201,242.0
70363,637.0
49377,5641.0
19104,121.0
78206,4105.0
82153,228.0
27251,557.0
18159,787.0
27135,445.0
54600,118.0
44039,1162.0
36036,152.0
30014,1046.0
06063,76.0
35137,2165.0
78520,1568.0
22001,596.0
89167,1050.0
38272,406.0
25258,2260.0
62169,251.0
86244,1283.0
16423,242.0
51097,179.0
31583,1097.0
66077,92.0
81142,889.0
60432,884.0
55400,43.0
01096,1036.0
62002,233.0
15089,440.0
80341,384.0
27433,194.0
45020,976.0
08464,79.0
76066,153.0
11341,109.0
85256,1273.0
12093,187.0
62152,252.0
86297,6210.0
71468,839.0
43205,4217.0
81180,260.0
07142,311.0
74036,387.0
59320,1664.0
82044,1702.0
14563,449.0
65355,76.0
11011,470.0
71232,204.0
24168,417.0
55536,21.0
87045,1001.0
58296,134.0
23255,124.0
38504,2006.0
56214,1565.0
80297,41.0
48077,48.0
03222,92.0
38033,634.0
972233,1778.0
65450,40.0
76691,236.0
77062,456.0
55073,677.0
71295,1493.0
89230,434.0
19165,117.0
70315,410.0
02560,243.0
70120,3700.0
19053,276.0
59185,1910.0
60616,2778.0
54443,38.0
01391,284.0
66201,44.0
69085,1501.0
03084,2020.0
39004,51.0
38344,8589.0
44124,790.0
72146,3172.0
31393,166.0
89120,136.0
26090,36.0
46183,193.0
57595,49.0
01404,134.0
25535,232.0
64091,504.0
22030,905.0
72154,14937.0
55338,147.0
64455,163.0
78606,38.0
86132,305.0
10052,223.0
92036,49410.0
08183,1037.0
89200,392.0
27605,227.0
35361,1064.0
77493,3198.0
69243,10428.0
45199,497.0
31100,2393.0
69044,5311.0
77498,318.0
27400,342.0
27043,677.0
10172,151.0
63401,245.0
62012,255.0
02274,183.0
34002,1324.0
47237,501.0
86176,123.0
58187,530.0
51306,104.0
16397,389.0
26309,240.0
41016,1079.0
82025,3729.0
17354,658.0
16365,101.0
09088,14.0
51618,187.0
28001,2427.0
74102,1452.0
82075,4197.0
16190,188.0
95024,268.0
23210,244.0
59448,472.0
39261,138.0
34197,1100.0
80033,308.0
25623,137.0
65205,55.0
26081,594.0
87034,578.0
45263,295.0
16148,986.0
67386,216.0
72088,324.0
57539,44.0
02769,915.0
06008,44.0
04231,241.0
18244,78.0
35300,1359.0
61189,476.0
17057,916.0
10263,458.0
14409,2207.0
02037,1369.0
50587,15.0
11020,34.0
62521,211.0
10283,128.0
53265,772.0
59633,280.0
35342,348.0
56171,1518.0
34308,459.0
51470,3.0
62497,7179.0
84120,122.0
30096,922.0
85177,1372.0
76571,683.0
55517,517.0
80184,539.0
09165,231.0
42010,1686.0
33375,379.0
59132,998.0
28339,369.0
64338,189.0
08150,167.0
87031,305.0
60345,190.0
21565,531.0
60659,167.0
02008,303.0
57320,181.0
04063,1254.0
50564,1304.0
76616,1459.0
31542,209.0
63062,237.0
58195,273.0
39302,101.0
23234,150.0
01027,2692.0
59434,1379.0
09021,115.0
03029,810.0
19211,1015.0
30318,207.0
03083,577.0
76614,1541.0
67065,1337.0
14287,1995.0
08100,72.0
02755,555.0
10158,516.0
63039,297.0
14231,435.0
26189,118.0
87029,618.0
80502,99.0
76192,2596.0
58297,245.0
80528,9.0
83045,897.0
17017,733.0
60265,972.0
38428,31.0
73117,700.0
87068,512.0
89447,157.0
78470,880.0
19049,750.0
42234,3686.0
88144,59.0
52059,144.0
62611,490.0
31381,2586.0
39163,116.0
68274,203.0
10009,85.0
71223,558.0
64120,538.0
76692,283.0
51268,186.0
71458,63.0
10215,261.0
64276,239.0
10434,56.0
17334,231.0
14244,288.0
54091,410.0
78465,2480.0
10130,99.0
74041,283.0
79258,424.0
65161,281.0
36204,322.0
27123,486.0
08396,121.0
39167,356.0
01219,163.0
90100,208.0
47199,328.0
34187,550.0
18201,768.0
24280,447.0
06090,8045.0
26247,528.0
64510,943.0
26190,88.0
53186,2133.0
67465,2314.0
80119,401.0
77378,3558.0
40269,1238.0
21069,118.0
64491,200.0
59428,3912.0
27425,2329.0
01064,1099.0
37232,1879.0
60113,205.0
18048,383.0
53123,1376.0
33437,2090.0
38261,4454.0
01189,1123.0
60341,2055.0
68045,551.0
92014,20810.0
46339,384.0
83029,3646.0
25565,270.0
70003,70.0
10010,46.0
60005,867.0
60004,404.0
971105,9779.0
58119,79.0
57660,11067.0
61461,126.0
80808,504.0
89215,183.0
23071,188.0
53276,917.0
21192,644.0
70046,362.0
39502,276.0
54062,647.0
27578,585.0
58215,1607.0
14621,499.0
94075,11642.0
62684,2214.0
04180,76.0
21166,14445.0
59350,236710.0
36050,447.0
80158,48.0
01424,1843.0
80613,615.0
90091,655.0
88296,58.0
78591,2272.0
07276,263.0
78189,1702.0
04140,128.0
51113,122.0
30215,415.0
73053,679.0
31040,34.0
59475,2173.0
63173,202.0
25434,4422.0
27640,194.0
01244,8085.0
03028,363.0
21411,576.0
74056,8642.0
23120,179.0
29192,1767.0
77530,304.0
62711,3028.0
31031,590.0
80468,167.0
32359,154.0
32351,108.0
30301,316.0
25252,119.0
31068,31.0
59413,554.0
26199,27.0
38328,908.0
11165,301.0
31242,16.0
47013,317.0
36053,524.0
40131,688.0
01051,95.0
88327,1951.0
59374,469.0
31271,2220.0
03164,294.0
44003,11099.0
40101,471.0
25532,3148.0
76399,186.0
08462,135.0
68304,1548.0
65408,552.0
05114,246.0
50183,349.0
35311,590.0
17318,698.0
08478,237.0
27335,1070.0
38464,2197.0
89354,1533.0
02628,215.0
64372,88.0
33094,235.0
70336,132.0
16231,328.0
54438,54.0
80191,165.0
66222,1445.0
55528,50.0
37225,3181.0
80104,141.0
22238,533.0
05174,610.0
71510,606.0
24460,494.0
44023,3069.0
47172,578.0
03171,243.0
77469,1221.0
2B053,19.0
73013,366.0
60628,1126.0
24213,176.0
28175,178.0
83134,1854.0
91685,4584.0
14754,2469.0
70301,53.0
80801,304.0
34167,246.0
36132,82.0
39068,311.0
31117,4448.0
01179,1901.0
39486,113.0
33015,2029.0
41053,521.0
54268,135.0
62886,269.0
37117,866.0
50521,155.0
09240,298.0
21440,201.0
34265,809.0
36195,572.0
74186,794.0
33163,426.0
62776,191.0
02089,1151.0
64082,142.0
84116,834.0
76207,194.0
21632,1092.0
68187,338.0
971131,1496.0
53200,1170.0
07079,1151.0
39400,149.0
74020,1441.0
55067,98.0
12043,2196.0
01392,660.0
71487,158.0
32309,111.0
12066,1150.0
51423,1714.0
51298,441.0
59500,376.0
55351,2031.0
64346,208.0
11085,986.0
65423,130.0
26143,924.0
77009,135.0
65039,40.0
67516,664.0
02024,47.0
33392,845.0
16134,1021.0
27322,1380.0
31128,866.0
04021,146.0
27044,852.0
80716,1257.0
50281,814.0
51043,2388.0
68261,228.0
50312,138.0
89399,1560.0
72053,1183.0
64289,978.0
27593,1653.0
23058,103.0
41215,94.0
57261,1299.0
64469,306.0
55509,276.0
51155,620.0
30099,246.0
74072,189.0
81166,97.0
76195,189.0
53104,1344.0
32392,86.0
38019,1472.0
77514,26822.0
73207,433.0
39122,118.0
01108,1227.0
25227,288.0
04129,59.0
17341,184.0
32018,214.0
38407,1058.0
80464,918.0
02478,257.0
33148,91.0
24565,362.0
64336,171.0
46315,164.0
31055,171.0
14225,5174.0
70186,71.0
54265,2076.0
77296,18248.0
78406,288.0
02627,130.0
22093,16845.0
63452,72.0
70342,132.0
68343,2432.0
38352,2113.0
33161,753.0
59131,7899.0
11433,973.0
29193,1467.0
10304,182.0
23247,1732.0
31349,918.0
95370,3422.0
62825,861.0
43185,3253.0
14145,554.0
46268,909.0
21135,312.0
45149,286.0
14753,731.0
67212,3931.0
38153,433.0
39471,764.0
32299,102.0
66023,955.0
22094,1584.0
25311,214.0
42046,2006.0
70132,670.0
25569,546.0
64152,1964.0
70280,928.0
11362,204.0
52493,29.0
95306,31605.0
16023,565.0
50310,173.0
33059,310.0
09244,716.0
24308,787.0
80633,604.0
63291,2690.0
76393,46.0
70157,349.0
57066,510.0
79172,1030.0
51483,543.0
50541,1435.0
31515,430.0
95199,16078.0
55518,145.0
79350,121.0
27460,204.0
84011,365.0
48044,84.0
17073,1282.0
55060,360.0
57130,72.0
29234,2955.0
14237,628.0
42298,370.0
33308,299.0
13022,6720.0
02517,292.0
25157,1323.0
39445,279.0
57737,32.0
51443,118.0
58077,375.0
31442,564.0
24063,149.0
25503,112.0
33028,1193.0
17182,559.0
54483,7364.0
26156,1044.0
33206,520.0
06104,12371.0
10066,437.0
54122,728.0
02375,161.0
22318,305.0
62697,271.0
65121,382.0
36114,303.0
45281,948.0
53127,2239.0
41243,801.0
40206,310.0
09055,92.0
24505,359.0
79307,1495.0
77152,22845.0
67271,656.0
01170,1048.0
55488,144.0
57282,360.0
33425,1526.0
58277,191.0
57730,558.0
68071,296.0
07075,150.0
08076,976.0
54151,1053.0
17025,700.0
63239,728.0
13110,10678.0
76404,1264.0
86027,1884.0
26118,1523.0
54485,308.0
10353,898.0
52328,36.0
80314,198.0
10181,209.0
79154,373.0
29148,934.0
68195,6261.0
01076,124.0
56023,6924.0
74271,532.0
62493,233.0
80766,429.0
03101,8667.0
57362,187.0
81190,521.0
62065,17672.0
01352,581.0
61490,297.0
69143,7721.0
21687,140.0
65400,238.0
25148,515.0
31439,744.0
07208,125.0
01174,176.0
41161,2288.0
31080,1656.0
38372,709.0
14269,229.0
57222,1374.0
25335,148.0
80248,427.0
47282,228.0
2A191,118.0
09275,370.0
53262,1076.0
46137,1291.0
05144,125.0
01213,1392.0
52228,75.0
55462,348.0
70356,290.0
16118,133.0
76373,310.0
31172,42.0
45187,2997.0
21023,1370.0
51205,271.0
24441,145.0
90018,384.0
43032,1706.0
01259,704.0
66028,10338.0
91294,813.0
63030,344.0
80400,395.0
65386,104.0
46188,292.0
64394,83.0
21013,448.0
35248,458.0
76328,376.0
09126,82.0
70318,446.0
37019,469.0
2A117,87.0
972203,2768.0
30322,266.0
77343,378.0
17420,2350.0
65011,130.0
25388,25573.0
12298,421.0
28060,266.0
24083,182.0
27176,218.0
28302,1095.0
10166,397.0
30086,669.0
80061,180.0
31229,721.0
67488,187.0
50231,700.0
76511,162.0
64216,1195.0
35057,1517.0
17477,107.0
32408,129.0
59589,3011.0
87099,328.0
10085,66.0
67513,123.0
37111,1492.0
61418,409.0
76435,797.0
31582,4990.0
57220,123.0
31194,180.0
16081,206.0
67089,2582.0
01370,1659.0
24309,3640.0
50475,974.0
14374,145.0
42076,911.0
68353,482.0
09083,22.0
05011,418.0
87116,1054.0
71454,177.0
57712,1329.0
56206,11927.0
74111,204.0
45152,214.0
59612,513.0
76115,585.0
83038,477.0
02802,205.0
76187,166.0
86271,759.0
28126,197.0
87063,1319.0
61269,483.0
32152,342.0
47256,104.0
70086,76.0
18182,215.0
53136,1214.0
50510,606.0
14491,195.0
80423,378.0
73171,4058.0
58135,100.0
80809,476.0
11374,24.0
46277,196.0
63086,342.0
25323,445.0
36113,929.0
02653,482.0
58065,875.0
18122,223.0
55102,525.0
62761,213.0
78299,2480.0
03135,415.0
80618,1046.0
39567,294.0
94043,24380.0
61062,90.0
40193,77.0
32180,562.0
34155,2376.0
14275,509.0
64285,202.0
71378,1558.0
41192,277.0
39300,17043.0
16356,36.0
01301,2648.0
85248,419.0
69284,3249.0
47165,1344.0
27456,790.0
38044,1520.0
04053,516.0
58228,601.0
06146,149.0
40200,712.0
21378,89.0
12061,567.0
54314,3874.0
72248,814.0
77141,1194.0
21281,170.0
51536,1836.0
54281,891.0
62846,4748.0
19232,79.0
38245,272.0
33290,1525.0
31023,312.0
42136,780.0
60273,527.0
65089,82.0
67337,440.0
81095,84.0
50021,78.0
67397,2675.0
31069,26466.0
82057,688.0
38148,3203.0
35170,608.0
44100,2329.0
974423,6899.0
80374,275.0
12232,282.0
12135,437.0
60106,2586.0
72091,134.0
17129,414.0
38473,1174.0
21575,328.0
11308,465.0
16197,115.0
62434,138.0
68006,1210.0
23216,148.0
79250,407.0
76757,632.0
02030,248.0
03224,284.0
21175,183.0
02078,167.0
32234,341.0
58265,94.0
46310,135.0
79025,1112.0
77282,358.0
01013,141.0
67448,2107.0
77139,6885.0
64471,365.0
62205,1294.0
02160,512.0
62260,331.0
80035,74.0
57545,2028.0
45180,82.0
51249,389.0
55329,200.0
81074,1618.0
34211,954.0
60439,5305.0
47089,155.0
54393,528.0
02675,134.0
54513,653.0
17112,729.0
77506,778.0
27686,48.0
76611,314.0
29062,1109.0
40271,1214.0
58250,1734.0
77162,1108.0
64305,526.0
17053,1319.0
67040,1048.0
89017,219.0
25416,179.0
91156,2219.0
71441,284.0
61411,298.0
86128,2482.0
37280,238.0
95316,272.0
89408,271.0
15120,3519.0
74100,765.0
21212,319.0
29058,10098.0
16087,146.0
29078,2035.0
56237,1875.0
34320,2647.0
17153,2103.0
25369,154.0
14426,162.0
72023,2266.0
64196,120.0
52452,107.0
23107,126.0
69016,122.0
70572,293.0
10376,155.0
46317,485.0
06093,239.0
42023,2949.0
14046,1940.0
21265,732.0
51324,111.0
63385,447.0
42315,430.0
59044,5177.0
58042,142.0
30230,591.0
30300,548.0
18092,1004.0
65238,234.0
25085,420.0
36066,462.0
09095,161.0
25384,85.0
52069,132.0
51648,378.0
73164,1064.0
45312,474.0
58219,207.0
52520,157.0
65026,81.0
62550,1085.0
74152,1272.0
60114,148.0
11235,57.0
77307,13934.0
04077,170.0
07248,253.0
26098,170.0
41186,298.0
85111,1508.0
36163,639.0
21671,50.0
59056,844.0
30211,4181.0
91468,2568.0
18043,193.0
77262,493.0
53229,1647.0
68131,171.0
2B207,3376.0
83010,221.0
15252,403.0
05124,475.0
61181,1786.0
54519,594.0
01296,407.0
32048,91.0
71028,101.0
01450,3793.0
55317,148.0
2A090,765.0
78123,18316.0
31559,8.0
78152,1746.0
15061,249.0
33270,186.0
51493,105.0
68056,8172.0
47079,531.0
71274,388.0
28221,136.0
57260,3297.0
54018,272.0
71247,366.0
02430,1268.0
13025,2357.0
39411,1518.0
60144,167.0
25429,1396.0
31495,1304.0
65138,866.0
32258,231.0
66207,782.0
62081,449.0
21068,111.0
90093,938.0
44180,6559.0
37076,381.0
32196,162.0
11138,568.0
52444,340.0
54499,111.0
90031,337.0
12111,482.0
64118,49.0
90097,1286.0
17282,214.0
19277,148.0
57028,1330.0
89132,161.0
64255,621.0
68184,295.0
76735,520.0
18016,403.0
52320,90.0
76680,180.0
39119,85.0
88395,364.0
02324,297.0
89164,92.0
18285,406.0
14207,647.0
31222,44.0
30150,263.0
91103,27106.0
72188,157.0
29140,3951.0
89147,239.0
17187,485.0
69271,11092.0
78269,1288.0
27644,571.0
37242,1538.0
47053,384.0
63193,8663.0
86076,2881.0
64007,1041.0
68269,4682.0
54158,145.0
76252,1059.0
72106,919.0
51093,440.0
07069,665.0
27001,336.0
34137,151.0
60091,422.0
973361,1516.0
77039,1181.0
43023,206.0
77186,15945.0
40114,359.0
16009,379.0
15060,52.0
63407,288.0
86149,365.0
62491,4969.0
89386,113.0
64477,1520.0
34014,1455.0
85074,227.0
76451,20066.0
38103,316.0
28263,251.0
59482,6920.0
51176,144.0
85082,2984.0
57345,405.0
13070,6569.0
89327,385.0
30248,461.0
69137,532.0
37113,868.0
40172,269.0
35175,1014.0
57269,7761.0
25332,566.0
81186,254.0
2A021,76.0
71015,906.0
12216,1437.0
04108,2002.0
64273,913.0
54275,181.0
58041,165.0
25055,361.0
64204,190.0
19238,229.0
59161,729.0
50421,262.0
38557,5212.0
62191,727.0
60358,1013.0
12030,372.0
54214,709.0
45014,499.0
35062,1492.0
59310,866.0
61130,463.0
89027,193.0
88417,373.0
28064,2022.0
31179,306.0
51626,120.0
59435,2585.0
70456,147.0
73153,1339.0
21186,604.0
41222,367.0
17320,410.0
95119,322.0
54163,262.0
40228,1579.0
88161,401.0
80136,1219.0
67016,774.0
76521,148.0
28391,2600.0
2A270,352.0
39136,35.0
77277,1843.0
70078,94.0
58066,83.0
55146,194.0
88084,450.0
71583,747.0
24380,504.0
73063,706.0
70081,290.0
2A300,1120.0
51348,107.0
28285,339.0
88529,109.0
31447,33.0
59412,274.0
02217,987.0
60333,1576.0
83044,339.0
65081,136.0
76414,1600.0
72363,1667.0
91174,52683.0
54392,313.0
76272,885.0
57527,388.0
52219,18.0
63147,290.0
57322,479.0
66166,399.0
51022,184.0
28274,241.0
27558,175.0
57754,109.0
70386,171.0
25485,215.0
28164,743.0
09099,368.0
33189,439.0
69111,691.0
53243,1782.0
55251,99.0
88237,351.0
89219,141.0
24471,638.0
86296,469.0
02518,300.0
60322,316.0
50272,1663.0
76675,1108.0
60035,241.0
24231,103.0
25507,77.0
77297,325.0
33072,240.0
05158,127.0
87003,919.0
22171,4540.0
04193,176.0
21126,613.0
67176,3779.0
17273,978.0
46304,142.0
21495,159.0
24071,373.0
12167,699.0
52449,1096.0
59491,12055.0
27208,149.0
71007,168.0
07118,145.0
11310,210.0
30249,1085.0
59461,294.0
23056,286.0
26015,78.0
33309,489.0
03275,1726.0
79331,126.0
70360,73.0
80349,129.0
24576,246.0
51220,143.0
77534,958.0
21380,54.0
63409,258.0
17119,1228.0
25244,85.0
63136,379.0
33490,1796.0
54498,5141.0
89296,127.0
54173,223.0
60291,1776.0
81129,225.0
27275,6801.0
25126,474.0
71150,3156.0
39227,198.0
64197,191.0
28200,423.0
64430,10684.0
91041,1030.0
22184,1589.0
74153,1600.0
49205,1024.0
12235,204.0
2B143,1103.0
60592,688.0
70079,508.0
30217,7921.0
38224,90.0
21503,136.0
33417,3004.0
63031,476.0
89412,184.0
55246,154.0
25176,321.0
19088,50.0
54528,15849.0
94044,27999.0
65245,248.0
60319,601.0
76548,775.0
47285,875.0
12274,115.0
22272,2236.0
76383,94.0
30072,485.0
70576,159.0
60433,991.0
40020,629.0
63245,3863.0
79087,550.0
11103,1127.0
54595,565.0
71562,203.0
54594,173.0
57347,172.0
57273,376.0
77455,2026.0
31251,149.0
02093,1261.0
90067,395.0
39468,136.0
02730,268.0
84102,1302.0
14640,244.0
64136,121.0
39360,174.0
37105,266.0
62038,4398.0
79121,394.0
62080,3733.0
21649,51.0
31510,145.0
11305,53.0
16155,99.0
65061,45.0
35075,812.0
54217,177.0
63261,870.0
39522,106.0
02407,210.0
11202,4550.0
09169,120.0
27428,4268.0
28169,221.0
04177,48.0
62215,17852.0
21288,161.0
76179,1380.0
57654,704.0
40122,983.0
63100,320.0
71210,361.0
50365,497.0
19029,277.0
02425,180.0
35037,6469.0
42246,1137.0
09225,16394.0
62258,282.0
65174,102.0
86231,478.0
25564,1012.0
50304,195.0
33324,4409.0
34259,5600.0
27206,460.0
35085,6203.0
57641,314.0
77056,146.0
28065,106.0
973362,5606.0
52394,210.0
52196,95.0
05160,81.0
38538,4973.0
12070,523.0
81116,1968.0
86164,673.0
62243,120.0
61018,66.0
54482,10073.0
56017,2745.0
40187,1264.0
80179,219.0
60637,482.0
10057,53.0
70422,144.0
974419,6343.0
09056,467.0
52450,127.0
54186,1112.0
64356,107.0
25524,904.0
04099,83.0
31294,82.0
11240,547.0
51377,47.0
60664,444.0
80675,138.0
30024,447.0
45034,2094.0
04088,5118.0
17124,440.0
27075,361.0
70181,137.0
87154,11387.0
23069,397.0
62102,276.0
17140,3155.0
35080,2533.0
66111,155.0
16413,147.0
02536,98.0
18279,25348.0
01185,4807.0
02275,316.0
61086,100.0
32272,162.0
63088,86.0
58258,507.0
10284,153.0
23252,150.0
89189,566.0
25032,429.0
71109,361.0
46033,547.0
48009,2300.0
971110,1391.0
26017,16.0
62465,219.0
78350,7563.0
09081,274.0
18012,440.0
27430,374.0
31453,137.0
35345,910.0
41262,1126.0
21303,14.0
85118,2310.0
51516,48.0
95058,2722.0
34028,5778.0
43206,401.0
02182,121.0
36071,1009.0
59653,7773.0
22084,2529.0
38167,557.0
40232,220.0
29222,396.0
14098,6169.0
21516,78.0
62450,222.0
33239,475.0
58294,122.0
35082,1443.0
76045,359.0
73132,748.0
02609,22.0
33296,1025.0
2A065,1237.0
60493,515.0
61227,143.0
76723,423.0
88109,643.0
80362,296.0
77356,44.0
42158,208.0
08307,83.0
33027,281.0
25070,374.0
27215,388.0
89248,37.0
63345,3883.0
30141,6511.0
61447,1358.0
49113,531.0
39156,238.0
11252,335.0
76457,932.0
40055,1635.0
88434,215.0
32253,535.0
06128,3183.0
88379,359.0
55211,62.0
81055,382.0
02485,97.0
69040,5936.0
10366,63.0
44174,2357.0
54249,251.0
02260,639.0
27059,312.0
45017,336.0
61301,214.0
35046,536.0
32310,111.0
07149,275.0
11253,828.0
70103,186.0
15098,87.0
54251,131.0
32066,254.0
74081,17164.0
12115,326.0
77050,525.0
10340,2348.0
10403,54.0
70076,391.0
60674,597.0
16016,820.0
21700,79.0
02104,96.0
38478,1024.0
25308,463.0
27204,270.0
25529,1345.0
77268,9064.0
06122,4303.0
60469,355.0
37263,2436.0
51164,143.0
05068,465.0
73135,1087.0
46320,314.0
30002,773.0
66202,195.0
76167,1618.0
66119,316.0
34186,518.0
35315,1499.0
30192,438.0
09300,173.0
26080,45.0
15033,215.0
76436,614.0
39062,71.0
25469,476.0
28387,982.0
33158,240.0
04170,72.0
90088,981.0
02233,139.0
63189,357.0
01260,319.0
39107,147.0
57256,810.0
76731,196.0
62267,397.0
07213,159.0
30045,391.0
63464,341.0
64262,275.0
27099,824.0
26024,348.0
32157,195.0
82047,51.0
51193,2353.0
65392,443.0
56157,1962.0
87051,651.0
64192,110.0
91095,2080.0
45292,846.0
18031,563.0
18160,1430.0
71374,159.0
52536,46.0
80193,149.0
32183,230.0
38390,530.0
80826,770.0
69069,11903.0
30204,369.0
60030,553.0
89075,730.0
11266,5905.0
36028,119.0
90068,1405.0
46010,374.0
46299,117.0
61289,47.0
03125,120.0
77423,657.0
15084,292.0
33167,17749.0
39279,612.0
55008,147.0
19132,134.0
33207,6320.0
02827,307.0
76663,1011.0
18074,199.0
38102,652.0
08225,209.0
27502,2199.0
34238,43.0
30171,1197.0
62167,248.0
08184,85.0
52042,110.0
02310,249.0
90012,1297.0
62382,651.0
72190,284.0
77339,1822.0
57368,3202.0
67351,1646.0
22181,657.0
53173,178.0
51201,122.0
44020,20410.0
37166,773.0
79031,1775.0
89173,464.0
17321,351.0
70114,203.0
25232,98.0
29089,859.0
14448,66.0
64071,211.0
27141,62.0
50378,626.0
62066,34.0
67303,680.0
14119,2039.0
04192,1226.0
33349,2215.0
22302,910.0
16163,1160.0
02483,510.0
38003,1232.0
32027,1358.0
57082,341.0
39480,271.0
85014,1140.0
55274,283.0
73061,420.0
65335,517.0
90043,588.0
31564,147.0
14364,459.0
01032,3434.0
76727,1133.0
972216,3034.0
65457,84.0
64103,207.0
21277,885.0
61272,25.0
39201,280.0
63194,405.0
32319,1421.0
82092,290.0
71431,382.0
80106,170.0
72143,1932.0
12192,186.0
14358,88.0
17045,1013.0
83078,303.0
05028,171.0
2B298,1689.0
27074,282.0
76508,453.0
34144,670.0
27082,2046.0
02074,587.0
42106,239.0
33434,2144.0
27432,710.0
08197,37.0
64203,324.0
39306,1003.0
80658,146.0
71263,6454.0
59013,1601.0
47208,196.0
72320,2706.0
35115,20653.0
10266,45.0
21427,185.0
18231,739.0
27348,1724.0
18103,1307.0
42238,317.0
21383,1724.0
14122,158.0
15267,4322.0
57186,956.0
01152,765.0
35276,607.0
63169,16.0
39426,206.0
08418,220.0
11331,61.0
21508,464.0
25502,558.0
29177,3942.0
30156,8467.0
34278,58.0
80004,499.0
88061,289.0
25093,76.0
54043,1448.0
62030,304.0
64168,660.0
80302,170.0
01147,526.0
17167,765.0
64426,264.0
42078,243.0
59485,1801.0
81321,91.0
46336,340.0
55048,43.0
60672,275.0
22332,513.0
02062,134.0
15188,1183.0
49121,453.0
61401,106.0
33431,312.0
73147,212.0
39351,147.0
71144,194.0
11317,103.0
09151,58.0
72182,1546.0
09150,202.0
54340,337.0
26157,762.0
38375,102.0
39377,174.0
50607,397.0
61036,202.0
76291,1164.0
11405,581.0
63268,297.0
39409,134.0
51095,87.0
30339,1418.0
61056,167.0
72306,1324.0
41217,763.0
85208,2409.0
02758,2015.0
72200,3675.0
60133,539.0
70499,102.0
95658,1115.0
61092,691.0
76324,841.0
38400,3582.0
02454,404.0
62237,521.0
14252,258.0
27534,891.0
62488,797.0
80455,90.0
60512,158.0
31557,29439.0
88172,226.0
11312,106.0
04043,84.0
89177,73.0
55447,368.0
51450,439.0
79345,895.0
11282,54.0
44057,2283.0
80482,141.0
54072,260.0
70406,71.0
23080,103.0
51567,512.0
91016,4395.0
56071,795.0
01347,2141.0
07315,380.0
76454,87.0
35325,156.0
80643,567.0
58213,473.0
81066,285.0
93063,33266.0
21113,197.0
02041,805.0
76238,2641.0
84122,5932.0
65078,401.0
33329,270.0
66079,201.0
14676,987.0
46276,189.0
02743,153.0
34253,33.0
16205,541.0
76242,207.0
38559,4435.0
40094,774.0
30280,368.0
61398,62.0
62390,1496.0
06011,3796.0
76594,1340.0
91332,1559.0
14495,574.0
89105,451.0
62838,90.0
08151,294.0
76453,1071.0
31328,316.0
40039,143.0
07295,1105.0
67454,379.0
77457,1231.0
80762,340.0
01330,177.0
79047,450.0
30159,759.0
33488,339.0
69229,784.0
62256,156.0
03191,271.0
41088,238.0
22210,3040.0
67447,34129.0
34128,1655.0
50487,4890.0
14716,211.0
64351,137.0
60691,117.0
86103,1708.0
78073,15435.0
60089,393.0
39474,360.0
58287,186.0
57200,403.0
25048,3585.0
2B328,98.0
38333,340.0
25117,90.0
71066,113.0
47187,325.0
01062,978.0
33201,837.0
11216,364.0
2B195,122.0
88058,92.0
51258,205.0
62484,308.0
50268,246.0
70144,30.0
14747,692.0
76483,229.0
39342,123.0
85193,660.0
21247,747.0
30127,1065.0
33108,3279.0
02252,71.0
25458,211.0
28072,397.0
31129,14.0
67375,1297.0
10210,461.0
52011,94.0
51163,260.0
08066,67.0
60255,329.0
61499,144.0
35124,2462.0
42296,546.0
39110,65.0
09143,37.0
50567,897.0
54524,95.0
89365,522.0
19064,69.0
80027,30.0
51051,255.0
02443,209.0
60445,304.0
39314,75.0
22099,1104.0
02208,260.0
41035,619.0
80378,70.0
50455,975.0
01387,260.0
57131,296.0
01252,803.0
02353,275.0
07251,182.0
33152,119.0
61222,780.0
01079,826.0
76388,476.0
42281,129.0
60044,1649.0
66113,177.0
62708,30.0
42331,1031.0
50577,307.0
76285,554.0
59648,15531.0
16027,131.0
14245,318.0
22088,249.0
27612,336.0
17151,898.0
62836,1104.0
59123,1714.0
70494,352.0
63410,143.0
88472,113.0
33396,187.0
71449,142.0
63038,1461.0
63205,470.0
74189,1650.0
24205,667.0
14575,375.0
25066,82.0
40299,189.0
80235,1167.0
59069,763.0
52067,69.0
22285,259.0
88497,482.0
2B251,3737.0
47044,310.0
39375,128.0
62063,1795.0
62155,628.0
60494,1821.0
59158,3246.0
57339,364.0
13051,9340.0
80397,92.0
68285,363.0
60294,85.0
71393,503.0
43106,140.0
27550,309.0
49373,7724.0
34024,2719.0
03025,1365.0
72194,269.0
57183,187.0
42117,112.0
85129,3642.0
42247,282.0
72297,538.0
21337,1367.0
35153,380.0
42037,647.0
57383,156.0
57562,883.0
87040,1530.0
34321,2107.0
50374,26.0
08350,241.0
71517,241.0
69074,1564.0
85197,3794.0
40037,1906.0
47196,231.0
70327,134.0
38111,7859.0
42062,1160.0
89054,782.0
86013,96.0
18116,270.0
64432,87.0
21154,5378.0
39343,16.0
37154,4717.0
27405,100.0
21479,81.0
38323,1169.0
34218,349.0
62307,216.0
43126,765.0
77504,1082.0
79114,1567.0
24172,1121.0
57765,1043.0
49381,1822.0
61472,310.0
63333,241.0
15220,144.0
02679,152.0
57464,978.0
69285,4172.0
51314,234.0
38232,646.0
17248,913.0
78138,10735.0
57019,10828.0
15028,379.0
06092,1445.0
42094,8338.0
80379,842.0
71398,1038.0
12002,906.0
43260,22.0
67424,246.0
86044,550.0
71224,86.0
46106,240.0
70344,340.0
47049,2371.0
31532,90.0
08073,94.0
68161,527.0
27462,163.0
60524,2539.0
59082,1772.0
45041,108.0
89470,124.0
47054,1798.0
17203,778.0
21001,441.0
22172,3057.0
88276,369.0
37103,149.0
63358,368.0
81003,930.0
67146,614.0
11044,101.0
64261,389.0
88303,182.0
05092,791.0
08170,222.0
47056,909.0
26330,2241.0
35135,2284.0
44090,1592.0
03115,340.0
55180,136.0
78647,851.0
44014,3957.0
41109,733.0
89066,971.0
28331,934.0
59194,1281.0
61216,191.0
72016,1471.0
42174,1218.0
80623,374.0
38433,1103.0
41258,1155.0
88416,136.0
67358,805.0
53168,1235.0
62702,359.0
35320,521.0
54075,116.0
25265,1282.0
54140,90.0
27199,556.0
36033,389.0
15059,121.0
55471,81.0
67221,357.0
70339,1662.0
25217,612.0
90020,254.0
80311,146.0
51154,220.0
65291,153.0
38163,435.0
02283,284.0
27699,116.0
65310,232.0
05027,193.0
77271,137.0
60534,643.0
21576,156.0
06102,133.0
67377,982.0
55036,94.0
26302,543.0
70155,788.0
70307,121.0
38314,7361.0
28282,432.0
35022,690.0
47272,190.0
82016,218.0
27326,311.0
80022,256.0
64390,157.0
14012,197.0
12031,335.0
46129,294.0
52113,251.0
02593,1063.0
74193,1057.0
74129,226.0
66082,496.0
09295,96.0
76627,1642.0
25322,411.0
17319,107.0
43254,266.0
28021,1607.0
67446,419.0
70243,328.0
07084,1038.0
25630,77.0
01282,255.0
02757,517.0
64447,139.0
12071,333.0
62236,344.0
63336,199.0
71417,1047.0
34247,5058.0
64539,215.0
02463,84.0
25601,1703.0
46288,209.0
68371,303.0
09178,40.0
02639,344.0
05073,339.0
22035,1047.0
89379,142.0
58023,171.0
02087,34.0
52195,35.0
71218,572.0
02618,688.0
40117,2430.0
65468,46.0
77417,249.0
79074,174.0
89253,191.0
10195,279.0
50389,454.0
59401,2256.0
61187,173.0
78501,3162.0
59332,1800.0
68014,360.0
01290,1346.0
44161,3780.0
83148,12573.0
27685,658.0
24040,497.0
19171,186.0
83138,2873.0
27321,140.0
71387,245.0
18025,603.0
88495,192.0
31260,96.0
05085,457.0
39406,276.0
33109,2575.0
51542,191.0
67360,1147.0
82039,561.0
14347,1012.0
02788,466.0
18208,406.0
67137,5777.0
60427,184.0
37050,11589.0
14196,217.0
03120,692.0
53124,1380.0
68295,3022.0
12086,321.0
63055,1000.0
59365,6357.0
77458,5114.0
89411,1003.0
40328,1660.0
55312,163.0
32106,920.0
31471,384.0
58292,163.0
45314,448.0
63305,848.0
59170,5351.0
71507,171.0
09140,126.0
17264,5798.0
50629,737.0
60636,4456.0
37066,554.0
29152,704.0
22362,2409.0
60286,2786.0
77102,159.0
63001,2736.0
62047,145.0
39477,258.0
24113,86.0
73322,524.0
86249,124.0
33450,244.0
54491,349.0
93053,46094.0
72123,65.0
73055,1949.0
62467,179.0
2B225,100.0
26346,242.0
23116,534.0
39009,552.0
71254,158.0
24104,627.0
65110,97.0
57195,561.0
12041,273.0
15076,171.0
49082,934.0
35210,11918.0
54518,1117.0
34021,305.0
77266,786.0
35126,8995.0
28113,1331.0
24585,666.0
81289,2638.0
55527,633.0
79076,2071.0
51421,107.0
46267,585.0
2B190,184.0
54157,4658.0
40115,282.0
65102,20.0
66066,626.0
79203,351.0
47060,1132.0
21465,79.0
50402,3253.0
11064,380.0
78530,377.0
76129,215.0
40305,188.0
78084,627.0
45103,1561.0
51014,287.0
74155,800.0
32102,211.0
63184,277.0
59003,364.0
44037,3147.0
80732,628.0
36018,6204.0
32170,142.0
02832,182.0
68334,7766.0
70398,68.0
54570,341.0
64039,246.0
03317,292.0
57697,316.0
29273,2400.0
86041,10105.0
72377,1034.0
76335,84.0
76185,165.0
80038,130.0
81235,742.0
03090,314.0
89124,1177.0
72163,487.0
50008,436.0
78013,504.0
34220,257.0
64489,343.0
94016,30592.0
55450,47.0
48012,329.0
02086,996.0
56006,1513.0
08067,1097.0
15130,146.0
32050,98.0
40043,765.0
86096,670.0
76507,819.0
77194,421.0
14027,4554.0
61197,139.0
82045,361.0
83090,14011.0
80503,187.0
10207,129.0
62207,536.0
52295,92.0
52440,372.0
22262,2783.0
16373,186.0
14554,1772.0
2B137,22.0
73020,438.0
80800,139.0
17393,1754.0
51538,111.0
36140,1163.0
27168,174.0
12089,5111.0
80617,234.0
70507,264.0
21195,213.0
01434,494.0
32002,76.0
11153,258.0
87140,1658.0
51614,955.0
72186,882.0
27681,24543.0
82144,757.0
73320,819.0
79352,157.0
95101,960.0
79161,629.0
76667,346.0
26167,565.0
89320,58.0
06106,561.0
33199,22399.0
31008,261.0
67058,383.0
68260,1145.0
79024,1977.0
05151,1125.0
86009,1062.0
71320,313.0
39037,188.0
85268,1496.0
11080,161.0
51229,121.0
64280,438.0
55579,100.0
51172,6456.0
67071,470.0
59580,4324.0
33251,711.0
60173,807.0
38529,4000.0
67086,428.0
17408,915.0
63468,308.0
55555,32.0
28388,1047.0
46160,411.0
54223,198.0
01350,2553.0
88411,81.0
70473,1938.0
73220,369.0
50029,1171.0
07238,338.0
91659,5457.0
58074,348.0
02642,163.0
31243,66.0
88448,174.0
31084,1081.0
65325,44.0
50221,66.0
29261,217.0
19106,373.0
44185,3279.0
73129,1203.0
25523,663.0
53017,967.0
06089,2393.0
37199,461.0
65156,212.0
21581,138.0
60138,1031.0
73029,5260.0
08430,38.0
30169,5987.0
62381,131.0
18085,244.0
71522,1742.0
57063,215.0
33363,4687.0
19286,531.0
84090,670.0
50197,2004.0
22004,4839.0
52502,67.0
31153,411.0
14102,977.0
83021,2632.0
10288,263.0
27100,1209.0
38357,2742.0
10033,4753.0
14250,286.0
17034,464.0
33118,2131.0
37218,572.0
19158,163.0
56164,6699.0
29054,670.0
57242,3029.0
32037,126.0
08031,40.0
77430,6358.0
38423,5825.0
42210,484.0
45202,1013.0
67225,111.0
62422,521.0
72356,396.0
66064,418.0
2B199,187.0
74033,1428.0
28389,336.0
08077,53.0
57156,1183.0
89446,448.0
45166,282.0
08257,153.0
37196,1635.0
69219,2132.0
46133,272.0
70088,109.0
27347,775.0
64507,144.0
75120,189805.0
02793,114.0
15179,250.0
27216,475.0
38494,802.0
44056,3750.0
90008,4595.0
09222,26.0
27263,1229.0
31580,1140.0
71080,88.0
55419,154.0
01451,6808.0
78049,1695.0
65477,109.0
64004,109.0
65331,3303.0
34171,176.0
61126,484.0
25075,411.0
06036,420.0
35148,152.0
63303,42.0
40017,390.0
46216,653.0
63187,517.0
86017,1088.0
43221,397.0
77125,1438.0
68212,516.0
80598,1220.0
07136,106.0
69294,2981.0
72043,331.0
26349,359.0
21038,7602.0
65469,19.0
59390,4056.0
81306,827.0
25255,350.0
70234,222.0
87180,566.0
78389,1667.0
57355,788.0
35034,1228.0
09118,175.0
50641,648.0
29277,2319.0
24582,456.0
59375,4539.0
62183,756.0
04162,261.0
35136,8570.0
47257,624.0
27081,182.0
52109,6.0
69231,2587.0
59215,952.0
55188,44.0
50425,1099.0
61373,247.0
14547,153.0
11375,29.0
53049,699.0
71245,331.0
38528,1360.0
81021,5706.0
64398,425.0
52540,25.0
15234,336.0
06067,1527.0
11330,512.0
85089,5398.0
80527,300.0
53129,366.0
21283,67.0
2B003,27.0
21214,167.0
12223,1595.0
09049,173.0
37167,2183.0
62158,575.0
32084,52.0
46002,80.0
47179,2079.0
46273,847.0
27105,4025.0
30257,1994.0
76588,507.0
63200,939.0
14435,207.0
85223,2951.0
72270,190.0
59480,861.0
08343,1142.0
37278,1093.0
19269,1263.0
47047,182.0
27453,1798.0
62393,1116.0
76751,1278.0
04092,124.0
59289,1492.0
56248,5008.0
76536,1231.0
80213,570.0
46060,229.0
89404,532.0
71215,2582.0
07239,112.0
60553,272.0
67341,411.0
65107,112.0
21144,39.0
84053,1759.0
70436,110.0
42129,1834.0
22229,1060.0
06150,3015.0
62324,617.0
64290,596.0
25094,120.0
63292,142.0
70268,213.0
50236,3971.0
56018,1047.0
15022,161.0
02038,62.0
68022,1566.0
36241,2647.0
43223,1109.0
59656,5299.0
81128,1551.0
972229,19341.0
60540,625.0
55040,255.0
55497,319.0
67051,308.0
53009,670.0
24282,139.0
33082,1345.0
63233,981.0
42061,538.0
2A359,214.0
08397,55.0
2B238,210.0
77507,439.0
50006,154.0
86108,401.0
70297,61.0
56111,1307.0
62389,29.0
72251,393.0
30107,605.0
24150,541.0
59622,1161.0
64165,297.0
34317,195.0
72017,228.0
18277,35.0
71323,137.0
55367,130.0
47271,357.0
43218,1213.0
27655,725.0
50098,619.0
32316,110.0
15184,780.0
15077,65.0
16044,207.0
44083,2477.0
54260,920.0
64319,183.0
34105,249.0
14274,2747.0
02196,300.0
50158,271.0
40079,136.0
06033,13277.0
60681,467.0
14453,349.0
81123,89.0
46120,348.0
63455,3675.0
11131,582.0
23242,204.0
07105,102.0
09299,429.0
67020,826.0
60587,1442.0
11143,108.0
77302,1925.0
55384,128.0
22282,3334.0
44058,487.0
78133,5736.0
38199,2168.0
64330,237.0
30058,223.0
66030,220.0
28009,71.0
22202,754.0
80427,384.0
57652,609.0
29005,1325.0
62213,801.0
21535,1348.0
02278,32.0
02155,187.0
56226,543.0
55357,107.0
62116,171.0
88344,179.0
46101,470.0
53233,336.0
57106,3929.0
57168,673.0
62386,6704.0
51625,278.0
89051,539.0
66050,4681.0
64438,549.0
69017,752.0
18240,632.0
69089,15204.0
59444,927.0
43207,254.0
69171,2501.0
31367,72.0
69272,4508.0
76367,2884.0
53061,452.0
11142,189.0
07339,2028.0
39057,100.0
52243,124.0
73265,731.0
65100,5407.0
29125,827.0
27528,3632.0
40214,495.0
02521,1351.0
23083,250.0
02720,2063.0
14150,1390.0
22231,339.0
84021,87.0
73139,260.0
78261,677.0
18217,160.0
24472,993.0
21249,674.0
17145,483.0
85262,3590.0
31199,191.0
08175,252.0
71127,52.0
49057,331.0
90078,191.0
69236,600.0
71581,249.0
38307,527.0
89203,188.0
02131,1882.0
65358,57.0
06004,75130.0
39228,1101.0
38059,2521.0
15224,126.0
02818,1157.0
62138,704.0
18023,1625.0
57038,7180.0
72202,200.0
49291,378.0
79246,603.0
52443,33.0
23099,318.0
24463,544.0
52170,172.0
24111,74.0
02120,195.0
79163,541.0
28260,100.0
33180,197.0
73267,304.0
18115,781.0
02829,43.0
55125,779.0
16346,245.0
21461,1421.0
971120,14486.0
66025,1204.0
88510,131.0
38511,3076.0
62615,283.0
45309,691.0
06034,1687.0
69164,318.0
51133,63.0
27683,229.0
11163,47.0
62283,129.0
24525,199.0
77494,2606.0
41242,4342.0
69087,3043.0
61425,129.0
06084,10531.0
43268,7345.0
16165,386.0
87188,439.0
02740,221.0
14522,389.0
43068,32.0
54055,329.0
14511,67.0
16372,142.0
57566,2334.0
42167,387.0
974402,13344.0
08259,69.0
65239,149.0
51491,87.0
46306,91.0
31521,338.0
07078,3158.0
55345,100.0
14533,101.0
37128,1307.0
76533,1706.0
91390,3364.0
07312,524.0
40061,989.0
54154,470.0
80125,84.0
84033,113.0
57583,122.0
51166,66.0
55271,360.0
42334,1215.0
76240,1052.0
02488,159.0
05166,1297.0
80214,309.0
40296,3900.0
67539,2338.0
08346,1351.0
39080,59.0
83154,745.0
51430,84.0
12042,194.0
64240,182.0
27435,262.0
74294,780.0
26075,24.0
32063,163.0
89226,185.0
62566,656.0
19217,162.0
63383,248.0
02655,149.0
58016,139.0
53112,360.0
64454,181.0
33237,858.0
56053,6436.0
49278,3552.0
02438,242.0
24529,202.0
32324,76.0
36080,74.0
17361,111.0
66103,573.0
55350,76.0
74313,555.0
81068,182.0
33499,323.0
62278,615.0
80513,179.0
24163,163.0
62777,158.0
08004,246.0
07100,512.0
62209,158.0
77495,8822.0
29024,7240.0
11127,70.0
67537,452.0
81215,646.0
03250,358.0
11413,505.0
19248,698.0
70060,284.0
39285,332.0
31513,394.0
38067,1753.0
59382,1417.0
62062,52.0
74232,484.0
10101,172.0
25486,446.0
41207,1138.0
71181,154.0
11003,199.0
76730,128.0
62892,659.0
30316,241.0
74291,339.0
91272,22352.0
57714,442.0
67241,146.0
14452,613.0
53055,597.0
61100,289.0
80347,160.0
15005,386.0
64013,169.0
71220,470.0
51244,241.0
24518,290.0
57593,1039.0
76708,697.0
71427,52.0
70199,120.0
13031,3913.0
70352,39.0
60542,1003.0
62728,693.0
86037,476.0
63314,522.0
01067,261.0
13071,22161.0
55557,127.0
63011,220.0
71344,69.0
02796,90.0
90029,1928.0
02784,150.0
63411,468.0
26221,65.0
29113,2362.0
23206,685.0
35038,620.0
91533,1847.0
91284,1183.0
72158,816.0
14281,752.0
61050,584.0
14758,815.0
67477,620.0
68316,724.0
62077,360.0
48181,60.0
80092,779.0
63301,729.0
21587,248.0
11348,83.0
18086,549.0
22011,1056.0
31507,1682.0
37206,1770.0
47030,212.0
50570,406.0
23263,380.0
06129,301.0
36232,1080.0
22207,2206.0
64250,1033.0
11347,102.0
24321,827.0
71074,558.0
27302,1309.0
27562,4422.0
48031,83.0
51248,2170.0
32058,36.0
60177,440.0
22369,797.0
52200,72.0
76554,346.0
43208,39.0
83065,2655.0
58014,68.0
40194,1207.0
27594,265.0
18165,1101.0
51393,299.0
72353,215.0
21220,143.0
01380,598.0
39390,303.0
79190,484.0
35188,6742.0
17452,4436.0
30163,171.0
11015,259.0
60500,3792.0
77405,1954.0
80234,773.0
38322,97.0
07309,1500.0
64145,509.0
02654,83.0
89042,157.0
95229,9573.0
76586,651.0
07193,285.0
62419,180.0
01084,931.0
68084,1493.0
02531,132.0
2B185,1801.0
42072,63.0
42198,912.0
51441,104.0
65418,289.0
27224,450.0
10076,258.0
36097,323.0
60157,10475.0
21235,48.0
70404,551.0
46016,384.0
34125,110.0
38445,791.0
10361,250.0
22053,678.0
52207,92.0
88152,242.0
04137,49.0
69050,2115.0
90009,5005.0
27527,206.0
40003,268.0
02213,330.0
55004,81.0
2B290,269.0
74127,1491.0
64283,206.0
72132,8799.0
32036,669.0
01228,679.0
84081,8922.0
26374,17.0
29199,5057.0
69151,1488.0
64508,128.0
21061,67.0
29106,1861.0
21691,403.0
94003,21557.0
47146,1425.0
81011,1036.0
02709,400.0
16295,1314.0
72210,299.0
81256,81.0
49026,2782.0
51101,695.0
63388,715.0
02590,171.0
89297,105.0
2A158,31.0
52034,139.0
18105,462.0
27089,1009.0
05119,660.0
30122,727.0
62863,3831.0
59559,1977.0
57008,210.0
73090,264.0
21472,173.0
45320,404.0
73228,973.0
02386,221.0
01351,1613.0
10127,56.0
47200,115.0
68281,461.0
24366,875.0
33422,9304.0
70505,156.0
80169,62.0
62216,209.0
21638,1158.0
35095,5767.0
21115,361.0
61087,161.0
82150,879.0
03227,376.0
21618,548.0
07281,7588.0
65253,54.0
23199,357.0
41164,2677.0
31218,111.0
33062,778.0
91338,6431.0
26244,123.0
01428,131.0
03113,516.0
76694,141.0
59038,1447.0
85141,679.0
39501,1143.0
71282,1266.0
73255,833.0
67172,2303.0
27173,124.0
26176,1276.0
46334,1539.0
2B054,184.0
38383,2587.0
01016,459.0
39289,349.0
03045,817.0
07325,2044.0
61345,1896.0
38419,185.0
55035,144.0
07224,218.0
36090,118.0
62896,747.0
19038,1504.0
60066,198.0
63159,135.0
40298,398.0
26125,1426.0
39157,50.0
08377,153.0
57610,319.0
86005,606.0
52222,32.0
85064,2506.0
08244,75.0
17249,168.0
76030,518.0
76139,220.0
95489,706.0
27541,184.0
09198,219.0
60136,490.0
85296,1242.0
50222,799.0
62186,12221.0
2B135,324.0
28419,335.0
81160,351.0
03128,2600.0
39116,153.0
65002,828.0
91075,82.0
57576,822.0
07301,953.0
72179,1882.0
26084,4038.0
59304,423.0
38526,361.0
76732,239.0
62474,1147.0
15021,655.0
91159,1550.0
81198,331.0
65163,43.0
80291,274.0
94056,2725.0
25625,50.0
17208,1058.0
63134,67.0
36095,110.0
30054,300.0
10208,290.0
51031,283.0
42073,745.0
50409,1907.0
80557,594.0
32021,75.0
25479,388.0
55116,50.0
25077,80.0
52506,87.0
76738,771.0
31384,1791.0
40333,1344.0
89060,454.0
47100,5484.0
24133,1261.0
72161,931.0
02524,691.0
29013,225.0
65437,134.0
71328,643.0
54234,2965.0
11326,72.0
19099,223.0
80317,207.0
74262,1182.0
01304,2871.0
38516,6470.0
32251,68.0
24106,538.0
52235,245.0
45155,13387.0
21611,952.0
70130,303.0
26329,181.0
89481,102.0
39540,197.0
24217,467.0
28286,625.0
21259,277.0
76541,1549.0
26096,1993.0
80241,1052.0
77178,498.0
59144,859.0
86063,244.0
21349,477.0
18236,133.0
77428,833.0
39199,1207.0
46195,358.0
30137,138.0
31209,160.0
52244,748.0
01117,149.0
41067,2793.0
45329,1275.0
33155,162.0
07200,62.0
11221,304.0
08022,331.0
78344,643.0
67045,3352.0
62378,198.0
10168,82.0
88486,3878.0
83017,2399.0
37138,865.0
01031,3636.0
71452,108.0
49215,3710.0
50463,525.0
56180,744.0
31353,84.0
71042,437.0
35180,796.0
40004,2207.0
58313,94.0
34023,7073.0
32362,146.0
10116,314.0
2A118,208.0
53156,253.0
15166,322.0
16186,705.0
01124,703.0
76477,457.0
62713,1329.0
16007,470.0
56210,470.0
28310,251.0
2B068,25.0
39160,903.0
16425,564.0
25424,1560.0
80044,401.0
91507,299.0
34006,288.0
61375,1181.0
78239,2173.0
25242,128.0
47014,207.0
40112,99.0
40242,104.0
81076,708.0
33336,1040.0
21190,436.0
33001,2013.0
28327,192.0
65447,1230.0
37127,326.0
2B306,116.0
10141,714.0
47198,319.0
17398,166.0
77015,106.0
78255,4285.0
49220,3682.0
71333,1226.0
03235,950.0
55407,132.0
55475,67.0
47248,564.0
88122,382.0
51631,297.0
58217,193.0
17462,770.0
57162,987.0
38117,626.0
19149,204.0
64361,182.0
10416,242.0
35001,6888.0
64224,626.0
57424,231.0
80371,91.0
2B246,191.0
49058,888.0
02309,695.0
54317,132.0
23063,153.0
02571,704.0
25466,832.0
37150,1424.0
63259,318.0
70145,506.0
52242,967.0
14731,198.0
26161,46.0
57381,283.0
65261,47.0
87016,293.0
69194,7265.0
2A258,62.0
73154,3411.0
73138,499.0
06100,233.0
89033,393.0
64515,235.0
77048,2762.0
55289,60.0
69270,4465.0
45055,555.0
02234,83.0
17266,727.0
54056,146.0
57573,132.0
76628,889.0
57011,614.0
10432,69.0
66081,131.0
14398,546.0
01373,1033.0
32322,208.0
63149,714.0
08375,178.0
02787,261.0
78217,6585.0
87141,677.0
41106,4565.0
26011,2659.0
30143,213.0
71227,499.0
19231,175.0
17002,134.0
53164,344.0
31073,732.0
61381,59.0
59353,299.0
73216,495.0
68363,625.0
47082,214.0
33433,10005.0
25245,1211.0
07056,907.0
15078,161.0
61091,938.0
27153,385.0
77100,4258.0
61068,202.0
15250,513.0
42102,886.0
09216,59.0
32292,389.0
14070,199.0
42255,274.0
52001,315.0
38354,417.0
02286,855.0
80547,205.0
76223,528.0
52284,89.0
91179,4814.0
21387,218.0
45167,1739.0
04166,1643.0
58015,118.0
68142,366.0
53178,233.0
13067,2698.0
18121,94.0
21080,651.0
81304,195.0
08209,451.0
02173,11496.0
64354,127.0
86265,416.0
71115,86.0
36075,83.0
70165,539.0
16349,500.0
34013,1676.0
71357,218.0
45296,758.0
62469,576.0
44212,9468.0
50109,1761.0
21556,242.0
63178,15014.0
29077,1983.0
30015,140.0
32061,187.0
51153,1049.0
40069,419.0
76413,415.0
10056,252.0
57299,937.0
02048,130.0
26342,311.0
49129,4475.0
29034,649.0
71529,268.0
70562,153.0
973352,317.0
60338,4978.0
49130,667.0
57278,64.0
85071,3669.0
04120,108.0
971124,10700.0
36092,260.0
80694,350.0
31278,310.0
25395,1582.0
30126,748.0
77027,1155.0
21138,590.0
27054,569.0
02115,183.0
73190,253.0
27399,54.0
10302,86.0
33250,312.0
35235,1061.0
77066,294.0
11333,106.0
37133,461.0
31197,329.0
63172,53.0
04118,123.0
76330,681.0
42034,101.0
02006,259.0
57719,82.0
21604,135.0
28206,663.0
14520,850.0
21705,70.0
32460,309.0
30327,52.0
71248,694.0
31410,4662.0
09076,202.0
40062,531.0
71026,333.0
56003,5685.0
07347,619.0
81038,2393.0
84097,542.0
31167,703.0
02163,2581.0
57308,150.0
06098,126.0
79343,225.0
19180,699.0
50290,343.0
54283,283.0
19283,80.0
15017,135.0
73028,350.0
27294,992.0
46186,358.0
27254,842.0
73034,2009.0
60350,1403.0
21439,93.0
34241,922.0
27167,661.0
55468,100.0
60502,101.0
30265,244.0
27279,3072.0
10226,115.0
18037,972.0
69183,316.0
19257,273.0
13099,887.0
61034,195.0
60116,2913.0
21596,383.0
65272,77.0
41237,1078.0
52234,41.0
60111,148.0
24370,1844.0
21589,100.0
07006,158.0
82135,1385.0
64265,99.0
44019,1072.0
02801,268.0
69254,983.0
59242,695.0
2B226,58.0
02287,1054.0
64292,259.0
57147,333.0
74068,509.0
76365,187.0
18091,254.0
41113,176.0
16145,651.0
31506,13766.0
70515,67.0
71024,500.0
80197,28.0
50351,87.0
21330,380.0
30011,8480.0
89292,248.0
27212,111.0
67082,1221.0
82054,384.0
88106,957.0
77103,222.0
17292,517.0
70321,1368.0
41089,204.0
56190,1957.0
54429,298.0
47312,754.0
55437,122.0
36143,445.0
32081,123.0
63381,1660.0
02219,195.0
03004,229.0
74144,835.0
71456,1913.0
45237,125.0
51458,61.0
76462,4680.0
52411,1314.0
30253,1188.0
88012,1107.0
14103,413.0
35227,3517.0
71277,670.0
07019,12360.0
88527,136.0
47289,496.0
53090,174.0
80173,522.0
61149,350.0
59394,406.0
61138,201.0
65445,228.0
40127,613.0
65134,16.0
51511,114.0
60574,613.0
55554,259.0
80086,1051.0
14762,17135.0
02107,104.0
31027,196.0
17450,247.0
89265,579.0
54306,338.0
84005,188.0
25605,483.0
31314,372.0
24138,7245.0
25541,378.0
93055,60800.0
50050,133.0
01430,654.0
36014,197.0
48160,136.0
65267,515.0
61151,385.0
39168,46.0
57612,234.0
54572,701.0
41224,178.0
80622,1289.0
47223,197.0
21271,273.0
80137,741.0
30029,1611.0
68129,1336.0
71044,302.0
27158,790.0
60698,283.0
43197,342.0
50025,10240.0
16061,4188.0
60249,195.0
03106,1320.0
27536,543.0
32311,335.0
40283,3360.0
28398,1197.0
37108,703.0
86293,4468.0
13013,1948.0
10219,70.0
76184,109.0
28400,193.0
57701,810.0
35103,428.0
80131,3306.0
64482,625.0
71570,506.0
69047,1039.0
04123,1111.0
76377,3657.0
32323,101.0
40142,1070.0
05146,135.0
17110,979.0
02762,160.0
19166,93.0
79347,1092.0
34298,5459.0
76363,572.0
12157,1723.0
67253,646.0
06152,12754.0
32450,134.0
47009,249.0
91600,7322.0
88515,154.0
88330,191.0
36205,99.0
18068,33.0
70019,146.0
87111,1564.0
02303,698.0
55361,131.0
52174,38.0
77069,2118.0
34022,7735.0
15034,140.0
65132,45.0
33273,7850.0
32446,280.0
54204,90.0
30334,8379.0
87185,1766.0
46085,240.0
18271,1552.0
60632,752.0
17050,518.0
76347,343.0
64123,1347.0
60620,453.0
2B012,53.0
24098,3029.0
32122,342.0
57301,304.0
43008,141.0
73259,536.0
25373,45.0
63052,1046.0
22255,874.0
67228,786.0
35116,2527.0
66074,380.0
76054,518.0
11370,3250.0
17191,428.0
22308,649.0
17345,296.0
34323,48.0
29055,3264.0
14302,161.0
16315,104.0
69385,48711.0
45072,1631.0
65042,577.0
61192,104.0
19072,2705.0
14089,384.0
35032,4580.0
10021,153.0
89422,42.0
04197,3489.0
10145,205.0
62631,481.0
62791,48.0
34219,493.0
08379,243.0
68046,414.0
62430,156.0
67244,157.0
76257,183.0
72144,333.0
60535,329.0
88413,19319.0
31343,61.0
39220,405.0
82127,747.0
34271,222.0
64451,98.0
85087,201.0
89089,133.0
64218,313.0
35008,665.0
51500,115.0
08179,589.0
81094,92.0
50617,336.0
56223,1444.0
56176,6140.0
52300,157.0
33496,2728.0
14226,311.0
28057,576.0
35091,593.0
02682,115.0
58052,52.0
91184,278.0
16284,122.0
26290,345.0
80708,156.0
95078,2024.0
80281,169.0
02013,387.0
84020,1177.0
82151,401.0
32465,153.0
51228,82.0
61370,149.0
26138,1136.0
50317,273.0
02512,268.0
38126,4139.0
08479,209.0
28357,1091.0
39046,74.0
91293,883.0
31584,6170.0
45154,2029.0
14720,846.0
17375,1210.0
64481,230.0
55120,775.0
11054,268.0
51270,233.0
50210,344.0
27354,407.0
50267,2248.0
67111,421.0
24251,547.0
64219,260.0
62268,4843.0
53191,252.0
28102,742.0
47138,1592.0
66209,31.0
07072,1658.0
76394,633.0
72317,499.0
65454,106.0
46323,97.0
13109,2355.0
01074,2559.0
11001,543.0
35333,1710.0
81277,622.0
22097,738.0
13010,4236.0
15101,516.0
30129,696.0
80784,283.0
42222,5842.0
33075,20215.0
64019,230.0
31341,6440.0
02392,319.0
44052,8113.0
21365,76.0
62464,3367.0
67091,344.0
60068,3135.0
46116,72.0
972215,1017.0
76015,516.0
64368,261.0
09152,19.0
41288,819.0
76070,588.0
95254,544.0
66012,3327.0
37065,553.0
84009,1686.0
70567,131.0
57437,664.0
60569,174.0
23045,859.0
57233,86.0
08420,1183.0
27077,852.0
67381,368.0
03309,464.0
54184,8782.0
24306,128.0
67285,1490.0
74086,741.0
18080,144.0
46256,203.0
02333,161.0
68023,934.0
78077,754.0
82139,119.0
87195,130.0
18210,599.0
73019,951.0
01294,908.0
76458,128.0
66189,5671.0
32275,41.0
45039,702.0
35179,4311.0
24274,810.0
05170,2312.0
21405,805.0
42318,1474.0
02127,191.0
02018,2549.0
66116,206.0
2B365,100.0
08440,126.0
64271,539.0
31123,79.0
13050,9991.0
70072,86.0
62455,114.0
16377,109.0
69077,1106.0
21347,353.0
66217,2257.0
17364,429.0
17139,361.0
78474,946.0
37114,175.0
61492,120.0
07321,289.0
59423,1403.0
19151,937.0
39063,234.0
46008,217.0
29220,8395.0
90080,433.0
40174,85.0
71478,80.0
31085,256.0
03149,418.0
42339,214.0
17331,1225.0
71158,1579.0
2B052,21.0
80799,4640.0
27625,349.0
71061,473.0
29003,3697.0
63232,557.0
38038,618.0
55577,56.0
81212,120.0
23258,313.0
61049,115.0
52303,96.0
62292,858.0
62881,371.0
78642,15914.0
70184,718.0
31124,398.0
09048,83.0
60520,223.0
35273,2086.0
89281,310.0
08024,1078.0
16083,336.0
17072,1337.0
01303,1729.0
65481,145.0
50518,322.0
09086,336.0
04066,581.0
76460,494.0
63260,168.0
48177,319.0
73109,767.0
06003,640.0
45022,442.0
34100,59.0
86236,867.0
43137,8925.0
52104,1016.0
30048,190.0
68130,1066.0
54525,645.0
81167,106.0
35198,714.0
74290,409.0
08132,192.0
11439,416.0
14053,165.0
66218,348.0
45129,1355.0
32128,209.0
62218,333.0
02626,337.0
42275,6164.0
35191,2256.0
72325,826.0
31505,313.0
02015,76.0
82154,211.0
47314,400.0
16342,306.0
54428,839.0
2A324,413.0
28333,147.0
54517,202.0
38066,171.0
40332,2339.0
39310,476.0
56026,2273.0
33048,280.0
60657,243.0
64181,339.0
51070,229.0
21149,134.0
38483,1644.0
60356,643.0
74292,1050.0
30212,2260.0
76479,144.0
17150,530.0
2B291,34.0
19122,176.0
39211,246.0
80057,74.0
47182,238.0
58108,81.0
42202,681.0
19069,142.0
81044,310.0
05016,273.0
65014,40.0
02677,236.0
25505,1021.0
40126,1891.0
74065,527.0
60498,533.0
88333,128.0
59427,620.0
30237,666.0
22203,4112.0
28188,919.0
53085,196.0
86066,31284.0
63028,402.0
31550,514.0
36237,693.0
37237,1308.0
95309,219.0
59535,1642.0
35257,5097.0
77441,2010.0
24527,950.0
40322,196.0
54427,95.0
76749,333.0
63113,147327.0
62252,2616.0
55172,61.0
87023,184.0
27623,490.0
28130,1000.0
62161,790.0
62198,341.0
62882,1229.0
22331,186.0
63350,1309.0
39321,162.0
03132,551.0
66001,66.0
67379,895.0
17252,309.0
67123,478.0
59296,351.0
08202,509.0
59596,528.0
13119,6747.0
47007,166.0
33115,242.0
93064,45655.0
80709,276.0
27381,167.0
52033,109.0
95488,9998.0
65187,95.0
87161,4332.0
76724,131.0
14393,366.0
61268,114.0
28177,760.0
29214,682.0
35236,9312.0
46170,927.0
09027,80.0
01314,1764.0
15064,83.0
41085,1058.0
57175,235.0
02670,148.0
24364,608.0
62154,675.0
32008,72.0
38561,1706.0
54153,56.0
02043,63.0
57049,4617.0
53184,162.0
41101,1145.0
80794,50.0
66037,12598.0
88376,284.0
53143,512.0
94059,20218.0
55071,178.0
65084,285.0
88066,65.0
77357,846.0
81259,225.0
24349,341.0
01399,2412.0
57037,265.0
45018,959.0
62418,305.0
58056,287.0
72164,68.0
88355,1222.0
60040,644.0
51050,139.0
46069,174.0
89194,112.0
27366,208.0
76512,27.0
52260,123.0
61279,613.0
17291,6635.0
33515,417.0
08436,404.0
88526,425.0
55175,179.0
25238,160.0
47032,6233.0
53120,456.0
61286,89.0
08013,387.0
34199,7788.0
01002,267.0
47126,99.0
03181,295.0
17197,3550.0
59260,4119.0
80629,105.0
79056,746.0
72180,5103.0
08431,97.0
50200,812.0
89176,137.0
89102,2153.0
36213,254.0
74160,1003.0
89463,256.0
08038,350.0
64425,503.0
11263,258.0
03210,388.0
62801,2658.0
14146,170.0
21185,518.0
63085,1137.0
58076,82.0
91587,6583.0
03102,2990.0
63334,546.0
73050,579.0
88127,56.0
42157,804.0
71405,188.0
15129,165.0
67077,575.0
78464,995.0
85149,409.0
31537,190.0
89227,1197.0
57380,106.0
76415,320.0
36124,243.0
31302,299.0
62692,385.0
39447,282.0
67368,1555.0
71059,3522.0
54171,1136.0
67407,1603.0
65398,243.0
64266,230.0
2B058,316.0
24324,581.0
82027,1446.0
58295,987.0
01149,1094.0
08069,140.0
19097,134.0
10013,140.0
88507,193.0
52147,92.0
33050,655.0
33359,282.0
80024,546.0
85106,1331.0
95258,349.0
02510,142.0
32142,139.0
29143,994.0
51414,144.0
34130,1774.0
19177,173.0
61101,190.0
89382,1443.0
50450,335.0
54047,263.0
25420,171.0
86085,254.0
21451,78.0
28123,447.0
64525,822.0
62632,383.0
70262,154.0
18130,298.0
21002,254.0
51630,330.0
39379,532.0
72104,581.0
33421,455.0
26087,1289.0
65218,601.0
41132,313.0
40092,236.0
95252,37520.0
73186,472.0
79299,2400.0
11204,39.0
76236,356.0
21478,284.0
70296,270.0
2B292,61.0
01407,1001.0
86229,340.0
57553,619.0
21504,91.0
27677,397.0
46163,289.0
60306,153.0
70041,387.0
88487,3861.0
02632,55.0
43160,198.0
71271,147.0
26149,1029.0
48034,2099.0
33006,906.0
48091,46.0
50363,1437.0
15102,111.0
15151,144.0
88293,216.0
37136,529.0
59011,10780.0
26209,24.0
29083,273.0
77058,26571.0
38420,244.0
38282,877.0
71361,55.0
39512,54.0
27332,798.0
33408,384.0
42093,1360.0
67003,461.0
21096,108.0
51290,279.0
57589,2298.0
76016,127.0
54441,226.0
28033,794.0
70066,181.0
59567,415.0
81023,209.0
94058,34213.0
87178,2889.0
39452,529.0
76556,1097.0
87189,151.0
59184,658.0
56135,1641.0
73175,81.0
42040,45.0
03193,193.0
14377,586.0
45224,4981.0
08134,74.0
80621,695.0
12136,939.0
38166,456.0
85298,1883.0
80463,705.0
64487,198.0
26152,25.0
23197,368.0
59001,459.0
62321,4674.0
71457,119.0
31163,2638.0
61399,73.0
19276,2798.0
95427,14775.0
57716,1607.0
15159,269.0
33191,544.0
35187,1338.0
11297,154.0
37072,8052.0
26214,80.0
70489,767.0
67349,516.0
2A098,725.0
90086,216.0
78285,541.0
65426,131.0
80127,816.0
60296,133.0
60650,521.0
86178,2729.0
32202,286.0
30001,530.0
77238,4304.0
59440,673.0
45070,59.0
26177,701.0
84141,11457.0
46135,46.0
77026,364.0
74064,1214.0
10150,248.0
52161,72.0
74040,3269.0
62462,154.0
63122,61.0
25551,140.0
21257,67.0
18204,282.0
88229,82.0
34172,302454.0
23090,373.0
60396,620.0
70350,64.0
42229,220.0
58083,1363.0
60184,205.0
62054,622.0
09168,184.0
62894,3888.0
63433,78.0
61252,135.0
28315,23.0
34133,54.0
54549,3578.0
02003,1016.0
08037,896.0
46202,557.0
76502,532.0
37051,809.0
26357,2009.0
55039,0.0
11401,788.0
62710,183.0
37245,2149.0
54556,110.0
41080,1401.0
51559,3890.0
44136,1223.0
26331,595.0
42036,513.0
41078,827.0
77047,1720.0
02486,106.0
26382,595.0
39415,1070.0
07207,1087.0
43072,152.0
55206,115.0
57568,1338.0
18196,76.0
40026,388.0
13014,13912.0
28369,793.0
52134,214.0
28350,974.0
21702,259.0
63229,1264.0
64475,180.0
01175,786.0
64460,400.0
71479,1718.0
2A008,1775.0
72380,915.0
32459,1127.0
55506,30.0
47185,2668.0
25296,790.0
76631,1306.0
10408,136.0
02313,440.0
16153,1174.0
54602,149.0
73222,6429.0
63108,685.0
73094,331.0
42320,709.0
42087,1265.0
23149,713.0
47235,473.0
47297,141.0
85156,2298.0
08448,1007.0
59438,814.0
08321,171.0
38381,2117.0
52177,775.0
23195,1061.0
02592,192.0
56045,675.0
62568,725.0
61141,427.0
89285,304.0
64326,123.0
79144,379.0
40225,193.0
23055,30.0
54221,238.0
86077,1201.0
52063,90.0
18233,1403.0
28207,237.0
78327,3976.0
32371,85.0
62374,152.0
87047,1875.0
76455,297.0
43217,544.0
14487,748.0
82136,1721.0
02797,172.0
27057,291.0
02643,784.0
54536,2430.0
54563,1364.0
38360,410.0
63294,285.0
60236,222.0
04124,408.0
78036,636.0
23100,456.0
62303,228.0
27056,9622.0
77453,1122.0
36037,293.0
05044,123.0
38013,3530.0
88423,1369.0
46193,451.0
14354,1912.0
57415,1731.0
32082,346.0
55353,77.0
80097,127.0
70414,956.0
42290,593.0
11275,207.0
39298,57.0
89458,161.0
82157,107.0
59136,6929.0
28279,3982.0
32356,127.0
80430,186.0
17332,399.0
70244,117.0
74311,4600.0
88225,2349.0
17062,224.0
80368,4486.0
50156,63.0
02710,723.0
46124,296.0
21051,90.0
63467,48.0
11280,1098.0
57352,452.0
39328,433.0
37130,2103.0
21655,235.0
55139,0.0
89288,162.0
68356,885.0
02023,99.0
82051,843.0
01286,955.0
04217,733.0
94038,31392.0
55186,2090.0
47019,993.0
51175,210.0
27470,1140.0
54284,1114.0
42029,1521.0
83152,644.0
2B055,112.0
48163,119.0
86018,327.0
16038,306.0
31423,318.0
22143,1704.0
24289,1429.0
77289,347.0
71366,374.0
70002,214.0
68089,1589.0
46211,354.0
45264,179.0
58131,2519.0
43071,457.0
58013,92.0
57671,147.0
43253,191.0
51568,312.0
74196,470.0
12257,805.0
64527,1506.0
26102,134.0
36202,3641.0
15069,241.0
01432,339.0
57531,736.0
30144,456.0
19070,315.0
79175,480.0
12171,604.0
85016,2316.0
60596,238.0
2B087,2172.0
65052,79.0
42260,878.0
58154,114.0
11210,1146.0
24188,548.0
57196,419.0
05163,153.0
88280,135.0
50388,1197.0
22309,190.0
25547,3795.0
76567,175.0
77153,11272.0
17196,547.0
25116,246.0
53128,335.0
25633,699.0
56087,628.0
10064,2738.0
33507,327.0
85234,8741.0
62447,2222.0
08398,87.0
71294,1224.0
64548,164.0
52428,64.0
64144,162.0
04036,968.0
02185,380.0
73326,2236.0
34269,137.0
49114,140.0
65290,178.0
50083,638.0
2A139,1939.0
51547,139.0
14366,19807.0
58129,165.0
43053,204.0
25229,393.0
27410,616.0
45171,538.0
42283,1211.0
31530,243.0
61363,55.0
22033,357.0
33467,246.0
40188,478.0
30297,216.0
66151,78.0
71354,562.0
91273,762.0
89424,133.0
14334,317.0
62091,94.0
44131,17910.0
40327,221.0
46034,304.0
21241,303.0
63418,572.0
28301,449.0
25061,114.0
60357,553.0
45044,158.0
32156,215.0
2B321,15.0
90057,751.0
27241,172.0
71076,45031.0
38355,121.0
62414,208.0
87162,204.0
38340,2007.0
27465,401.0
57386,342.0
66112,251.0
21177,175.0
54005,112.0
51185,281.0
67534,747.0
72370,332.0
59484,6208.0
32109,200.0
02663,230.0
16002,529.0
55290,55.0
27391,1588.0
62090,126.0
25248,526.0
09195,27.0
65251,1869.0
63072,1177.0
60496,166.0
31456,54.0
38446,570.0
83067,4342.0
10427,201.0
974403,7105.0
80459,102.0
86264,742.0
10301,178.0
76465,546.0
69191,5900.0
77445,30510.0
58046,1685.0
72036,308.0
53197,918.0
65361,102.0
84143,1050.0
65319,131.0
03259,330.0
67417,288.0
62105,544.0
19259,231.0
67415,469.0
76295,1183.0
54216,124.0
58246,691.0
63029,262.0
83036,7678.0
72192,102.0
32110,396.0
84023,100.0
2B274,87.0
32023,95.0
14431,9579.0
09085,423.0
48087,255.0
55143,124.0
10437,597.0
89255,1086.0
52121,21699.0
91035,372.0
33260,1066.0
09322,264.0
23097,294.0
64198,1771.0
47216,692.0
05006,2267.0
28104,906.0
62052,447.0
27617,531.0
28410,301.0
21341,100.0
71501,143.0
37214,17004.0
95341,384.0
77208,1335.0
71292,1312.0
03219,219.0
63405,575.0
77306,495.0
78076,282.0
48080,2867.0
79338,250.0
26179,2841.0
82035,348.0
64545,10543.0
63218,197.0
70569,66.0
51560,106.0
55571,245.0
88283,79.0
72045,804.0
85008,7069.0
17069,225.0
08342,233.0
40290,106.0
15132,36.0
60367,330.0
89175,140.0
84054,19965.0
26188,1059.0
87073,389.0
12006,339.0
87021,2617.0
51107,342.0
39092,191.0
41019,99.0
86107,467.0
16418,1567.0
67029,349.0
31165,6510.0
07263,118.0
69106,1264.0
54077,1050.0
61052,191.0
58168,439.0
71017,93.0
17216,1025.0
79198,254.0
29230,1655.0
85004,2926.0
27055,330.0
70147,220.0
32013,23041.0
34050,2107.0
72298,560.0
54451,3793.0
29135,4011.0
37038,729.0
16286,2925.0
04226,532.0
37162,464.0
60528,120.0
2A247,11229.0
27616,1887.0
12029,201.0
95203,25373.0
38036,96.0
31336,634.0
05024,213.0
13091,5653.0
07231,2868.0
81039,1980.0
33117,213.0
02238,1803.0
28316,128.0
59387,1931.0
51595,150.0
02746,670.0
89247,227.0
28314,141.0
09087,44.0
86001,702.0
11167,127.0
89431,65.0
60595,438.0
45204,852.0
50410,4334.0
52019,86.0
34049,221.0
80764,301.0
17148,451.0
69065,984.0
62174,1297.0
17441,1142.0
12110,355.0
71145,565.0
71072,147.0
95287,702.0
70126,195.0
58078,53.0
06075,5165.0
39165,57.0
06001,93.0
86194,90240.0
63154,427.0
60346,8993.0
22286,484.0
50582,3077.0
90077,302.0
77137,243.0
45137,724.0
10017,117.0
28199,2512.0
2B257,161.0
01015,667.0
57481,2723.0
83031,4592.0
17310,1169.0
46257,143.0
07090,1243.0
35156,604.0
36085,244.0
63116,2148.0
44216,4070.0
60678,1159.0
62570,11431.0
23264,49.0
23227,208.0
08486,1459.0
02240,192.0
60154,1617.0
42112,406.0
90076,1199.0
60050,352.0
59548,658.0
80588,357.0
02232,365.0
70534,123.0
48131,130.0
80126,929.0
85199,538.0
83061,57082.0
56010,6228.0
56246,2135.0
15149,259.0
58099,158.0
38128,426.0
24137,731.0
12076,1573.0
28035,968.0
88203,355.0
84094,585.0
76317,426.0
32255,148.0
89402,215.0
31065,3071.0
50296,221.0
57198,190.0
65155,50.0
67263,1531.0
38269,4917.0
47087,161.0
28292,768.0
72149,607.0
64143,158.0
62644,498.0
02402,37.0
60232,457.0
27039,516.0
07346,3674.0
35189,3692.0
60398,2329.0
76014,1394.0
10364,70.0
79254,439.0
06091,2287.0
39529,65.0
22360,8450.0
53121,1371.0
53235,228.0
22366,404.0
41118,210.0
31317,475.0
34264,211.0
31345,2744.0
81222,3529.0
62143,48.0
38444,109.0
52377,286.0
08143,73.0
88255,91.0
43194,698.0
17192,870.0
42279,15419.0
30243,7115.0
30245,795.0
33034,458.0
50399,175.0
65438,76.0
71185,325.0
30193,684.0
29094,656.0
18198,373.0
25284,5857.0
11268,107.0
54208,292.0
80135,248.0
40093,250.0
56093,715.0
80146,202.0
57226,3142.0
37068,714.0
39389,601.0
32456,55.0
46255,326.0
70448,156.0
59521,422.0
05053,522.0
09069,33.0
76019,418.0
64057,1829.0
64528,164.0
62333,390.0
32211,199.0
24584,958.0
60476,202.0
50575,824.0
14427,286.0
52043,51.0
10161,50.0
25279,119.0
76266,710.0
85120,1503.0
55212,84.0
17084,686.0
33532,473.0
60351,118.0
24062,179.0
51342,238.0
23072,236.0
76058,214.0
62522,269.0
76087,694.0
03001,2919.0
90071,1174.0
69217,743.0
52275,73.0
77358,1354.0
51318,563.0
57623,703.0
71203,53.0
53222,365.0
72057,68.0
49353,15358.0
58193,1410.0
87079,814.0
17240,3228.0
81043,722.0
60431,526.0
49048,3151.0
04205,1366.0
78616,1432.0
30246,105.0
82123,1643.0
51581,261.0
68199,492.0
24226,1410.0
51428,487.0
80568,348.0
34159,3302.0
74054,736.0
18038,566.0
70282,1001.0
55573,1614.0
64049,231.0
67304,601.0
80120,535.0
80001,22595.0
34059,319.0
42052,3712.0
76039,1230.0
46046,457.0
34110,756.0
14165,193.0
63156,56.0
01023,77.0
21180,156.0
59635,368.0
67380,202.0
64557,449.0
77070,1539.0
13208,82609.0
76294,381.0
40176,92.0
14311,1050.0
62131,333.0
62650,773.0
55076,180.0
60075,142.0
05104,337.0
39218,432.0
78551,44380.0
62291,2829.0
43061,887.0
76193,352.0
77197,172.0
19169,292.0
31357,311.0
42304,6681.0
62630,283.0
04210,86.0
52437,25.0
11224,26.0
80384,177.0
85116,468.0
94034,28780.0
14086,321.0
67032,202.0
14574,1744.0
80376,639.0
24414,276.0
78559,424.0
60012,3380.0
35107,1987.0
67273,492.0
08488,2892.0
17254,198.0
10406,1854.0
51492,1396.0
50509,703.0
36073,210.0
14660,103.0
21572,402.0
67022,223.0
76040,320.0
53093,283.0
14338,1666.0
44002,4068.0
64092,351.0
70550,15130.0
2B063,48.0
04096,1140.0
60224,168.0
71112,230.0
08138,251.0
35250,2271.0
55216,67.0
08300,12.0
45153,705.0
87121,479.0
42132,590.0
25477,412.0
26360,703.0
11288,1598.0
69227,3891.0
38421,38454.0
13102,6648.0
82187,652.0
57408,822.0
08357,770.0
11424,85.0
62377,952.0
80747,135.0
66208,2171.0
81131,2244.0
50247,191.0
51597,331.0
36041,135.0
79124,106.0
16188,339.0
07338,1977.0
16242,1371.0
83116,17631.0
49378,2551.0
58097,90.0
57292,17.0
77217,2749.0
87187,6825.0
11388,48.0
33475,412.0
39238,107.0
55328,283.0
38514,193.0
71582,652.0
27207,581.0
10347,210.0
35314,963.0
77239,1526.0
60478,367.0
88115,1494.0
10315,45.0
02441,176.0
52066,66.0
89181,124.0
15024,76.0
57137,816.0
11083,56.0
53139,411.0
12220,310.0
26060,151.0
80219,66.0
23131,667.0
67550,1696.0
55498,439.0
08033,92.0
70383,433.0
09279,47.0
71544,180.0
10075,105.0
86051,208.0
14475,2420.0
80603,325.0
52035,177.0
50619,328.0
16239,138.0
55398,1016.0
62095,235.0
15225,216.0
40083,123.0
88213,133.0
2B261,540.0
35059,4604.0
31274,183.0
11201,837.0
71029,296.0
25324,160.0
57061,1136.0
67148,159.0
61448,433.0
50489,541.0
55007,237.0
38267,801.0
58053,325.0
14015,776.0
32132,6012.0
89262,165.0
61152,101.0
25402,23.0
2A204,94.0
22137,1463.0
74060,115.0
42214,1057.0
80717,985.0
54106,64.0
62799,930.0
77462,902.0
27476,393.0
80671,228.0
51112,447.0
81100,400.0
17276,73.0
74255,2210.0
38069,1510.0
62620,1362.0
39465,205.0
59269,1454.0
21332,1007.0
54577,144.0
54039,4128.0
08354,817.0
21036,81.0
32043,150.0
85105,524.0
80312,279.0
54231,181.0
55547,111.0
22145,818.0
80726,267.0
89130,1266.0
62607,61.0
54369,604.0
86048,1223.0
54097,96.0
28012,3577.0
33390,426.0
88085,190.0
14369,281.0
52369,68.0
22340,1201.0
68054,415.0
14093,211.0
52497,433.0
39364,488.0
52231,92.0
72224,524.0
24109,103.0
39565,92.0
47137,1337.0
10175,166.0
30007,43892.0
62356,802.0
55059,186.0
81319,529.0
69230,322.0
16270,360.0
32026,111.0
971117,22645.0
68188,586.0
40035,566.0
19235,236.0
23043,97.0
83111,2117.0
39282,76.0
70299,325.0
47005,489.0
72070,250.0
45270,2005.0
79131,329.0
62111,276.0
52302,186.0
91482,558.0
38159,540.0
64341,138.0
06083,30412.0
71202,1845.0
63348,182.0
43092,354.0
02602,1655.0
26097,613.0
72280,2173.0
10355,69.0
72054,3683.0
34062,164.0
80189,68.0
14106,656.0
79008,823.0
27598,1235.0
69181,235.0
69066,4352.0
08166,247.0
65128,141.0
16060,444.0
55163,60.0
37205,1403.0
85161,2535.0
77418,869.0
52135,86.0
45006,1165.0
57465,2272.0
68303,225.0
43251,3402.0
64128,157.0
73149,295.0
50430,42.0
56082,382.0
30064,145.0
54042,275.0
84091,5536.0
76565,1202.0
85233,622.0
14598,260.0
02541,421.0
02385,167.0
55054,62.0
33319,443.0
79129,1756.0
09215,115.0
41097,2311.0
72042,2115.0
74226,593.0
38459,954.0
55494,410.0
63060,102.0
50468,753.0
18280,706.0
63148,2549.0
10250,220.0
64291,320.0
66129,1798.0
31322,66.0
78605,1143.0
21667,396.0
70536,129.0
37085,792.0
55366,989.0
85038,2914.0
86125,583.0
35067,1649.0
25087,182.0
60117,304.0
52406,199.0
2A014,77.0
09239,138.0
37122,38183.0
67267,20266.0
88266,833.0
86089,387.0
05058,197.0
25281,275.0
26352,261.0
83098,10728.0
48112,162.0
02116,138.0
21100,35.0
67411,5360.0
59514,4043.0
22212,1143.0
71453,249.0
65452,995.0
82168,315.0
59329,4926.0
72274,210.0
13107,5849.0
11027,789.0
38308,292.0
51569,511.0
76403,205.0
74165,698.0
21384,75.0
79210,1041.0
77492,634.0
21400,45.0
21398,366.0
11133,48.0
02410,241.0
05038,306.0
80332,391.0
95002,1107.0
35033,3358.0
28296,266.0
72152,419.0
80244,171.0
46117,664.0
63215,699.0
21182,97.0
79092,357.0
76509,1863.0
69238,3712.0
67398,368.0
77089,899.0
11414,24.0
25088,86.0
80183,272.0
02671,280.0
59207,4152.0
14082,188.0
08454,83.0
33542,930.0
60695,1383.0
16024,534.0
67343,5556.0
27072,747.0
51660,2669.0
57237,304.0
43232,340.0
60379,608.0
26019,253.0
71014,13145.0
07022,1280.0
71461,64.0
15079,364.0
33213,4469.0
31191,105.0
50013,383.0
22003,929.0
82095,216.0
84044,1151.0
48191,95.0
71424,213.0
77338,595.0
76356,116.0
55192,38.0
41008,699.0
06019,1659.0
68107,383.0
14437,10075.0
43119,821.0
71470,352.0
63073,430.0
77325,362.0
52523,70.0
81035,231.0
68218,3642.0
81049,359.0
54434,251.0
23139,540.0
39535,450.0
12166,108.0
2B334,112.0
76250,1210.0
57404,209.0
17093,4319.0
62616,183.0
25196,1379.0
01209,817.0
07007,1005.0
08358,259.0
31398,95.0
80729,183.0
57016,396.0
39247,74.0
88046,133.0
32266,144.0
42115,1228.0
45330,213.0
74007,2779.0
67378,4473.0
87127,594.0
09157,2371.0
30016,268.0
49224,993.0
57211,1203.0
66233,173.0
84034,5422.0
01009,322.0
18004,1111.0
54159,9633.0
15209,123.0
38156,964.0
78439,106.0
43060,67.0
02253,355.0
59115,710.0
22321,1548.0
51277,273.0
30067,415.0
33244,415.0
60656,274.0
70128,386.0
22039,566.0
49054,2818.0
79180,304.0
70312,808.0
06112,4157.0
64344,370.0
70323,197.0
974411,154765.0
76501,132.0
53071,479.0
27157,1308.0
48128,606.0
95102,418.0
05109,516.0
60355,1151.0
76057,12154.0
64207,429.0
31522,61.0
70491,471.0
08023,64.0
03319,491.0
02064,3693.0
36087,303.0
70195,274.0
19016,304.0
38260,525.0
34262,265.0
11292,179.0
10420,2645.0
2B347,268.0
29254,4750.0
60204,301.0
21425,4788.0
27342,195.0
40255,468.0
07002,553.0
67361,496.0
60189,961.0
45076,226.0
76526,189.0
34112,231.0
72315,835.0
81088,587.0
21651,196.0
10405,59.0
17154,725.0
21696,92.0
72335,1073.0
26135,122.0
10170,470.0
54301,128.0
18183,151.0
73114,797.0
30039,2328.0
47109,298.0
30090,266.0
59233,351.0
32095,584.0
10019,372.0
69054,361.0
60530,213.0
46313,458.0
64068,1999.0
77374,2156.0
16291,7356.0
63112,629.0
61342,1427.0
89013,3170.0
88269,299.0
10421,147.0
17081,369.0
45135,299.0
54065,1076.0
40148,80.0
42245,572.0
79086,1898.0
52319,67.0
63212,1479.0
42288,701.0
72201,246.0
24416,173.0
70071,59.0
40105,430.0
39427,63.0
01263,3792.0
71534,110.0
2A040,367.0
84019,13605.0
01320,3899.0
58102,1558.0
08092,188.0
15020,88.0
31204,75.0
88415,3809.0
68361,318.0
23057,546.0
57313,142.0
66038,6534.0
16213,296.0
63139,659.0
48111,232.0
01192,2267.0
11421,548.0
59089,1423.0
03225,433.0
03241,370.0
44123,1004.0
68026,1354.0
18034,296.0
60387,1443.0
58185,528.0
51502,110.0
61300,375.0
52365,343.0
55177,44.0
57311,510.0
67300,9359.0
68024,148.0
30223,4359.0
43239,816.0
03216,175.0
23204,140.0
02183,185.0
83092,4730.0
29165,3655.0
84056,5298.0
59065,809.0
66130,1372.0
27656,1290.0
33128,639.0
89478,908.0
39207,85.0
01040,480.0
27431,553.0
41156,521.0
80722,489.0
43215,182.0
28401,456.0
71515,102.0
63015,221.0
59464,2185.0
76118,247.0
31076,465.0
10285,65.0
74126,1050.0
29059,1051.0
10054,117.0
18018,2833.0
61486,4884.0
61028,456.0
71331,106.0
18284,213.0
28334,2129.0
62695,257.0
50003,2941.0
54559,313.0
56136,758.0
15051,201.0
24260,873.0
56230,458.0
50044,330.0
88518,30.0
08242,416.0
77468,22444.0
87020,1649.0
87084,164.0
63002,97.0
38266,453.0
95011,393.0
45124,173.0
77093,420.0
10396,499.0
35177,4912.0
19223,266.0
61341,1664.0
81081,1308.0
31139,195.0
88006,279.0
17128,701.0
40306,628.0
25634,658.0
78618,517.0
68180,923.0
46149,710.0
91602,464.0
24262,330.0
32097,113.0
39187,273.0
14054,205.0
54244,109.0
32418,286.0
57561,725.0
50390,155.0
28120,445.0
16039,466.0
64116,246.0
70105,139.0
54088,227.0
08298,1585.0
15143,102.0
49030,944.0
79174,5904.0
21094,396.0
06013,627.0
76400,2170.0
78146,29649.0
71317,185.0
17229,230.0
74002,2665.0
79304,764.0
18224,299.0
90052,2908.0
12189,350.0
68300,5528.0
15262,553.0
14335,296.0
10445,53.0
14232,175.0
38247,3507.0
51549,117.0
14496,56.0
34304,943.0
89308,195.0
31511,254.0
76456,771.0
41158,2430.0
22343,3761.0
22176,6910.0
44061,3248.0
90033,5680.0
71297,746.0
44085,956.0
46302,130.0
70237,104.0
64428,142.0
02192,375.0
14124,550.0
18030,1005.0
31449,135.0
32191,145.0
16389,83.0
03053,1108.0
80318,3245.0
82160,258.0
53116,720.0
68098,663.0
10129,313.0
37282,1342.0
78516,1011.0
18075,1022.0
59316,3275.0
50278,269.0
77327,8898.0
28040,316.0
50578,76.0
02750,559.0
38386,2384.0
31233,1008.0
50299,220.0
51339,564.0
16352,226.0
50592,2223.0
60566,200.0
32174,222.0
62048,10062.0
56234,2236.0
43094,78.0
54350,701.0
10156,712.0
44096,4704.0
09334,543.0
77347,855.0
27278,1991.0
27609,336.0
15260,105.0
67187,564.0
80583,285.0
82126,1361.0
72111,484.0
74299,2297.0
60625,555.0
72299,2455.0
50239,1787.0
01011,383.0
37030,795.0
12153,431.0
02319,503.0
02327,161.0
08272,55.0
76076,265.0
31014,87.0
02162,298.0
38549,28.0
60409,2160.0
80229,362.0
68075,827.0
85285,746.0
76658,701.0
70521,183.0
77401,678.0
73314,259.0
69002,243.0
59670,1412.0
80695,488.0
48086,206.0
54233,33.0
01396,997.0
14261,331.0
72127,1887.0
84013,303.0
70485,209.0
34340,1628.0
73064,5617.0
63434,530.0
08416,178.0
82185,247.0
07065,235.0
43247,69.0
78015,13230.0
34176,2894.0
62094,392.0
51060,159.0
39315,391.0
31090,367.0
67298,571.0
67257,702.0
10335,233.0
35185,268.0
62588,1893.0
03086,298.0
25053,92.0
62742,277.0
26301,4255.0
81098,731.0
63400,1067.0
39330,146.0
32194,211.0
33192,25835.0
44063,3770.0
54250,733.0
67280,793.0
54461,69.0
46220,771.0
21316,322.0
62622,274.0
31066,4197.0
14327,22227.0
59039,790.0
67258,190.0
26306,321.0
39258,632.0
89083,1863.0
77263,230.0
67346,551.0
62814,96.0
2B016,568.0
12174,3503.0
32072,52.0
71549,204.0
57449,589.0
11361,849.0
48016,567.0
47017,432.0
67140,793.0
81313,227.0
48089,497.0
58298,398.0
71355,277.0
78506,841.0
60225,826.0
37173,692.0
57656,389.0
74211,3170.0
10209,2244.0
92073,49104.0
30037,2695.0
27269,192.0
70175,133.0
38221,135.0
34027,2213.0
23198,144.0
03064,169.0
54190,109.0
21194,954.0
51217,2911.0
29117,5708.0
54508,238.0
30095,621.0
38235,450.0
31306,103.0
71230,6616.0
63392,612.0
57201,715.0
64337,152.0
60559,846.0
43267,1444.0
28216,212.0
33457,621.0
42218,172718.0
74004,408.0
50277,586.0
66053,2517.0
65116,297.0
46212,71.0
85067,999.0
2B036,90.0
01268,240.0
89019,151.0
63364,687.0
25004,1090.0
88370,71.0
71538,426.0
80550,123.0
58293,407.0
53273,1077.0
61273,50.0
46181,93.0
21404,401.0
76050,1006.0
28421,259.0
55521,233.0
05161,924.0
62452,1379.0
40324,253.0
88521,249.0
28373,2985.0
31373,174.0
22327,1635.0
51532,567.0
43234,1681.0
15178,145.0
55520,474.0
68273,638.0
26092,739.0
02340,5204.0
02157,832.0
02442,89.0
07191,2264.0
51487,350.0
01014,3409.0
33362,1310.0
30051,1315.0
88030,154.0
03272,273.0
41006,436.0
57544,606.0
18148,2644.0
19114,163.0
39494,365.0
08104,59.0
57753,59.0
39020,99.0
85214,2465.0
57264,415.0
02416,415.0
71303,494.0
41196,79.0
24105,138.0
45160,691.0
80443,1660.0
19190,189.0
63153,84.0
72214,11.0
89302,213.0
55268,670.0
31067,43.0
62242,84.0
51256,323.0
79334,1082.0
26256,134.0
31281,1314.0
89168,175.0
86248,532.0
25325,238.0
87123,146.0
07037,147.0
972234,1901.0
04127,329.0
60166,1059.0
02334,2934.0
60244,147.0
54035,388.0
82028,816.0
10143,152.0
03196,206.0
60477,1378.0
03185,33342.0
33461,382.0
74305,9169.0
03155,1879.0
54468,109.0
80707,75.0
09256,58.0
31042,2152.0
74154,2513.0
11384,128.0
49301,25806.0
36008,233.0
57422,881.0
86068,1209.0
33009,11259.0
76520,595.0
31490,7346.0
80559,143.0
74288,4916.0
33427,250.0
38414,41.0
31503,1052.0
23187,183.0
61457,473.0
07218,345.0
30108,153.0
58278,1494.0
73289,419.0
77344,2459.0
38050,641.0
76281,2081.0
60550,227.0
26328,52.0
11132,1257.0
78291,2124.0
16223,1997.0
64439,1663.0
34180,1512.0
29284,2424.0
26041,1435.0
40297,227.0
39054,97.0
79326,1404.0
10264,108.0
65416,86.0
64421,1272.0
23182,166.0
34139,1411.0
35002,1762.0
62367,796.0
94054,24482.0
25368,1446.0
12219,373.0
03042,531.0
65443,17.0
01288,2838.0
63256,151.0
22363,1241.0
62246,147.0
67201,297.0
85098,1976.0
64177,642.0
68078,1732.0
01402,648.0
28108,231.0
63226,3208.0
11218,81.0
57382,605.0
24042,700.0
15083,2026.0
60131,103.0
07265,1381.0
40274,1366.0
04050,25.0
88390,103.0
08205,69.0
19051,164.0
70401,146.0
17274,8741.0
38039,3126.0
76721,326.0
03292,887.0
76407,311.0
29091,2058.0
28160,894.0
70162,477.0
80697,35.0
25474,108.0
51286,237.0
17381,219.0
25186,1056.0
79302,1343.0
69252,735.0
55395,56.0
78391,377.0
70232,130.0
67476,751.0
88198,558.0
11344,713.0
42326,903.0
67074,640.0
2A132,151.0
56212,2603.0
10180,96.0
03043,1200.0
85021,1880.0
14293,270.0
79130,2946.0
34277,182.0
10313,341.0
62409,194.0
50172,345.0
24575,234.0
33087,416.0
61082,84.0
79022,188.0
68203,1285.0
09132,240.0
52550,2777.0
14341,11981.0
18264,79.0
57627,389.0
47171,447.0
17351,2063.0
02270,165.0
31417,8678.0
23030,2450.0
76582,236.0
52401,355.0
26033,928.0
93048,111455.0
21578,317.0
07297,509.0
07151,251.0
50523,2965.0
90062,275.0
59259,498.0
71124,205.0
16018,699.0
91319,643.0
80691,340.0
35017,675.0
38304,1496.0
2B265,466.0
68151,1042.0
29232,63642.0
18161,223.0
51590,370.0
03304,2254.0
77114,3904.0
14005,1682.0
32079,1186.0
71082,216.0
66211,184.0
60603,892.0
80288,358.0
19120,242.0
65127,1267.0
02128,1432.0
59113,1350.0
33281,75729.0
59117,1074.0
44149,4036.0
54145,953.0
58028,117.0
32075,231.0
63428,281.0
88500,828.0
61408,342.0
35030,693.0
03204,617.0
71081,2595.0
58152,1401.0
89223,663.0
89229,479.0
30304,202.0
72115,918.0
38268,257.0
44041,6144.0
64235,305.0
62510,30149.0
52547,206.0
62265,1168.0
80746,1079.0
01239,642.0
91689,6991.0
21106,912.0
08283,127.0
68268,696.0
76644,801.0
47033,402.0
53091,454.0
80287,240.0
70222,93.0
17275,785.0
51082,94.0
62341,399.0
01397,992.0
67104,591.0
30309,352.0
02723,96.0
21292,5165.0
52172,282.0
40021,942.0
38412,4488.0
59544,11117.0
57262,635.0
65117,44.0
19089,187.0
02579,124.0
59098,4847.0
62764,4603.0
05162,1387.0
44036,12189.0
14204,170.0
81030,110.0
03022,982.0
60194,244.0
95369,2896.0
57653,34.0
57446,49.0
76719,867.0
11105,685.0
25390,401.0
07008,1445.0
08255,221.0
76085,331.0
64461,1098.0
84151,180.0
24184,156.0
14132,203.0
64355,137.0
60366,365.0
76255,6591.0
39577,392.0
16390,234.0
39120,124.0
68126,3386.0
74235,639.0
2A345,617.0
26113,4803.0
77316,12581.0
84003,10536.0
61229,131.0
28074,245.0
63456,336.0
76575,28508.0
94042,20413.0
28185,1309.0
31245,184.0
64268,276.0
10193,302.0
72066,421.0
65186,34.0
70009,100.0
85198,1371.0
52364,100.0
01088,898.0
21250,83.0
2A028,146.0
56188,1421.0
25182,99.0
03098,4387.0
34087,3550.0
71036,69.0
32380,143.0
37276,1310.0
25317,272.0
83062,25912.0
69112,6508.0
34268,675.0
31012,95.0
27635,141.0
16076,878.0
86261,2311.0
15018,136.0
07122,1770.0
59356,2182.0
38297,1861.0
08110,170.0
27151,1704.0
64270,973.0
04149,2804.0
88372,6061.0
38140,8317.0
88273,461.0
24514,241.0
2B164,23.0
16420,240.0
29011,3615.0
63262,2837.0
43095,140.0
36186,241.0
67347,1740.0
78320,707.0
40261,2868.0
50321,480.0
71002,1236.0
10119,174.0
64492,290.0
48144,294.0
04104,389.0
44162,49537.0
88095,1720.0
74109,931.0
34194,4031.0
14096,247.0
64329,1261.0
57330,1262.0
86109,226.0
12186,213.0
63058,569.0
06022,543.0
34135,3325.0
55516,550.0
85251,632.0
18195,186.0
31479,60.0
47281,249.0
77240,2212.0
71327,333.0
25607,54.0
03104,1149.0
21043,206.0
25481,338.0
21312,26.0
89291,333.0
87165,142.0
60107,3139.0
46286,175.0
55155,384.0
66088,5538.0
76395,526.0
74029,407.0
59141,571.0
86172,164.0
45122,1431.0
22381,354.0
66221,34.0
38026,1138.0
91226,6866.0
57393,193.0
23213,193.0
32022,179.0
22092,269.0
54168,302.0
76717,708.0
59234,5642.0
24053,10697.0
08187,316.0
02358,315.0
89380,450.0
28335,838.0
19119,151.0
22305,469.0
17036,785.0
88320,774.0
46079,100.0
73116,481.0
61024,620.0
33535,5086.0
37259,448.0
50111,1025.0
64249,1323.0
64480,198.0
74112,8454.0
51125,54.0
10035,743.0
39052,72.0
34107,339.0
36111,191.0
27008,1592.0
73182,2270.0
42001,473.0
89252,178.0
32242,1524.0
66100,161.0
87076,237.0
30331,1803.0
42141,565.0
02636,198.0
73039,515.0
60328,299.0
54564,139.0
45306,771.0
21711,98.0
63207,810.0
38173,250.0
09233,44.0
43076,132.0
14713,566.0
16236,2359.0
81298,477.0
88435,520.0
08199,778.0
41276,2519.0
27238,1140.0
08469,471.0
07237,795.0
48079,116.0
37161,812.0
45339,479.0
68228,456.0
76408,1052.0
63035,1298.0
62706,2618.0
41213,97.0
36170,101.0
10115,1997.0
31185,116.0
84078,3679.0
27134,211.0
14694,534.0
46319,177.0
38334,1308.0
63296,794.0
72129,881.0
45078,251.0
25320,1241.0
21319,907.0
60546,141.0
11328,235.0
54349,168.0
28210,225.0
02125,181.0
68340,357.0
30154,379.0
50288,1297.0
54561,41.0
31164,198.0
63012,935.0
57246,221.0
49299,3072.0
30356,2821.0
06021,716.0
02083,746.0
10072,33.0
47194,317.0
30287,691.0
21041,188.0
71199,171.0
40097,473.0
80063,958.0
02122,55.0
39573,790.0
42154,474.0
22139,80.0
25472,33.0
48194,438.0
34339,182.0
07275,96.0
14055,398.0
58107,145.0
46232,970.0
68196,291.0
38129,366.0
56033,3043.0
78125,825.0
12209,754.0
03091,430.0
80324,141.0
25513,50.0
62590,62.0
69240,620.0
22375,694.0
88485,123.0
18256,337.0
24562,266.0
68140,1317.0
34188,170.0
14223,90.0
82129,146.0
77182,4820.0
82119,653.0
03263,199.0
46036,124.0
67072,662.0
32404,588.0
16233,985.0
09054,356.0
21527,279.0
31200,77.0
76181,144.0
64324,1741.0
55174,74.0
84014,1115.0
2B159,79.0
66039,131.0
87086,1011.0
27590,242.0
36083,119.0
02207,218.0
27454,462.0
57683,6976.0
46226,230.0
11407,287.0
59479,3131.0
45189,245.0
30035,238.0
44186,7218.0
66032,60.0
43138,410.0
55024,161.0
51525,2011.0
72196,737.0
29272,3339.0
80143,105.0
45278,1057.0
43140,679.0
76653,375.0
56205,883.0
88307,95.0
63118,411.0
39070,89.0
27442,191.0
73226,1712.0
02798,1205.0
67060,635.0
27464,910.0
61275,753.0
14116,114.0
42208,1896.0
91377,50962.0
29172,2251.0
2B318,595.0
18190,824.0
70051,38.0
76052,223.0
51158,572.0
11392,276.0
57202,1147.0
32320,157.0
16393,2165.0
37071,131.0
45321,692.0
33443,157.0
69275,29731.0
32012,1123.0
54136,2366.0
01017,432.0
14732,291.0
76338,211.0
61032,327.0
76208,642.0
45331,613.0
79259,1339.0
40030,52.0
38377,3425.0
33114,2388.0
53246,1766.0
29228,640.0
89048,339.0
10295,323.0
85018,3876.0
42252,251.0
70295,206.0
974416,84077.0
24076,417.0
59068,3180.0
39169,589.0
41160,321.0
58027,120.0
80084,206.0
71003,804.0
48147,638.0
95250,9929.0
18206,1558.0
72272,314.0
80486,608.0
67295,598.0
04139,524.0
26282,216.0
80563,99.0
46192,258.0
45009,1142.0
57763,46.0
37176,1170.0
21178,312.0
74019,3600.0
60279,200.0
55285,148.0
39460,190.0
49269,2858.0
10103,154.0
32377,190.0
59495,2420.0
43258,1799.0
66210,8173.0
73057,473.0
88028,612.0
31050,646.0
47034,643.0
18083,771.0
59217,341.0
77225,336.0
78162,534.0
40129,958.0
57348,794.0
19075,382.0
32225,100.0
32189,106.0
16050,245.0
80775,621.0
14390,194.0
47055,515.0
21672,28.0
40047,259.0
50604,736.0
10077,100.0
57439,602.0
80052,232.0
35052,507.0
29098,2153.0
60295,441.0
57633,1234.0
63437,148.0
51300,93.0
81175,410.0
72048,515.0
63340,255.0
25558,1508.0
22002,1156.0
17369,2263.0
67115,2291.0
53270,107.0
28176,681.0
17311,1462.0
83059,3269.0
54412,40.0
07235,212.0
68335,463.0
16194,113.0
22098,1442.0
73309,326.0
87176,686.0
11012,2142.0
66125,342.0
07307,452.0
51055,7086.0
42077,309.0
77118,12282.0
23200,163.0
95270,529.0
38530,2505.0
76545,1814.0
53057,504.0
78472,327.0
28251,1055.0
51391,2086.0
72001,1687.0
02103,1324.0
74279,817.0
48063,235.0
26108,8756.0
61006,13291.0
59474,1043.0
42083,526.0
30135,3851.0
77424,270.0
67522,549.0
35226,2018.0
48153,88.0
64230,5622.0
48110,97.0
62535,149.0
50476,214.0
80411,484.0
28105,548.0
28329,153.0
86131,901.0
12037,610.0
57472,147.0
21483,300.0
77509,616.0
80810,135.0
04046,691.0
73202,464.0
59205,9253.0
59623,680.0
40252,622.0
31419,169.0
67344,316.0
05086,104.0
64180,210.0
59219,719.0
85123,290.0
32138,150.0
59637,1318.0
03254,4997.0
88118,710.0
72128,522.0
80245,297.0
03105,365.0
65118,33.0
26215,405.0
83080,837.0
77029,183.0
71281,302.0
17437,89.0
64509,170.0
74062,1524.0
24224,692.0
31290,33.0
25306,123.0
57692,71.0
17117,137.0
64534,177.0
70028,143.0
54066,398.0
88179,42.0
71433,478.0
30073,1676.0
30218,250.0
94065,5647.0
21433,381.0
11309,89.0
50121,243.0
02109,472.0
58282,334.0
45040,1842.0
63033,319.0
67478,1926.0
2A331,62.0
85090,6391.0
48073,99.0
85207,391.0
34010,2943.0
16354,121.0
59573,143.0
71438,518.0
39237,54.0
31318,199.0
38136,580.0
24179,788.0
73128,4571.0
50208,162.0
06009,124.0
18200,276.0
25526,1422.0
77018,7169.0
64374,1172.0
79285,1867.0
88258,841.0
79058,761.0
46082,368.0
57615,963.0
13048,4404.0
79001,1073.0
71279,611.0
26191,2507.0
52171,241.0
27417,675.0
16208,387.0
71305,845.0
18036,524.0
89259,97.0
89456,667.0
54015,256.0
40182,841.0
95094,305.0
73160,984.0
04022,405.0
42131,324.0
85247,1120.0
57680,1250.0
30036,3397.0
27472,265.0
24555,636.0
67196,2626.0
94048,4689.0
23017,168.0
51098,136.0
70151,36.0
29100,409.0
62603,1070.0
74254,600.0
61180,100.0
40221,341.0
34118,492.0
80737,161.0
33489,360.0
10346,50.0
33350,1249.0
27005,1210.0
33204,559.0
45208,15061.0
47031,5723.0
44182,5324.0
70371,196.0
33478,3151.0
30235,833.0
64201,229.0
60473,311.0
61497,1721.0
12128,222.0
16261,490.0
08413,257.0
88147,394.0
01367,707.0
21442,645.0
02754,186.0
28046,484.0
08075,144.0
73054,7187.0
65479,363.0
25214,491.0
31433,9805.0
72021,570.0
25235,323.0
02097,265.0
80002,267.0
39456,345.0
38015,1832.0
59164,239.0
50482,168.0
09284,191.0
25622,277.0
51360,303.0
01338,1238.0
02105,190.0
70467,2944.0
03024,247.0
54239,139.0
88480,167.0
36224,1119.0
56182,1011.0
67246,1241.0
79150,838.0
12039,259.0
08098,54.0
70187,254.0
31436,425.0
53126,1046.0
88455,99.0
27049,4452.0
26043,144.0
24302,293.0
47046,589.0
83012,3006.0
42064,750.0
28406,1242.0
54312,495.0
37002,1751.0
69034,43572.0
60109,251.0
27659,126.0
33173,182.0
50342,798.0
07202,170.0
67544,7516.0
30242,160.0
19060,662.0
38330,104.0
54471,73.0
64457,184.0
37202,532.0
39132,31.0
40065,9185.0
05017,2595.0
09339,765.0
77532,70.0
62739,326.0
36016,924.0
22260,579.0
61029,831.0
44113,4228.0
01274,632.0
35139,5131.0
21533,86.0
35154,1728.0
12228,313.0
60401,786.0
18207,6419.0
31110,647.0
38012,2869.0
17186,975.0
38169,22891.0
77211,1014.0
42151,419.0
35247,1013.0
86154,251.0
29276,1168.0
32442,370.0
03201,295.0
36042,705.0
28417,1363.0
71212,1397.0
68150,503.0
21701,125.0
55323,70.0
07204,2325.0
16143,719.0
2B320,282.0
08239,1239.0
62563,8068.0
39336,111.0
30059,2517.0
89039,75.0
80763,345.0
48050,446.0
73067,1178.0
67452,1804.0
34272,3282.0
08088,135.0
59107,4380.0
81075,495.0
29176,1785.0
46218,190.0
79207,633.0
59336,1361.0
09084,95.0
57263,647.0
64437,214.0
62614,589.0
58221,152.0
11061,318.0
29201,2120.0
49069,16709.0
05168,730.0
62196,593.0
62439,412.0
53180,650.0
15057,186.0
08318,353.0
57572,2029.0
10146,88.0
54087,148.0
03195,2514.0
74197,1645.0
44217,6480.0
33047,1821.0
21125,216.0
47051,2384.0
40098,350.0
2B230,114.0
02744,74.0
88126,1370.0
28084,677.0
14610,2078.0
27673,176.0
57492,446.0
67422,583.0
09212,106.0
14282,214.0
10032,285.0
57354,129.0
50574,263.0
78415,531.0
45310,1697.0
46296,423.0
44026,20510.0
10435,189.0
06018,9880.0
55553,1288.0
17209,269.0
34078,1695.0
32099,72.0
76001,1150.0
44195,9350.0
09072,41.0
31576,353.0
33508,642.0
81263,392.0
17385,6627.0
34254,1149.0
60029,2875.0
22317,270.0
18064,219.0
85117,608.0
14535,576.0
02421,91.0
27436,435.0
27530,78.0
85294,3054.0
14077,734.0
88260,148.0
55453,62.0
39100,101.0
27426,1324.0
80306,132.0
35238,225081.0
04068,838.0
73299,328.0
76543,610.0
74114,513.0
82019,753.0
25635,185.0
24466,322.0
59138,684.0
18270,700.0
39104,613.0
2A312,379.0
62584,1316.0
66108,4294.0
89268,785.0
88250,459.0
27582,1762.0
21637,213.0
54516,18.0
80665,120.0
52517,128.0
71022,627.0
52308,400.0
70293,71.0
73151,3887.0
77473,421.0
70470,160.0
32199,184.0
50235,285.0
17068,243.0
55258,612.0
79349,148.0
14230,113.0
95303,205.0
23041,237.0
57142,419.0
58229,310.0
12305,1216.0
60537,3746.0
66179,1027.0
41012,200.0
77413,3881.0
80246,341.0
41151,3645.0
06047,94.0
18205,9645.0
78030,1974.0
62311,2024.0
14516,2077.0
76283,237.0
55505,3179.0
69105,1027.0
43211,2643.0
21207,74.0
35131,4692.0
17339,1299.0
61010,126.0
26262,307.0
64382,331.0
32360,139.0
54032,192.0
67426,367.0
76113,415.0
21435,295.0
82084,170.0
94017,77724.0
39146,600.0
15172,89.0
32064,391.0
19123,8027.0
08070,383.0
71174,167.0
66158,161.0
38329,75.0
19108,73.0
32144,70.0
67345,3764.0
52206,155.0
47308,222.0
74175,312.0
12092,524.0
50046,437.0
34129,17544.0
11287,88.0
01066,95.0
76026,2480.0
46172,501.0
55584,127.0
79265,1257.0
65060,64.0
49218,15755.0
09057,312.0
65322,250.0
2B051,68.0
91079,517.0
10220,1513.0
78314,3928.0
32092,101.0
56218,728.0
14037,570.0
76473,817.0
39547,673.0
27191,2468.0
07074,156.0
02664,121.0
08437,177.0
02817,83.0
57192,1214.0
55288,1403.0
62499,289.0
2B233,161.0
24206,107.0
18007,68.0
07223,138.0
57033,531.0
16360,403.0
38124,2325.0
67302,1994.0
61440,827.0
73189,219.0
57607,773.0
67517,645.0
51564,598.0
61361,173.0
11021,497.0
35111,725.0
68312,315.0
51119,507.0
78674,11150.0
42319,682.0
71021,284.0
28267,522.0
01210,230.0
42266,656.0
85099,1124.0
80278,190.0
62828,55.0
66118,331.0
51363,267.0
60332,712.0
74168,1052.0
48165,190.0
23130,525.0
85145,972.0
57761,280.0
15257,129.0
59377,1888.0
57663,7938.0
02690,72.0
85179,1214.0
65397,159.0
78575,7747.0
79253,686.0
76232,634.0
22114,856.0
11226,84.0
61317,185.0
70545,132.0
37153,4737.0
76624,3764.0
31500,553.0
17330,1356.0
28230,391.0
57305,451.0
30098,465.0
33085,3093.0
27196,1347.0
03289,514.0
27693,1293.0
54363,271.0
10007,105.0
11188,1784.0
58143,138.0
70211,62.0
26155,1199.0
11187,58.0
10074,502.0
31051,476.0
27101,507.0
37189,1010.0
80760,364.0
88459,43.0
69289,4598.0
89338,2812.0
33113,144.0
11386,452.0
51109,198.0
57346,597.0
29093,1423.0
11129,1703.0
48150,186.0
81121,291.0
71111,297.0
61088,43.0
58029,84.0
84085,404.0
61030,272.0
55140,20.0
60226,419.0
93007,58257.0
52347,221.0
60622,479.0
60589,2941.0
21457,80.0
28289,223.0
95040,865.0
21539,59.0
52526,77.0
82056,198.0
45322,193.0
02731,178.0
26340,243.0
46250,85.0
57338,508.0
52087,210.0
29030,3594.0
81069,808.0
35221,2763.0
57258,115.0
46055,1091.0
88432,152.0
51100,103.0
18079,430.0
17043,753.0
14385,155.0
25548,134.0
60605,350.0
38254,498.0
80030,223.0
65191,125.0
19226,116.0
17396,1744.0
34178,3077.0
67205,4565.0
16250,211.0
79316,427.0
16093,1563.0
70437,16.0
64073,265.0
85303,1822.0
06149,10276.0
54367,2288.0
25007,105.0
77244,713.0
33090,5916.0
79335,807.0
86144,319.0
82177,154.0
33080,6671.0
02589,255.0
77315,3799.0
82191,429.0
14719,743.0
62290,378.0
21373,779.0
39470,3683.0
60545,526.0
91333,4304.0
62293,230.0
87072,504.0
2A041,3200.0
02346,644.0
47027,2971.0
58280,585.0
54322,5190.0
39458,239.0
78003,3715.0
07303,270.0
16183,171.0
95183,6816.0
76097,104.0
77392,1005.0
32210,761.0
80354,204.0
73311,94.0
62774,4842.0
55341,117.0
22288,365.0
81087,365.0
39021,592.0
77207,157.0
70311,6659.0
02542,80.0
58124,757.0
89434,338.0
15002,226.0
21600,128.0
21030,89.0
52053,67.0
26192,271.0
24394,148.0
14360,214.0
27555,245.0
22215,11369.0
74082,3919.0
33446,161.0
66171,11398.0
11101,52.0
67266,686.0
03006,625.0
64327,173.0
27108,1171.0
76177,267.0
27516,1360.0
16066,457.0
10117,136.0
64488,445.0
41146,959.0
95141,35.0
67414,1491.0
59305,1634.0
57267,815.0
84070,1935.0
78615,1192.0
51439,508.0
16200,479.0
76180,187.0
86029,796.0
54064,317.0
70496,26.0
45273,3046.0
50054,193.0
24422,122.0
58059,4672.0
49163,2785.0
32117,853.0
62332,502.0
80195,148.0
85288,8161.0
89420,1042.0
43007,608.0
52426,129.0
85301,1791.0
59122,31425.0
30325,1291.0
44125,2516.0
45311,662.0
21426,209.0
05098,519.0
70238,131.0
59550,3051.0
57693,813.0
22296,662.0
56055,2055.0
60149,2005.0
14310,759.0
34058,6523.0
17411,1119.0
2B005,26.0
14379,359.0
26186,66.0
54020,443.0
22128,409.0
08289,596.0
83146,1651.0
51281,617.0
16396,120.0
78361,44539.0
50532,4238.0
64294,149.0
33119,26778.0
35347,2591.0
60686,2303.0
48116,545.0
28128,434.0
02462,226.0
03261,179.0
43142,597.0
08016,209.0
70320,95.0
72228,2046.0
35211,1781.0
17253,1359.0
12065,463.0
70287,46.0
62072,217.0
39006,436.0
14627,385.0
38453,1801.0
74191,2660.0
16269,900.0
67461,327.0
16338,310.0
63423,617.0
30121,275.0
54355,91.0
53094,2262.0
46338,74.0
31378,72.0
51040,243.0
36228,2271.0
01236,1030.0
35041,1010.0
66225,1858.0
59547,860.0
73303,7148.0
84123,1354.0
89115,190.0
68138,2120.0
89290,47.0
72348,129.0
38120,722.0
16110,789.0
31263,3277.0
02826,348.0
22264,2657.0
80533,2548.0
22067,2576.0
45275,482.0
03023,8855.0
72376,670.0
54135,1434.0
61435,270.0
44199,1981.0
33355,1500.0
39043,1444.0
23112,724.0
68232,503.0
33366,12854.0
87104,453.0
46318,242.0
26185,599.0
86083,1136.0
04101,134.0
77013,361.0
25382,617.0
12045,391.0
28080,255.0
47078,1349.0
60422,204.0
19253,210.0
50596,320.0
70053,76.0
70274,48.0
10005,246.0
65455,431.0
21710,1059.0
28182,316.0
28096,1294.0
30260,1111.0
14047,12775.0
77112,254.0
45087,3126.0
54396,217.0
28081,297.0
68002,384.0
71565,560.0
14700,684.0
63269,899.0
80607,206.0
42075,1349.0
59408,1703.0
89398,371.0
56109,1199.0
08391,938.0
16414,325.0
16238,111.0
06040,63.0
08094,55.0
2B280,103.0
76036,692.0
87041,2021.0
89479,284.0
78367,3826.0
77291,1016.0
82103,103.0
62051,4623.0
95008,874.0
59600,947.0
57445,700.0
44204,10783.0
81073,181.0
55540,59.0
29252,949.0
72313,218.0
31133,97.0
21473,1604.0
58286,567.0
02022,399.0
25124,280.0
51212,160.0
64016,321.0
31441,149.0
26129,1065.0
77425,734.0
24418,920.0
04230,3155.0
02490,123.0
88156,148.0
59035,2280.0
11112,80.0
57443,6527.0
28022,1159.0
55111,434.0
19002,382.0
83048,3804.0
84138,9346.0
63130,259.0
51456,58.0
26131,152.0
02304,2850.0
09015,712.0
54302,737.0
17337,3948.0
51134,247.0
80390,410.0
26121,1126.0
81029,184.0
42204,1477.0
05129,156.0
14195,278.0
23109,208.0
56036,7074.0
02480,318.0
16289,299.0
46247,149.0
45019,647.0
88275,245.0
45257,520.0
60305,343.0
35270,371.0
31473,440.0
62233,1100.0
69234,1661.0
37156,11048.0
89092,202.0
33525,1318.0
39499,191.0
03294,170.0
12109,95.0
95298,577.0
55089,87.0
91244,1564.0
09231,167.0
70338,222.0
08419,1349.0
11029,61.0
21209,1924.0
34169,4054.0
88342,166.0
88200,56.0
76535,460.0
14064,216.0
11358,24.0
73087,6520.0
67545,498.0
73327,416.0
02391,218.0
38172,1656.0
64142,833.0
71155,513.0
21114,156.0
11391,23.0
13047,44577.0
22244,493.0
28303,95.0
77340,601.0
54183,74.0
24272,486.0
13113,8426.0
88091,380.0
51629,935.0
68252,1658.0
15232,222.0
61133,718.0
67520,5774.0
36021,856.0
77104,711.0
07300,470.0
14111,444.0
50085,1266.0
71198,412.0
57209,5155.0
50571,34.0
12054,344.0
38049,320.0
85055,1050.0
77332,294.0
10378,67.0
08363,5815.0
58259,141.0
59492,596.0
72221,366.0
11185,541.0
62328,882.0
44143,42998.0
30353,67.0
23141,648.0
16011,560.0
18040,353.0
07123,161.0
69176,4645.0
33252,916.0
25476,132.0
77044,944.0
80569,332.0
21432,248.0
04006,820.0
79220,598.0
62837,497.0
12160,326.0
03282,350.0
10184,126.0
62021,378.0
71308,31.0
42183,8046.0
63238,228.0
64309,208.0
25208,191.0
50031,2191.0
71469,373.0
02795,1602.0
63080,1416.0
33377,78.0
71129,281.0
50291,116.0
70304,117.0
35228,6953.0
09078,72.0
65173,188.0
60551,289.0
34307,2824.0
54202,371.0
68165,238.0
68253,1995.0
70374,90.0
80450,114.0
02012,78.0
34325,1645.0
70075,198.0
08216,322.0
61153,2197.0
01180,864.0
24096,782.0
16363,533.0
19011,1160.0
43191,244.0
59062,164.0
03260,221.0
2B260,151.0
79351,1793.0
81275,195.0
04045,1194.0
59140,460.0
88492,74.0
31517,2298.0
65244,530.0
83039,146.0
60216,185.0
15046,221.0
35240,9535.0
15081,101.0
45266,200.0
70215,246.0
80631,108.0
88125,64.0
48021,170.0
40019,1062.0
32208,3690.0
70538,85.0
21225,133.0
65313,732.0
03092,634.0
46005,331.0
57434,476.0
39103,302.0
89011,118.0
17326,285.0
32232,43.0
21245,323.0
30252,207.0
25107,197.0
31524,126.0
24232,76.0
46072,305.0
47113,144.0
80600,649.0
42081,1523.0
04133,238.0
74103,2308.0
77286,233.0
2B333,155.0
80081,88.0
09092,61.0
40152,1027.0
08247,132.0
63441,222.0
28172,752.0
59646,20836.0
51128,54.0
76004,488.0
11006,78.0
81013,400.0
40040,387.0
80150,218.0
80804,182.0
62501,235.0
33347,308.0
52258,307.0
30349,571.0
50124,170.0
27047,336.0
67008,1414.0
07023,378.0
24488,353.0
32276,68.0
84032,511.0
44205,2577.0
46180,607.0
12035,175.0
28219,417.0
59167,197.0
80670,505.0
59253,7486.0
81272,221.0
72368,298.0
79012,1240.0
02123,298.0
16030,1076.0
05181,283.0
74225,15998.0
23020,375.0
34064,465.0
64459,180.0
82070,69.0
39099,445.0
71290,387.0
70032,45.0
18113,176.0
09247,176.0
04091,91.0
972206,5687.0
30145,1658.0
68198,299.0
57397,104.0
61040,1042.0
77524,515.0
27067,1578.0
59229,527.0
85047,22494.0
64132,4548.0
47326,1675.0
66155,79.0
22021,1158.0
57051,372.0
69102,751.0
51464,318.0
02623,95.0
88419,123.0
72326,215.0
77309,1749.0
18094,329.0
49262,647.0
23098,92.0
59309,4026.0
10011,198.0
80663,363.0
57031,934.0
62670,619.0
29155,838.0
62304,335.0
59079,6784.0
34294,1018.0
58173,156.0
63115,216.0
16366,2077.0
44069,16151.0
77478,1074.0
17244,687.0
32338,179.0
21279,25.0
64106,509.0
83102,2483.0
62743,371.0
02251,26.0
2B319,827.0
64084,138.0
08367,2259.0
15004,473.0
74293,4005.0
76629,280.0
77038,417.0
51253,221.0
60318,662.0
61412,687.0
50405,238.0
81184,35.0
42221,548.0
02481,465.0
21528,135.0
07333,959.0
71189,1630.0
64353,1063.0
05140,318.0
73256,305.0
77043,328.0
11136,872.0
69067,1172.0
71149,1248.0
63356,337.0
62093,222.0
16177,124.0
54172,291.0
50525,338.0
22193,1640.0
72113,750.0
32421,144.0
30254,2010.0
57225,141.0
14162,1316.0
55481,311.0
34215,957.0
01329,160.0
34301,44712.0
32349,99.0
40285,630.0
84146,461.0
58149,1988.0
84037,2040.0
50238,460.0
62778,78.0
38513,272.0
11024,779.0
27334,112.0
10269,153.0
04106,376.0
78644,6183.0
27422,866.0
63370,365.0
2A141,130.0
57533,873.0
67556,218.0
56251,8403.0
73253,610.0
16368,900.0
06068,368.0
08327,2226.0
60020,266.0
54187,109.0
63094,476.0
51267,180.0
80542,558.0
76499,1142.0
51641,196.0
01005,1897.0
43220,176.0
66016,4671.0
30076,846.0
39184,190.0
80770,540.0
62261,5130.0
43031,131.0
74218,7646.0
86213,2510.0
86150,269.0
78188,417.0
16128,176.0
11426,1208.0
32004,132.0
56024,2288.0
90015,243.0
10249,404.0
10386,210.0
69115,4790.0
19239,294.0
71221,3649.0
01280,141.0
64526,1584.0
34083,322.0
78171,1250.0
02203,1253.0
50097,121.0
25280,153.0
74018,1915.0
12152,126.0
02068,83.0
10341,347.0
85056,392.0
56139,365.0
17336,2810.0
02350,139.0
40051,860.0
80753,123.0
34046,50.0
49167,4631.0
49355,3081.0
42030,538.0
36210,298.0
67204,11469.0
74066,244.0
11042,245.0
16068,573.0
16320,906.0
76011,150.0
88402,370.0
86230,171.0
66017,6049.0
62107,343.0
43073,130.0
70207,3225.0
88059,394.0
38481,1133.0
61251,153.0
40109,434.0
42127,7382.0
01339,1497.0
64130,1217.0
01238,2721.0
73074,329.0
54164,83.0
01165,1585.0
21118,29.0
35145,1361.0
24256,3143.0
57511,1013.0
29085,741.0
11078,206.0
86250,276.0
60135,1630.0
18242,2930.0
2B179,60.0
27540,654.0
31097,464.0
71120,3675.0
07013,1264.0
14304,864.0
89359,410.0
01026,979.0
51370,190.0
11016,79.0
46057,622.0
45116,946.0
52405,1139.0
63214,3863.0
04121,625.0
16212,378.0
57001,321.0
79294,166.0
25293,1324.0
33472,366.0
17359,1227.0
62429,278.0
64206,121.0
60183,241.0
44158,7658.0
54230,55.0
42120,1794.0
47093,342.0
57502,330.0
12254,2302.0
13032,8220.0
72218,297.0
02605,191.0
31390,2700.0
26279,56.0
21089,432.0
03237,427.0
02228,349.0
60458,307.0
59575,398.0
68324,650.0
77310,302.0
76398,768.0
39209,310.0
14412,77.0
17415,25518.0
56186,4688.0
12017,218.0
25379,70.0
2B148,6091.0
76189,177.0
02502,1257.0
15063,321.0
80438,515.0
80153,135.0
04097,372.0
45209,299.0
57025,496.0
26101,137.0
83022,22.0
02716,290.0
58113,94.0
50495,75.0
2B341,666.0
62099,5515.0
62073,1430.0
46142,172.0
41039,681.0
32257,62.0
16168,817.0
82169,2293.0
36230,1926.0
33037,2443.0
19018,155.0
31132,64.0
29215,2940.0
41050,908.0
07096,370.0
33168,602.0
65219,108.0
63419,558.0
28183,675.0
28313,196.0
70399,206.0
31528,138.0
13019,10070.0
66178,2258.0
73032,2142.0
22344,759.0
83027,5602.0
24036,176.0
39081,394.0
37185,1698.0
18104,132.0
54143,384.0
28109,318.0
33196,165.0
11090,609.0
16063,160.0
45053,5113.0
29207,4510.0
84089,20012.0
68076,1048.0
88048,968.0
69030,826.0
11067,1833.0
74185,2332.0
60275,219.0
57618,632.0
59263,1042.0
32213,2143.0
34047,724.0
05165,246.0
68104,317.0
65235,4022.0
46244,92.0
10118,92.0
35289,1069.0
62040,9655.0
27337,349.0
10409,603.0
31176,191.0
52488,274.0
51402,271.0
07009,1197.0
13214,59948.0
28144,200.0
80666,31.0
61243,1382.0
76380,309.0
79070,411.0
16402,282.0
80614,315.0
81122,73.0
60115,873.0
11231,97.0
88406,130.0
82010,238.0
34184,665.0
33157,764.0
11034,846.0
58171,282.0
56184,8001.0
11270,142.0
10404,110.0
47107,325.0
70183,59.0
80080,147.0
43127,870.0
28394,1430.0
77085,4171.0
67056,790.0
81211,488.0
31205,3192.0
35322,1105.0
57181,91.0
2B155,49.0
33272,1226.0
972217,8586.0
23004,543.0
78147,466.0
88421,103.0
16169,575.0
76351,166058.0
13216,15487.0
85083,1648.0
11076,12448.0
80651,253.0
87009,139.0
34066,229.0
08192,91.0
44127,2799.0
78383,18611.0
01245,965.0
21127,508.0
19206,97.0
17165,392.0
80446,738.0
14674,120.0
40245,1957.0
60052,99.0
55144,374.0
78118,3340.0
62811,1109.0
32218,70.0
80010,2724.0
76449,493.0
74085,1093.0
27132,831.0
25257,267.0
47150,373.0
28349,262.0
16071,601.0
72084,1274.0
17432,366.0
05177,573.0
42306,500.0
31324,2397.0
04023,197.0
77157,323.0
69154,2974.0
76329,3074.0
64179,135.0
52305,561.0
27070,1702.0
56034,4223.0
18172,1691.0
49086,3918.0
35076,4415.0
73241,1209.0
32365,307.0
01358,425.0
50137,628.0
88077,568.0
27069,694.0
60006,1145.0
73230,133.0
80321,141.0
57350,1431.0
971134,7014.0
76392,1243.0
02172,251.0
02420,827.0
59313,1440.0
50118,322.0
76634,878.0
83020,45.0
24384,34.0
55347,333.0
28018,1484.0
2B256,29.0
56137,3316.0
77248,772.0
70049,88.0
08096,718.0
44126,4478.0
45085,1862.0
19201,592.0
10257,29.0
35110,1057.0
15154,1213.0
13097,13729.0
57690,2945.0
03019,1632.0
08044,159.0
10291,179.0
60313,2498.0
82145,378.0
26193,443.0
37253,177.0
24292,487.0
15107,168.0
60103,3993.0
78005,21368.0
06059,2189.0
39217,570.0
54463,239.0
59652,424.0
21305,186.0
14680,164.0
87059,1525.0
70272,175.0
60461,205.0
23167,343.0
80292,130.0
24304,978.0
34258,1682.0
50589,278.0
06071,584.0
16337,895.0
54129,1587.0
88163,742.0
25609,481.0
10324,168.0
26116,5952.0
82172,281.0
25444,142.0
71286,277.0
63120,764.0
60561,226.0
65332,177.0
88175,467.0
67141,597.0
26026,63.0
25554,119.0
76053,113.0
67427,329.0
02193,66.0
51177,206.0
60007,3055.0
59664,327.0
42003,1884.0
15066,118.0
11091,1144.0
59199,681.0
24560,113.0
63117,126.0
35202,1012.0
49029,1302.0
76419,155.0
35332,1089.0
11172,600.0
73123,377.0
62272,305.0
78278,549.0
74253,1007.0
17380,3918.0
21659,168.0
83030,1901.0
44203,2036.0
28337,2759.0
68186,314.0
45033,374.0
31512,903.0
24334,201.0
74233,2431.0
51117,321.0
60208,119.0
08008,760.0
37034,313.0
31504,225.0
08057,243.0
25200,1329.0
09319,117.0
62069,305.0
53053,499.0
84010,899.0
80359,285.0
34252,254.0
54586,740.0
24547,6261.0
55411,93.0
79020,881.0
39011,417.0
66188,261.0
54142,151.0
83091,6083.0
22323,828.0
62831,292.0
27570,101.0
23042,126.0
62683,219.0
24139,2284.0
57027,121.0
2B177,63.0
31247,1295.0
26310,157.0
28034,892.0
88007,48.0
09146,59.0
80147,335.0
02761,210.0
78120,1914.0
55245,166.0
27064,682.0
76279,349.0
19191,661.0
91312,10213.0
38100,2424.0
46223,180.0
85295,3316.0
67506,6042.0
88326,354.0
26294,590.0
18129,227.0
62178,21827.0
78460,1095.0
09280,678.0
76233,154.0
71546,403.0
57091,991.0
17383,347.0
54379,94.0
41083,564.0
15104,333.0
48173,229.0
56091,2535.0
41120,1248.0
77353,462.0
14751,288.0
76064,493.0
21538,117.0
19073,4293.0
11387,107.0
78062,7617.0
10418,200.0
31434,78.0
78193,1000.0
10374,149.0
18189,481.0
56264,407.0
54544,140.0
01233,132.0
62908,1590.0
57567,145.0
25354,157.0
17465,605.0
35346,206.0
65154,50.0
07186,8541.0
74241,3431.0
91275,2615.0
42108,1092.0
16173,178.0
67102,316.0
54573,162.0
19117,670.0
10327,118.0
66073,144.0
69169,641.0
32286,700.0
19270,541.0
63234,907.0
54007,537.0
83124,2763.0
07018,53.0
89142,905.0
77533,2731.0
39090,186.0
32237,470.0
33291,177.0
21680,504.0
03303,230.0
71552,508.0
63047,1752.0
07308,2233.0
12202,24207.0
27521,136.0
80393,307.0
41261,131.0
66169,104.0
51057,75.0
01269,3449.0
28010,320.0
35056,822.0
62567,650.0
81163,10064.0
17389,578.0
03258,1767.0
48013,990.0
80819,82.0
44001,2043.0
31459,823.0
36196,94.0
65441,85.0
89240,315.0
79267,311.0
54093,169.0
17003,4479.0
63051,629.0
09303,326.0
80029,827.0
11205,127.0
09338,154.0
35102,503.0
54070,182.0
86038,218.0
54444,230.0
64222,74.0
45269,3661.0
68289,2453.0
76504,125.0
64536,881.0
2A249,3741.0
76162,271.0
55372,364.0
40095,699.0
11048,731.0
76033,453.0
11353,2027.0
68225,1557.0
62794,587.0
23036,1040.0
11134,51.0
39133,73.0
78562,1412.0
27028,337.0
01343,1844.0
54596,965.0
31494,176.0
42308,771.0
57088,306.0
05122,867.0
51353,46.0
89050,890.0
77285,20207.0
71349,50.0
37023,241.0
94002,45046.0
29074,1004.0
12085,314.0
41189,465.0
57414,1135.0
57757,17401.0
59414,4681.0
19074,52.0
51570,106.0
21298,104.0
971119,8201.0
52366,76.0
02312,1093.0
38045,2319.0
23159,147.0
28088,12909.0
85243,2872.0
10387,62782.0
85020,4059.0
09017,112.0
25512,2501.0
41095,1059.0
81036,1272.0
86167,911.0
44084,8649.0
54211,202.0
02606,77.0
08309,56.0
62626,2294.0
76621,1179.0
59662,1300.0
67073,4235.0
71019,140.0
42104,865.0
66156,89.0
24074,531.0
21104,43.0
67061,3712.0
60643,1365.0
42099,3779.0
81312,1023.0
37152,2062.0
80188,586.0
73159,864.0
85184,325.0
19063,3026.0
62645,5656.0
08120,45.0
14141,162.0
31239,1628.0
19173,306.0
45011,209.0
58238,2218.0
13026,17909.0
65020,260.0
40053,313.0
07269,1092.0
61159,69.0
82094,1448.0
08203,271.0
47057,1364.0
39397,1587.0
34055,225.0
59604,809.0
28348,4062.0
38046,1003.0
95371,5681.0
82009,40.0
55356,104.0
03202,596.0
77331,420.0
51160,1329.0
88022,224.0
974420,24293.0
31212,1909.0
85209,623.0
55296,470.0
10073,123.0
65023,12.0
26112,207.0
27052,390.0
48182,59.0
83043,1839.0
79308,653.0
85019,6235.0
65185,442.0
05182,35.0
27243,750.0
52400,156.0
65380,147.0
63096,374.0
53105,226.0
02504,1614.0
63306,623.0
39508,728.0
69024,4155.0
62656,942.0
42165,2862.0
59311,576.0
47247,250.0
67177,625.0
79238,554.0
23183,82.0
71488,100.0
76047,149.0
58139,118.0
24183,309.0
35338,1241.0
17366,474.0
67199,81.0
19083,119.0
32370,1048.0
47191,827.0
31272,61.0
67185,652.0
01092,1649.0
02417,123.0
65142,210.0
35352,8233.0
39029,385.0
58301,298.0
76157,13966.0
25385,126.0
62175,158.0
77086,1420.0
73033,525.0
55508,354.0
55046,133.0
67459,743.0
70324,623.0
18006,245.0
51555,154.0
74146,1587.0
27395,90.0
21343,96.0
50615,6791.0
31355,1820.0
62364,2329.0
81279,258.0
80540,236.0
16252,151.0
62717,524.0
57750,698.0
72109,548.0
36244,874.0
70552,204.0
2A133,155.0
26365,597.0
70498,448.0
14175,303.0
971130,917.0
32244,159.0
10086,249.0
12239,329.0
67555,248.0
31360,513.0
76671,172.0
51069,116.0
80474,399.0
57741,400.0
38431,2995.0
18089,438.0
19059,386.0
23237,55.0
62736,3883.0
15097,109.0
73184,529.0
77049,825.0
76493,395.0
80724,2773.0
18232,246.0
44196,1673.0
39018,609.0
87181,811.0
49123,1781.0
45043,1011.0
59212,6496.0
60395,14320.0
62787,322.0
29296,1453.0
24214,823.0
40330,310.0
08435,882.0
51054,1280.0
26238,232.0
54058,84.0
19045,197.0
51170,110.0
46161,245.0
57636,329.0
90036,268.0
39333,2138.0
37187,359.0
54352,834.0
62124,439.0
59251,379.0
50229,102.0
60231,436.0
73001,239.0
59645,587.0
62115,465.0
60393,601.0
33057,940.0
17091,2002.0
38309,2123.0
36031,4504.0
11212,581.0
34196,154.0
76385,1471.0
31538,217.0
63231,1639.0
02549,859.0
08095,175.0
68231,1947.0
77034,775.0
63064,79.0
80605,203.0
24023,319.0
81308,1285.0
54334,557.0
02337,185.0
51004,116.0
2A278,99.0
31169,6986.0
50606,514.0
36064,759.0
37197,512.0
63138,729.0
25058,1380.0
26071,1158.0
01422,1352.0
27019,160.0
38346,394.0
08499,298.0
39537,466.0
72260,3514.0
32227,775.0
88524,350.0
59449,8455.0
11423,159.0
70189,251.0
23028,114.0
39584,161.0
52455,242.0
63164,10258.0
81237,181.0
39239,40.0
17349,3038.0
74237,895.0
22073,373.0
28098,1827.0
52298,72.0
25215,92.0
52457,173.0
55011,249.0
31589,1454.0
07127,1143.0
76491,657.0
61043,1094.0
76342,709.0
07140,798.0
76487,314.0
67383,195.0
37147,563.0
57149,206.0
07138,2239.0
02789,2600.0
77518,238.0
38283,106.0
07209,54.0
01078,1619.0
91473,151.0
09281,127.0
33046,1136.0
82122,174.0
08119,466.0
50327,195.0
07348,1058.0
57662,97.0
27586,173.0
80833,122.0
74053,1248.0
66044,286.0
62352,112.0
78518,110.0
85302,5506.0
21360,118.0
17348,696.0
57520,35.0
50243,468.0
29132,799.0
66153,47.0
94041,64001.0
76123,1070.0
64468,121.0
38241,14.0
09246,536.0
76303,729.0
87163,140.0
86207,1570.0
54413,149.0
37040,255.0
27365,1999.0
67270,372.0
55079,704.0
85273,1939.0
64259,749.0
72217,2462.0
17143,703.0
10363,547.0
24180,305.0
64506,156.0
11283,77.0
52432,1380.0
59265,2300.0
50052,146.0
35350,805.0
52130,187.0
71116,169.0
24222,2658.0
23151,424.0
51617,601.0
72256,802.0
44018,8144.0
57306,15968.0
57171,1151.0
51016,240.0
33553,1305.0
75101,15919.0
62457,7030.0
23024,534.0
62446,821.0
63014,10211.0
24569,132.0
47328,528.0
85136,123.0
28319,341.0
76463,656.0
14280,267.0
86295,392.0
62657,516.0
53146,1893.0
62635,197.0
18193,202.0
39151,133.0
88356,294.0
71590,650.0
17080,988.0
38216,55.0
77519,1165.0
71173,323.0
26371,41.0
31102,231.0
30208,47.0
29180,887.0
65108,888.0
11434,1257.0
52461,376.0
51289,437.0
32400,195.0
61267,202.0
30010,3324.0
02406,130.0
54207,89.0
91148,137.0
23093,1560.0
38113,555.0
56025,196.0
89328,369.0
34136,1568.0
31019,31.0
67005,858.0
67329,1253.0
27213,5990.0
34239,6344.0
81109,441.0
76002,607.0
51355,46.0
33277,219.0
30004,3331.0
47072,107.0
87007,197.0
42053,1675.0
08324,113.0
15119,1804.0
67173,1231.0
62671,312.0
41141,352.0
50022,117.0
43016,889.0
28190,461.0
46018,137.0
973307,34810.0
82124,4299.0
52424,69.0
17162,210.0
45026,972.0
50294,1331.0
21022,539.0
56255,2491.0
85050,1947.0
71533,542.0
39435,626.0
52355,156.0
87200,125.0
60663,249.0
27034,624.0
01072,3285.0
59593,767.0
02557,128.0
31316,501.0
52256,74.0
23014,123.0
46242,182.0
32057,129.0
57603,1262.0
09243,89.0
31508,38.0
40270,442.0
80198,381.0
47324,1270.0
89326,1071.0
86007,1158.0
84148,1279.0
88354,185.0
80327,157.0
85250,2390.0
66015,1310.0
62747,629.0
57113,971.0
26359,35.0
57218,1286.0
57501,44.0
58230,69.0
80185,286.0
2B287,140.0
48170,194.0
07189,325.0
23186,152.0
80114,341.0
49338,1371.0
23061,744.0
14646,460.0
31554,245.0
59549,329.0
46131,163.0
80290,396.0
27155,103.0
38426,655.0
25496,97.0
14127,555.0
37163,3512.0
21559,698.0
32389,450.0
65294,217.0
88228,179.0
37093,531.0
91495,329.0
16412,352.0
86148,714.0
60361,582.0
39394,70.0
09335,41.0
77461,301.0
09023,117.0
37221,613.0
31211,730.0
25172,236.0
2B178,67.0
62634,1251.0
30198,239.0
15186,232.0
88009,3301.0
01204,746.0
17340,1508.0
32246,199.0
87058,99.0
64269,4913.0
76360,648.0
14240,501.0
80832,301.0
32187,126.0
76299,383.0
77440,1143.0
02374,843.0
10429,250.0
02418,224.0
71353,544.0
32007,222.0
94067,21195.0
49020,5557.0
86110,231.0
07344,503.0
78396,6322.0
68321,4061.0
55181,3473.0
31173,267.0
63295,1620.0
02738,13431.0
57296,1093.0
41179,192.0
11435,158.0
21412,1390.0
89111,300.0
89234,117.0
57043,1566.0
17379,212.0
54189,590.0
28136,161.0
71204,1456.0
59266,4050.0
62413,12317.0
19118,818.0
25060,694.0
55546,209.0
06056,137.0
21308,195.0
41174,171.0
23046,80.0
30271,726.0
76752,2584.0
68342,1649.0
09190,111.0
18111,184.0
71143,458.0
70397,86.0
18063,154.0
76574,682.0
27304,158.0
77496,189.0
71190,2150.0
21240,308.0
63090,500.0
51291,1398.0
87088,1115.0
03114,265.0
51307,234.0
45169,9755.0
56159,1835.0
65230,256.0
80611,960.0
13215,79656.0
2A091,175.0
38364,426.0
02220,442.0
58148,608.0
07070,2353.0
60369,2010.0
88038,36.0
46307,635.0
77283,904.0
61039,132.0
77379,11958.0
2A011,55.0
30310,289.0
76163,689.0
52189,387.0
35246,1374.0
53096,5576.0
80767,241.0
27604,151.0
39467,150.0
95134,5021.0
41159,1260.0
89395,416.0
03048,1309.0
23053,205.0
55502,2471.0
61433,283.0
37190,162.0
73219,681.0
61013,140.0
11019,62.0
80005,82.0
34103,1053.0
42261,910.0
64138,2885.0
62815,172.0
32056,44.0
46221,544.0
88036,85.0
54004,179.0
73330,3063.0
48156,858.0
70133,234.0
11324,511.0
60482,3455.0
71381,71.0
22234,1154.0
30183,648.0
91161,19938.0
56115,1811.0
80543,119.0
63056,344.0
71157,1837.0
86102,602.0
53031,492.0
60252,524.0
09283,402.0
01001,832.0
67234,1493.0
61432,583.0
54116,2136.0
46224,3584.0
27511,739.0
54414,652.0
41055,2418.0
01029,700.0
38263,367.0
64111,108.0
88367,5045.0
19178,989.0
70381,351.0
14530,1982.0
32077,88.0
02129,19.0
01138,3426.0
72366,310.0
74003,1113.0
94018,29445.0
38070,1346.0
40136,152.0
53117,499.0
64050,93.0
60371,151.0
25560,3000.0
32369,377.0
56179,3965.0
22194,3635.0
09096,41.0
39183,629.0
18051,132.0
61237,314.0
74203,51.0
27003,1699.0
57021,1490.0
37090,111.0
62251,512.0
02528,221.0
65378,66.0
80377,398.0
09121,761.0
10164,713.0
12187,343.0
17135,222.0
93030,11328.0
40321,240.0
02564,855.0
08146,90.0
59558,1679.0
90046,457.0
16345,207.0
60608,105.0
58018,42.0
68214,371.0
26126,90.0
39368,5167.0
70531,103.0
77045,722.0
32321,276.0
59026,1159.0
67503,159.0
32200,356.0
19266,103.0
32420,67.0
08378,107.0
31579,838.0
21686,144.0
01231,1955.0
38290,861.0
21187,121.0
14167,7022.0
03278,200.0
50228,1077.0
15123,157.0
68055,1044.0
01187,609.0
56079,1383.0
76568,614.0
38277,535.0
30342,1264.0
17181,312.0
03212,1524.0
47050,130.0
69119,964.0
59092,3996.0
54198,302.0
10344,911.0
22115,457.0
73274,426.0
56056,207.0
19215,118.0
80293,348.0
65017,250.0
74301,954.0
69064,3933.0
61330,182.0
69261,110.0
03197,1444.0
91666,2496.0
10267,304.0
62775,339.0
31327,205.0
16090,3554.0
14241,629.0
54034,215.0
44214,2052.0
89276,874.0
17335,283.0
21119,44.0
11350,50.0
81228,471.0
08124,343.0
38065,2171.0
34305,128.0
89351,475.0
52065,68.0
52097,49.0
65424,113.0
76480,445.0
71435,236.0
60304,271.0
62504,261.0
39017,1187.0
59196,1293.0
26226,364.0
85260,835.0
52040,49.0
06088,348085.0
19031,46599.0
19212,100.0
50624,473.0
52085,26.0
61429,762.0
32454,70.0
85128,9483.0
17006,248.0
55421,74.0
70016,163.0
70351,227.0
36103,1313.0
14538,1707.0
45307,1110.0
23253,174.0
08113,509.0
47086,1211.0
23265,47.0
33491,398.0
72267,913.0
62164,1140.0
37268,126.0
40212,1040.0
10229,101.0
12155,334.0
81137,88.0
17377,132.0
66011,4482.0
52021,276.0
70227,456.0
15212,363.0
24577,511.0
71164,136.0
59415,225.0
52168,64.0
77236,345.0
30338,135.0
38524,8287.0
60274,371.0
79066,1774.0
39241,384.0
76636,2299.0
59288,2320.0
32273,164.0
24300,359.0
65148,135.0
41090,250.0
71013,284.0
38099,742.0
69168,1543.0
39059,1653.0
17315,1389.0
17013,357.0
09282,4815.0
71087,164.0
62405,464.0
34228,82.0
67362,615.0
86287,351.0
29049,3343.0
12032,602.0
54494,100.0
30354,216.0
07220,103.0
18066,909.0
12180,71.0
29016,1043.0
80560,215.0
02477,954.0
59660,2996.0
89154,870.0
03122,237.0
57500,40.0
59605,1497.0
08466,71.0
70107,438.0
54170,71.0
77106,1014.0
21409,434.0
51037,344.0
10186,530.0
38398,979.0
34012,970.0
62222,164.0
04049,5082.0
84038,4317.0
86235,1302.0
63258,743.0
39376,76.0
01202,7268.0
62903,599.0
70561,1419.0
38553,19083.0
32051,114.0
42173,365.0
81231,385.0
19221,99.0
57586,195.0
2B227,33.0
68073,472.0
55438,181.0
2A326,121.0
89155,709.0
51135,81.0
14040,222.0
33061,1024.0
64422,10616.0
54581,298.0
71256,554.0
80735,177.0
71504,82.0
71483,417.0
52050,1325.0
81224,101.0
69233,1238.0
27095,672.0
76613,642.0
08386,341.0
09309,159.0
88100,46.0
03286,1157.0
14425,158.0
08162,344.0
67143,636.0
43042,696.0
55220,88.0
68313,779.0
43040,6518.0
46281,194.0
33007,1353.0
55178,190.0
70022,153.0
71556,574.0
51147,323.0
65051,209.0
28117,270.0
54486,335.0
66018,65.0
47114,401.0
77323,1476.0
07334,2659.0
41018,46813.0
38548,4322.0
43129,147.0
08220,329.0
71058,186.0
79268,1011.0
91114,25423.0
76676,488.0
78057,1837.0
68278,13795.0
10273,23.0
69132,850.0
38074,386.0
67434,2772.0
67050,31.0
49352,1320.0
02262,207.0
29162,3605.0
62134,105.0
80648,124.0
02471,134.0
39266,347.0
63105,228.0
89183,64.0
16067,458.0
89188,178.0
60060,690.0
05113,391.0
78601,1630.0
59578,1650.0
11177,31.0
81265,80.0
69298,3195.0
82147,333.0
34221,504.0
30269,2480.0
63339,127.0
59067,3561.0
28211,576.0
2A322,88.0
11041,1258.0
51190,72.0
31182,5595.0
18033,63702.0
43190,3528.0
10025,173.0
67233,1190.0
47167,1460.0
72153,548.0
82036,132.0
65114,79.0
72046,1560.0
11354,29.0
10436,181.0
86205,204.0
49102,343.0
83108,2192.0
22153,745.0
25403,2209.0
63445,297.0
06042,673.0
91200,11279.0
02616,194.0
92035,29932.0
79116,1117.0
21418,56.0
76655,3915.0
70093,646.0
31296,435.0
71321,191.0
01199,2124.0
91047,1416.0
38170,3405.0
81267,616.0
71077,485.0
88110,221.0
25035,2510.0
08144,103.0
62678,712.0
59418,1584.0
67530,388.0
65307,341.0
66175,2911.0
01258,1198.0
50092,708.0
25063,1224.0
49027,2120.0
37270,2820.0
26130,23.0
76513,590.0
88481,1328.0
76557,1453.0
64503,93.0
65470,144.0
33380,1793.0
45061,2373.0
14117,3583.0
41203,491.0
57165,701.0
10414,126.0
31372,462.0
68110,796.0
30313,802.0
47278,479.0
54526,9019.0
50543,1371.0
51489,30.0
84015,304.0
02164,326.0
08484,76.0
02136,124.0
87014,2762.0
03056,390.0
41178,58.0
12184,118.0
38335,1044.0
02660,39.0
53250,399.0
71412,1203.0
62842,8381.0
36100,254.0
31021,126.0
01042,290.0
77022,1241.0
02099,211.0
32238,84.0
45143,32.0
36126,447.0
25552,116.0
29053,1832.0
29206,2289.0
88511,89.0
34134,3312.0
86252,649.0
35004,4102.0
85159,2353.0
46258,167.0
17434,6825.0
04148,248.0
07190,221.0
31319,131.0
60676,750.0
27203,457.0
89407,897.0
19271,258.0
21009,177.0
24284,133.0
55221,241.0
27622,1785.0
39572,377.0
68028,2066.0
55381,156.0
48151,60.0
80165,185.0
44066,6759.0
57721,347.0
33342,815.0
44074,4130.0
34303,40.0
39554,226.0
16008,309.0
38011,1120.0
17061,140.0
65179,26.0
48026,261.0
80258,83.0
66109,248.0
40208,370.0
38462,586.0
29186,1630.0
60223,3693.0
55083,156.0
24587,838.0
78550,1841.0
30109,472.0
10069,115.0
33498,7887.0
11416,263.0
65232,66.0
03065,552.0
36110,259.0
29029,1129.0
42085,852.0
26272,364.0
12230,387.0
81165,237.0
25620,329.0
03139,311.0
24517,76.0
55148,116.0
46073,410.0
57617,279.0
56129,1489.0
83149,1494.0
52198,65.0
10191,934.0
76171,140.0
06007,3251.0
80128,141.0
31203,9457.0
31064,29.0
65279,213.0
02444,127.0
93015,5063.0
08288,91.0
58197,166.0
65274,138.0
70525,216.0
10369,210.0
16012,498.0
10169,217.0
79298,1990.0
30149,920.0
59363,912.0
33523,2044.0
62511,140.0
80806,466.0
57592,339.0
25160,766.0
2B245,43.0
49018,11757.0
85252,598.0
87071,798.0
70523,191.0
62819,1070.0
01328,617.0
88026,995.0
31227,849.0
60293,377.0
19275,9159.0
06132,440.0
40198,171.0
54464,104.0
31007,60.0
59607,484.0
42107,320.0
47274,390.0
66068,119.0
62201,2683.0
12261,124.0
35026,99.0
42008,113.0
22057,410.0
30123,3592.0
07182,1174.0
59523,2848.0
72244,2924.0
74043,5907.0
55526,257.0
64411,229.0
64298,125.0
46086,646.0
32399,82.0
45317,1344.0
59016,2125.0
71104,188.0
09184,51.0
71091,191.0
01134,1818.0
39049,406.0
59015,3151.0
67392,844.0
48175,175.0
65308,108.0
43163,1184.0
18101,291.0
65456,279.0
21234,64.0
38107,1698.0
02017,295.0
86082,4368.0
03068,108.0
38318,5466.0
57733,2057.0
73206,710.0
05060,181.0
53021,993.0
02539,686.0
02412,99.0
12172,537.0
41181,802.0
70337,58.0
68367,1202.0
71219,556.0
93079,12663.0
72040,146.0
69281,1963.0
41027,144.0
61169,14482.0
77395,122.0
31188,5849.0
34234,102.0
38291,1086.0
68213,338.0
77276,3304.0
05064,104.0
01310,247.0
65414,82.0
52354,82.0
67315,662.0
95271,513.0
70361,163.0
12225,1595.0
11440,34.0
12246,523.0
29290,691.0
25005,88.0
63430,11633.0
57695,498.0
90041,1394.0
08233,44.0
59545,1203.0
23166,193.0
72367,782.0
08403,1928.0
10390,117.0
91228,66177.0
66142,55.0
08374,127.0
35222,1972.0
70140,66.0
36149,794.0
12221,369.0
29035,1131.0
69080,1927.0
79236,642.0
37244,259.0
14337,327.0
971126,2528.0
83104,4272.0
2A211,562.0
32154,110.0
51161,747.0
79160,171.0
56070,2251.0
49201,2036.0
32250,76.0
67087,1448.0
63390,386.0
21193,373.0
76269,168.0
15204,1533.0
41036,445.0
91198,1514.0
24171,553.0
23233,121.0
38319,802.0
71455,153.0
34011,107.0
36011,173.0
32285,570.0
55197,165.0
83072,9542.0
72324,502.0
59151,1573.0
61023,609.0
64277,536.0
25174,247.0
24244,191.0
85280,3265.0
06010,2947.0
43067,268.0
91421,23800.0
64243,203.0
27291,121.0
04128,225.0
47061,809.0
68111,843.0
26201,49.0
36116,117.0
10071,53.0
77147,663.0
62861,4307.0
85255,2329.0
95170,550.0
72223,2613.0
38149,1681.0
30047,6192.0
68185,1653.0
76564,169.0
09172,26.0
30219,99.0
64098,66.0
84144,630.0
08274,92.0
22319,448.0
77411,557.0
03116,187.0
70208,289.0
86114,1260.0
61376,835.0
64257,333.0
39235,1184.0
88056,94.0
11214,431.0
58163,184.0
39361,196.0
07310,897.0
58256,376.0
60544,191.0
72385,1751.0
81058,236.0
972208,641.0
22256,1057.0
57160,12514.0
70502,83.0
77318,1416.0
44046,2636.0
89295,1260.0
53067,420.0
52047,102.0
74087,2315.0
52467,58.0
32343,168.0
41167,3364.0
30298,508.0
2B183,91.0
66115,1273.0
62404,199.0
71184,631.0
01061,1129.0
12147,144.0
79280,880.0
73292,318.0
43154,540.0
60599,288.0
15185,249.0
67053,320.0
35186,1079.0
39175,70.0
67147,495.0
39570,223.0
39223,192.0
08097,430.0
10165,333.0
63313,104.0
51563,102.0
53174,838.0
76478,190.0
55232,113.0
85142,1011.0
11007,115.0
64540,2914.0
29274,5223.0
04220,369.0
81020,266.0
76734,440.0
68167,715.0
77076,753.0
34206,535.0
51284,302.0
08136,357.0
77130,532.0
65228,121.0
39164,656.0
62270,6893.0
16114,168.0
60073,560.0
15056,861.0
54348,238.0
70149,697.0
26123,22.0
39079,207.0
22322,380.0
80272,124.0
26234,889.0
33453,214.0
01143,10137.0
16133,198.0
83145,1164.0
45252,9094.0
34004,248.0
62411,53.0
06140,3105.0
67326,1673.0
88308,291.0
80628,778.0
81169,99.0
08232,415.0
47026,232.0
49235,393.0
19194,1363.0
53125,1118.0
63195,6357.0
01153,2127.0
81278,178.0
973308,4505.0
2A262,51.0
68234,756.0
21542,457.0
65120,335.0
73200,557.0
25106,67.0
68085,389.0
80014,61.0
61491,3023.0
01369,954.0
89062,364.0
16028,4732.0
62594,305.0
95218,18468.0
61099,243.0
35197,1745.0
17042,445.0
14556,1790.0
59036,4118.0
33294,537.0
21286,87.0
91556,405.0
69382,30485.0
88050,302.0
81106,634.0
77002,811.0
25367,4731.0
11302,268.0
34104,128.0
81083,248.0
68322,1343.0
89416,434.0
32331,1222.0
61360,88.0
62839,1072.0
59569,15603.0
64376,943.0
76610,1579.0
03170,126.0
61493,60.0
89038,114.0
21613,161.0
28352,1575.0
73323,363.0
12175,179.0
17284,1792.0
62323,1219.0
46028,1067.0
02565,294.0
47305,378.0
08370,566.0
17271,326.0
47212,293.0
22198,3809.0
07219,321.0
40154,328.0
43013,302.0
37224,896.0
29255,940.0
05095,306.0
60257,440.0
89376,132.0
10018,982.0
64220,492.0
40278,980.0
02195,896.0
53087,217.0
37119,1573.0
16052,231.0
34276,4896.0
37142,561.0
89165,117.0
17033,494.0
86090,217.0
62850,342.0
30231,354.0
46114,370.0
15256,60.0
64406,612.0
61295,161.0
16003,860.0
10381,1042.0
47067,398.0
88011,1621.0
44189,2414.0
23128,125.0
50347,245.0
03290,1636.0
26088,6227.0
50024,170.0
51013,100.0
64034,322.0
89144,801.0
17285,1152.0
30043,590.0
47132,223.0
81060,9898.0
62230,928.0
02487,619.0
34018,942.0
23142,282.0
62003,589.0
31025,995.0
82050,1210.0
30125,5106.0
64003,209.0
34250,300.0
24490,1120.0
61259,69.0
51056,235.0
05001,382.0
32153,157.0
26284,392.0
71296,741.0
28365,414.0
15237,167.0
80331,315.0
59372,476.0
48048,63.0
70011,309.0
11244,89.0
23259,121.0
82052,1115.0
09326,118.0
53192,312.0
12151,222.0
69225,543.0
10241,58.0
67319,390.0
60380,1599.0
06115,85.0
81253,463.0
08269,78.0
07337,2648.0
08234,125.0
69202,21858.0
31303,3280.0
62597,289.0
15164,583.0
04058,288.0
57487,5088.0
27032,1373.0
68284,675.0
78416,319.0
60536,130.0
70250,483.0
51115,586.0
14639,256.0
12146,2308.0
24303,232.0
25078,1060.0
18268,406.0
15032,57.0
53195,496.0
80484,386.0
02823,75.0
62139,4908.0
60077,355.0
63087,67.0
60015,1139.0
64155,106.0
06049,109.0
05107,465.0
72312,230.0
61053,232.0
38289,213.0
15124,529.0
60390,332.0
72373,2493.0
40281,9871.0
70286,121.0
39583,185.0
08344,131.0
18177,52.0
37005,500.0
78107,1908.0
59214,1116.0
14011,1903.0
21673,214.0
76489,479.0
60360,6983.0
08196,94.0
54130,176.0
70330,337.0
61142,146.0
62816,217.0
04152,3941.0
53249,1118.0
84074,2251.0
71324,586.0
60034,1162.0
24535,254.0
87170,362.0
51276,145.0
59146,3001.0
55320,66.0
03223,432.0
33332,864.0
974410,37023.0
63017,195.0
67546,710.0
35203,353.0
25223,324.0
28347,918.0
41126,1159.0
41231,1183.0
18070,200.0
02538,77.0
01337,1343.0
54387,162.0
80711,1781.0
68275,435.0
24278,80.0
40303,348.0
76683,397.0
59315,901.0
43189,520.0
89266,251.0
62160,40910.0
86139,2589.0
32060,210.0
30034,7740.0
14461,542.0
40258,252.0
14724,1013.0
31399,2949.0
86272,2809.0
24050,348.0
77272,858.0
57086,233.0
16147,256.0
39520,505.0
32464,835.0
33018,3705.0
33555,5367.0
76043,1143.0
64321,246.0
38558,1934.0
57590,259.0
73152,235.0
47240,268.0
34045,551.0
89400,308.0
63444,308.0
07121,189.0
81324,252.0
65364,22.0
82108,1424.0
21351,1165.0
58064,484.0
26379,917.0
08340,173.0
77388,816.0
39437,275.0
40001,6220.0
52362,137.0
50135,228.0
48059,304.0
73040,361.0
68328,192.0
12169,2023.0
27620,472.0
42231,1219.0
33303,842.0
971111,3922.0
38071,3339.0
08277,127.0
13082,4586.0
03119,404.0
01129,306.0
02686,366.0
16267,100.0
18062,266.0
17168,4061.0
42307,920.0
01365,1159.0
16137,293.0
76622,293.0
51431,1237.0
60331,448.0
69276,9850.0
16353,817.0
69263,894.0
24035,1322.0
27372,683.0
01281,4690.0
36119,544.0
43114,1740.0
82087,2852.0
11036,159.0
89093,641.0
32403,58.0
62852,1453.0
67511,931.0
72102,88.0
31160,2508.0
76495,6121.0
32139,108.0
86091,378.0
25098,193.0
59557,2553.0
12188,319.0
24361,449.0
53161,3193.0
54138,2775.0
66227,4270.0
80047,534.0
03088,313.0
51656,461.0
38255,136.0
89159,389.0
57064,278.0
41091,1287.0
36129,593.0
38343,1684.0
52285,73.0
67485,1647.0
40070,413.0
45293,1148.0
22005,1030.0
25380,1395.0
76110,458.0
28201,1979.0
45212,1252.0
88322,511.0
48190,222.0
57275,917.0
40143,302.0
2B210,113.0
41274,127.0
91037,327.0
21717,270.0
73027,387.0
64183,665.0
70258,1981.0
2A240,111.0
50217,598.0
43180,92.0
2A066,61.0
62407,944.0
52142,75.0
81119,494.0
59239,5610.0
41054,347.0
80162,696.0
80637,277.0
52199,53.0
17288,316.0
83099,8195.0
36238,99.0
31078,150.0
01104,445.0
31151,883.0
41287,491.0
57182,94.0
02566,1108.0
69297,5503.0
90007,293.0
65056,453.0
41163,122.0
34121,266.0
62392,394.0
45091,316.0
50142,1072.0
27418,116.0
76689,373.0
24221,156.0
57207,5316.0
07055,3139.0
29012,175.0
33435,2017.0
78124,15038.0
64125,7449.0
46138,895.0
62391,1369.0
27200,137.0
82055,256.0
64193,96.0
17294,190.0
60127,405.0
15190,98.0
17005,197.0
67327,945.0
27120,404.0
39185,389.0
33335,619.0
62055,524.0
11008,386.0
27406,927.0
74058,891.0
80058,334.0
81141,156.0
17422,85.0
51328,1119.0
08404,211.0
39149,318.0
62385,380.0
34109,843.0
08089,380.0
09070,330.0
19012,210.0
11207,247.0
59055,537.0
60247,145.0
76197,217.0
50252,920.0
10171,224.0
87006,239.0
65352,214.0
2B120,6032.0
08215,45.0
51008,212.0
49237,133.0
59669,527.0
17307,1404.0
64300,731.0
25198,716.0
04229,237.0
71367,369.0
67023,983.0
2B152,853.0
32217,60.0
21310,112.0
38250,591.0
09026,147.0
07323,1714.0
02548,386.0
32278,121.0
85200,1121.0
67425,534.0
71261,678.0
01173,13078.0
21133,276.0
42123,4817.0
2A062,374.0
37045,1051.0
80757,144.0
95059,366.0
09270,241.0
80599,244.0
76199,711.0
76759,431.0
31061,199.0
47269,842.0
39481,385.0
88292,800.0
06086,253.0
33033,965.0
74264,9059.0
95039,6763.0
65425,453.0
31527,149.0
89449,1790.0
08035,53.0
53266,225.0
83052,371.0
18005,1079.0
80685,5662.0
05159,82.0
11203,10952.0
21012,336.0
51399,516.0
70294,356.0
76072,755.0
52374,270.0
17115,303.0
21642,410.0
88457,143.0
88094,1727.0
80654,533.0
02398,280.0
18108,3162.0
29202,1295.0
15133,134.0
71408,439.0
77119,239.0
21196,981.0
62526,147.0
41022,134.0
11219,21.0
35024,12695.0
51034,22.0
35015,2199.0
67531,284.0
72225,666.0
18134,661.0
25456,276.0
05091,39.0
22152,1249.0
49266,1270.0
91201,29173.0
38546,946.0
51452,33.0
19061,1304.0
62580,539.0
44156,3152.0
17221,930.0
24211,429.0
40159,326.0
12159,555.0
62477,732.0
65091,59.0
24012,396.0
95061,418.0
41232,4897.0
58106,359.0
43099,555.0
01216,892.0
64395,131.0
57221,11869.0
63198,1424.0
03127,583.0
85094,1183.0
67090,670.0
58035,296.0
81079,822.0
55391,197.0
59455,1015.0
73329,1969.0
27597,586.0
25130,10.0
21393,166.0
53190,467.0
43029,100.0
17021,3774.0
50261,167.0
24216,150.0
14458,521.0
78108,1311.0
68368,1220.0
68306,504.0
84136,1209.0
80705,76.0
29160,8589.0
80212,6177.0
76433,772.0
59643,234.0
85254,1754.0
76035,1974.0
40311,668.0
66034,115.0
54462,2833.0
15263,118.0
63253,233.0
62313,911.0
15226,209.0
76190,208.0
57148,564.0
16064,1106.0
07092,45.0
45131,385.0
17235,706.0
05055,307.0
71153,20731.0
33346,409.0
25387,372.0
11013,353.0
77394,3273.0
10091,138.0
80536,288.0
24580,274.0
59085,306.0
39365,1295.0
24339,141.0
09193,59.0
69253,647.0
72099,642.0
21105,1122.0
46113,304.0
95656,368.0
24443,426.0
67195,622.0
95241,2149.0
40179,1904.0
58092,398.0
67405,2272.0
88300,124.0
01307,843.0
38349,2290.0
12113,528.0
43219,115.0
62507,297.0
86140,2268.0
76410,11024.0
51296,76.0
59562,533.0
29080,2234.0
60447,643.0
89390,670.0
67109,676.0
60283,16.0
45200,1388.0
08252,111.0
42243,288.0
11337,373.0
64022,140.0
65321,139.0
32382,311.0
27127,704.0
60501,1316.0
54532,160.0
63335,536.0
76593,662.0
58012,561.0
57647,4174.0
33411,149.0
61238,93.0
35069,10518.0
76471,995.0
30199,56.0
38187,1838.0
38193,17206.0
89345,4220.0
26134,85.0
36059,229.0
08366,662.0
70347,367.0
78531,6929.0
04155,175.0
82165,539.0
80741,191.0
33406,371.0
27380,266.0
91432,13211.0
26293,323.0
77477,864.0
67352,393.0
62555,5493.0
30079,260.0
64133,1336.0
24536,313.0
80765,806.0
17476,271.0
06055,157.0
01353,1730.0
85167,795.0
55330,89.0
64009,2049.0
65262,384.0
89364,291.0
76175,262.0
71299,325.0
77336,1216.0
44080,770.0
59159,749.0
2A129,63.0
52169,80.0
53256,165.0
64345,197.0
21519,341.0
14333,6761.0
73233,156.0
54583,418.0
55532,313.0
12252,459.0
52335,112.0
12179,86.0
41103,409.0
62319,256.0
88120,468.0
27599,918.0
55286,236.0
88010,201.0
15137,256.0
67493,434.0
62466,245.0
46078,96.0
88223,169.0
33228,674.0
02530,77.0
22037,394.0
33096,8300.0
64214,495.0
24459,284.0
80358,136.0
34191,592.0
29017,860.0
02016,212.0
71399,524.0
16119,1363.0
54368,174.0
71475,6541.0
01071,5307.0
01008,768.0
34336,4098.0
02713,264.0
44030,4386.0
11418,1215.0
83114,259.0
68271,12163.0
59163,20778.0
76308,537.0
10400,121.0
43131,193.0
34203,2004.0
55565,76.0
17470,224.0
15233,313.0
55349,124.0
70163,435.0
37248,382.0
02637,290.0
78498,40016.0
56134,985.0
44130,6780.0
67413,488.0
64529,379.0
71572,235.0
71142,247.0
27692,167.0
59306,296.0
53203,525.0
32101,229.0
22275,1214.0
43196,180.0
70091,46.0
27240,211.0
21487,424.0
38361,75.0
64191,2163.0
57467,309.0
13066,5853.0
03211,2507.0
15206,144.0
79142,97.0
67340,1462.0
30324,908.0
11164,1547.0
62336,476.0
55169,524.0
80054,230.0
60307,655.0
39495,71.0
50480,782.0
82043,268.0
01148,1953.0
52185,68.0
29239,3334.0
89045,284.0
04020,131.0
21142,210.0
25051,621.0
08335,75.0
77025,875.0
62636,271.0
02121,228.0
39280,105.0
71326,406.0
54315,907.0
01325,1098.0
81148,88.0
51429,217.0
76442,566.0
12046,575.0
38394,1865.0
25437,356.0
04016,61.0
30299,1115.0
10307,366.0
2B046,153.0
47145,3816.0
15010,198.0
29042,7321.0
43238,296.0
08243,163.0
22106,7886.0
62228,317.0
29212,13473.0
28354,475.0
46093,86.0
24120,555.0
14499,557.0
34286,436.0
42196,117.0
59421,13173.0
33221,1121.0
55129,39.0
24108,1067.0
38313,291.0
83033,3852.0
07163,85.0
51157,85.0
68137,615.0
33042,6039.0
19220,482.0
31035,4234.0
29178,6358.0
21362,131.0
44051,3556.0
62388,294.0
54263,6247.0
88013,90.0
60212,1616.0
76635,75.0
63284,12459.0
21408,1699.0
21546,202.0
46155,136.0
67025,1914.0
80152,145.0
72332,599.0
59581,3540.0
54229,368.0
62519,600.0
06136,3803.0
57189,224.0
39170,925.0
86020,253.0
51308,1831.0
28246,525.0
02266,40.0
51412,60.0
57452,1047.0
27542,892.0
60601,1033.0
62118,144.0
14407,2339.0
38356,331.0
60509,12291.0
76149,283.0
94004,17570.0
46039,204.0
23035,707.0
12264,3297.0
49061,792.0
59118,2435.0
51087,214.0
67189,938.0
31213,154.0
92077,10694.0
36166,168.0
01036,1342.0
19090,97.0
67468,620.0
39197,364.0
56145,1094.0
77227,622.0
33106,1513.0
74098,1611.0
91376,5667.0
89034,453.0
62508,353.0
87087,463.0
49076,801.0
64538,801.0
89334,556.0
10106,144.0
12056,3163.0
80487,73.0
43101,66.0
27037,1156.0
2B109,236.0
19034,210.0
06041,400.0
89153,525.0
63236,1237.0
54175,361.0
54068,89.0
61183,144.0
59192,822.0
08001,492.0
11225,933.0
45217,164.0
2B175,119.0
57723,292.0
27004,416.0
21419,270.0
31516,2087.0
12007,180.0
57751,14302.0
12138,1719.0
19008,206.0
50094,399.0
63150,1569.0
68239,391.0
24048,309.0
27643,1048.0
51192,345.0
51435,179.0
83082,1655.0
55373,82.0
30114,685.0
80284,721.0
52491,111.0
51129,255.0
83153,6079.0
25164,145.0
30337,415.0
88254,82.0
51364,67.0
76173,545.0
52190,297.0
33400,338.0
67406,354.0
89221,318.0
24175,304.0
27415,368.0
973303,1707.0
76590,352.0
62502,5073.0
77390,23061.0
70537,297.0
35159,329.0
10422,187.0
81273,3680.0
21636,254.0
53248,137.0
63309,305.0
60353,185.0
79094,934.0
48030,387.0
21685,252.0
81082,114.0
12161,551.0
78276,639.0
77528,1167.0
56126,2539.0
68230,579.0
10438,223.0
11154,52.0
64246,301.0
30065,472.0
17447,2052.0
63081,279.0
30264,178.0
26362,64483.0
38347,1113.0
10243,103.0
08281,454.0
88020,191.0
49371,1741.0
72273,231.0
59347,531.0
94055,10540.0
66058,2022.0
53072,1287.0
41185,2290.0
39503,400.0
41086,648.0
25025,735.0
24362,1590.0
2B125,55.0
46207,301.0
47306,1088.0
62034,2145.0
53114,183.0
64195,91.0
86032,2094.0
39355,231.0
09116,364.0
45141,166.0
24061,127.0
57118,162.0
56043,758.0
25249,62.0
47207,201.0
71466,119.0
16161,163.0
77360,398.0
22174,768.0
25177,144.0
70442,114.0
65344,2351.0
28155,193.0
02119,319.0
60164,844.0
05094,12.0
36192,1722.0
47266,189.0
47052,4521.0
52127,78.0
47125,311.0
19101,1553.0
38237,190.0
35132,1386.0
80201,53.0
60186,259.0
47073,195.0
54377,156.0
41219,323.0
25357,854.0
80003,578.0
63326,541.0
15249,60.0
21216,108.0
02501,85.0
74244,841.0
31547,9789.0
30343,597.0
23174,572.0
67324,4360.0
74257,820.0
02250,76.0
36057,890.0
37132,6180.0
46153,575.0
54489,151.0
33343,884.0
28111,362.0
84127,2866.0
54019,77.0
17304,499.0
17300,78535.0
73113,173.0
973311,50250.0
07253,168.0
33045,332.0
80102,385.0
47210,1839.0
19249,333.0
76103,6455.0
971113,27184.0
56163,1243.0
04122,509.0
42203,326.0
65351,35.0
31279,79.0
76147,883.0
15007,122.0
50110,1025.0
26006,2567.0
21289,119.0
67264,830.0
40024,262.0
2B050,5746.0
33547,1131.0
69149,27113.0
04154,95.0
65223,1189.0
19057,479.0
73105,1254.0
78677,528.0
26208,1948.0
62342,108.0
92076,8566.0
47134,363.0
68127,670.0
72013,2103.0
57399,91.0
30285,758.0
26322,406.0
32411,97.0
51588,261.0
45254,2441.0
70450,43.0
23158,153.0
76114,11635.0
14592,1332.0
74303,3468.0
09211,116.0
28343,455.0
22200,610.0
23235,739.0
29197,3932.0
34090,9295.0
86028,1078.0
35251,4159.0
22273,2309.0
52542,51.0
2B353,3232.0
58094,448.0
91318,1953.0
25394,1427.0
07306,245.0
21617,11894.0
67021,7152.0
70513,2428.0
62596,239.0
50241,184.0
03041,322.0
81127,103.0
26127,127.0
21598,160.0
41190,221.0
91249,4132.0
54232,2648.0
28192,321.0
11049,3239.0
71177,813.0
27490,266.0
63091,919.0
02507,30.0
12079,489.0
2B289,116.0
21107,903.0
21016,1000.0
54457,42.0
54329,17755.0
19251,275.0
26036,102.0
54290,210.0
71119,1134.0
37106,318.0
64293,169.0
25149,502.0
76494,583.0
31018,230.0
44122,3841.0
89377,68.0
31491,416.0
31082,1110.0
62453,130.0
67289,622.0
41037,211.0
24267,180.0
61014,247.0
51178,81.0
37008,2804.0
41268,152.0
29082,449.0
14182,395.0
68251,825.0
73178,509.0
16226,704.0
19024,590.0
39088,390.0
26356,135.0
68044,749.0
51250,5803.0
28248,334.0
80679,582.0
08311,2234.0
43257,486.0
60016,271.0
14562,2139.0
63355,216.0
17417,166.0
49240,1013.0
52313,139.0
37220,356.0
42110,4845.0
24412,902.0
42116,246.0
12204,177.0
25359,154.0
12250,214.0
65395,1154.0
63406,298.0
73242,270.0
86158,6197.0
02790,242.0
04175,88.0
32353,151.0
37087,241.0
62605,24.0
64458,292.0
72147,1231.0
2B264,61.0
70219,723.0
62076,215.0
21628,62.0
11429,4468.0
31005,287.0
55193,123.0
32394,343.0
51362,598.0
78009,282.0
84035,25923.0
38295,727.0
40266,1689.0
26285,276.0
71584,1210.0
11260,112.0
08238,93.0
19279,398.0
29168,1201.0
44215,26002.0
87172,215.0
17322,685.0
28247,572.0
66164,9099.0
10221,159.0
78160,5536.0
58177,287.0
19098,946.0
21660,54.0
43151,185.0
60100,113.0
54212,410.0
39551,114.0
38500,591.0
95205,7145.0
50193,219.0
50437,784.0
73278,1237.0
2B029,319.0
68128,655.0
02561,145.0
31125,37.0
57247,74.0
45215,237.0
59091,576.0
25401,27.0
77328,407.0
58239,155.0
71397,279.0
39372,86.0
05054,463.0
57541,608.0
19198,108.0
22029,347.0
89333,154.0
25305,592.0
29072,2682.0
65377,152.0
21032,167.0
65236,463.0
54167,1934.0
34299,8123.0
17100,1130.0
04039,1456.0
13045,4791.0
59256,3227.0
11409,106.0
28273,138.0
27505,160.0
19187,419.0
89250,177.0
76309,130.0
67382,767.0
65402,25.0
71152,172.0
64244,263.0
89029,881.0
52107,209.0
70291,109.0
49174,1311.0
60195,520.0
46194,193.0
91130,1031.0
25131,109.0
36179,224.0
39320,335.0
70170,116.0
57080,84.0
30161,207.0
18213,4924.0
27367,1477.0
32387,104.0
08018,77.0
32229,60.0
60039,482.0
27068,178.0
55368,152.0
43079,291.0
91195,843.0
22182,3230.0
07145,1148.0
10031,461.0
23208,404.0
02181,91.0
39159,259.0
82105,1324.0
08434,54.0
14198,255.0
66132,412.0
76138,332.0
61395,215.0
80344,174.0
53255,1224.0
46118,675.0
62866,430.0
22059,1394.0
18257,655.0
86159,495.0
31346,1123.0
54085,87.0
22233,2263.0
25288,735.0
09008,118.0
45081,614.0
01188,689.0
87042,392.0
95487,13996.0
80683,101.0
24294,5834.0
78505,411.0
71170,1776.0
25629,196.0
33140,4880.0
28106,395.0
86285,940.0
18247,734.0
24264,1887.0
60125,746.0
24189,448.0
49002,2933.0
22279,1131.0
08427,213.0
67514,625.0
12236,153.0
44009,9555.0
08165,61.0
24110,59.0
10176,149.0
38249,5495.0
88318,220.0
68018,743.0
95142,2028.0
27698,560.0
81056,158.0
40325,280.0
14438,571.0
39253,270.0
10362,10515.0
61261,175.0
89352,260.0
76013,1083.0
28217,188.0
49056,272.0
28095,282.0
23078,191.0
01331,192.0
02499,41.0
03165,1387.0
77275,152.0
54022,558.0
66019,212.0
65473,368.0
22261,363.0
79202,10058.0
31081,10.0
48136,159.0
88409,2151.0
02545,187.0
03027,923.0
17067,172.0
08323,161.0
11004,332.0
27285,467.0
25398,118.0
88157,866.0
58222,155.0
54479,101.0
79049,19906.0
43178,195.0
63230,237.0
45223,364.0
57605,311.0
71550,815.0
10312,171.0
24059,351.0
23005,200.0
95055,471.0
86218,202.0
61436,240.0
42160,187.0
27580,2446.0
08412,154.0
72268,709.0
71195,222.0
50246,71.0
57274,866.0
91180,325.0
62436,161.0
59325,858.0
56189,1067.0
29286,241.0
36055,999.0
64095,589.0
26008,1359.0
88530,2579.0
67084,2207.0
55466,287.0
68052,188.0
80578,710.0
49090,1015.0
50443,515.0
61475,638.0
69291,5965.0
11306,50.0
32178,78.0
51088,453.0
23026,364.0
37123,4335.0
56191,430.0
56181,2679.0
58236,137.0
21345,198.0
79256,250.0
72359,1436.0
59225,6752.0
78686,16960.0
56122,1701.0
36203,57.0
63363,286.0
63332,527.0
52160,62.0
86181,215.0
04028,121.0
54057,71.0
73025,531.0
78442,3340.0
40013,95.0
58233,184.0
60415,144.0
78423,31777.0
09268,1377.0
32339,249.0
69160,1036.0
972218,4551.0
19254,201.0
30033,5581.0
10062,198.0
53145,544.0
68114,147.0
74166,1902.0
57398,508.0
45220,572.0
17365,471.0
54059,749.0
68297,22698.0
77326,6294.0
35329,540.0
76112,374.0
58264,1832.0
59275,1237.0
52060,1969.0
03133,515.0
17200,7387.0
51608,83.0
51642,110.0
24209,134.0
61122,82.0
28426,486.0
68153,723.0
46260,230.0
21626,64.0
42134,1390.0
60667,3819.0
13007,12839.0
62820,806.0
45233,394.0
57747,263.0
42337,220.0
51039,93.0
02634,89.0
68331,1949.0
89346,3201.0
67165,384.0
34088,6654.0
94033,51812.0
29048,2217.0
84119,5119.0
80744,57.0
08043,1612.0
32346,209.0
53240,429.0
19278,2462.0
12243,959.0
47260,388.0
08148,266.0
57580,185.0
30102,537.0
73091,212.0
80480,112.0
84124,908.0
80270,6.0
89139,1069.0
63459,514.0
52057,101.0
32116,140.0
01289,6448.0
65283,48.0
52212,305.0
974406,6821.0
08218,1318.0
81159,462.0
07197,2704.0
45173,4662.0
35084,683.0
59166,1347.0
18278,547.0
78196,282.0
34329,2736.0
33205,1387.0
55315,115.0
87039,802.0
25210,163.0
45030,1998.0
38097,5023.0
87103,1594.0
24558,626.0
88408,3497.0
42330,7783.0
43252,25.0
65270,204.0
73103,2992.0
25377,233.0
76364,268.0
59437,845.0
91204,744.0
73042,254.0
34318,741.0
07319,8901.0
82004,134.0
90023,1179.0
57187,360.0
67252,1082.0
15207,345.0
17350,859.0
51049,582.0
27424,331.0
69245,724.0
02236,326.0
67312,460.0
25455,197.0
27051,2764.0
24381,212.0
32453,106.0
09276,219.0
57083,1184.0
80073,153.0
28019,199.0
27389,479.0
77317,5222.0
39272,48.0
22054,3909.0
59577,693.0
42251,566.0
23222,164.0
61017,83.0
74176,1885.0
69037,831.0
19056,406.0
41130,663.0
62565,74.0
52516,50.0
24407,242.0
11197,615.0
51048,169.0
10316,209.0
89387,27034.0
23025,1352.0
57427,564.0
45111,453.0
38326,372.0
87182,1204.0
93046,46028.0
65256,145.0
88196,7833.0
28167,381.0
44119,2023.0
26348,1638.0
21086,1258.0
04163,498.0
47219,177.0
23219,1158.0
11372,377.0
52092,111.0
08141,185.0
59642,594.0
25008,464.0
35336,189.0
14397,318.0
83127,3059.0
27300,528.0
02527,466.0
14651,278.0
67473,951.0
90081,766.0
09045,197.0
50055,115.0
65198,1168.0
54048,336.0
46102,9770.0
42019,3029.0
24027,357.0
06058,615.0
02393,138.0
2A232,277.0
79252,338.0
56063,2592.0
89367,544.0
19022,220.0
38517,7706.0
67208,536.0
60522,315.0
67113,429.0
36128,1651.0
26211,1369.0
42067,295.0
27618,463.0
05167,85.0
61467,348.0
11291,131.0
62199,675.0
08476,419.0
84055,1595.0
50181,345.0
23031,1242.0
71179,80.0
03097,358.0
26304,239.0
60440,590.0
31206,1322.0
08409,16608.0
33141,735.0
54492,158.0
76359,146.0
62005,965.0
24543,1118.0
51316,271.0
31404,103.0
33320,731.0
25591,150.0
50356,785.0
88134,643.0
39418,97.0
43043,479.0
57678,2383.0
60420,510.0
76032,138.0
76381,127.0
03231,187.0
73235,544.0
35316,835.0
45240,1332.0
77409,2828.0
51231,666.0
08294,137.0
89117,217.0
49107,474.0
61385,348.0
67355,1114.0
07228,851.0
49035,6690.0
59507,19437.0
64396,1124.0
88053,157.0
09020,33.0
91547,473.0
88271,302.0
70015,267.0
85286,554.0
21619,220.0
26381,943.0
21230,380.0
12205,771.0
86062,4767.0
38488,593.0
10443,42.0
26319,563.0
89261,271.0
08308,89.0
36219,652.0
30286,794.0
01240,629.0
60670,4734.0
75113,178350.0
54459,2335.0
51436,917.0
63137,173.0
71498,140.0
11093,28.0
53022,502.0
25062,300.0
02198,233.0
02583,53.0
73121,1933.0
40171,124.0
16273,118.0
21448,92.0
83037,1592.0
57358,1071.0
23013,1177.0
71459,337.0
10108,85.0
77442,2426.0
40205,246.0
45216,128.0
65079,193.0
57537,6216.0
27662,343.0
18181,539.0
34119,1525.0
21181,128.0
56047,1498.0
36024,124.0
42188,253.0
62572,609.0
30275,323.0
62858,253.0
89008,154.0
62642,737.0
49028,122.0
16026,1378.0
76698,508.0
36233,780.0
42058,250.0
39475,2368.0
57418,312.0
37014,3442.0
60196,1058.0
65210,35.0
29174,6347.0
17265,1222.0
81012,118.0
51585,783.0
30244,350.0
17118,330.0
80802,553.0
90042,2026.0
33259,1386.0
62715,281.0
53088,816.0
57565,1004.0
68080,310.0
34175,204.0
21005,1478.0
32412,862.0
86019,2947.0
24540,1612.0
31370,133.0
49344,1252.0
02021,79.0
01248,2227.0
78623,957.0
50572,190.0
86195,556.0
59618,907.0
87049,1287.0
42317,119.0
33026,512.0
61089,99.0
47242,511.0
32089,232.0
33399,290.0
10078,26.0
50165,3103.0
69216,587.0
15258,1885.0
33524,311.0
28203,634.0
19272,13992.0
12253,1017.0
48004,217.0
13092,8643.0
65202,328.0
76323,156.0
35028,724.0
51546,507.0
60150,1143.0
68276,192.0
54295,981.0
76657,1167.0
14456,3378.0
21570,172.0
88185,104.0
52398,617.0
59349,1901.0
78043,3650.0
24386,200.0
38332,3374.0
67232,204.0
25139,609.0
36086,389.0
03302,38.0
70059,477.0
47011,199.0
38338,729.0
95584,661.0
63438,496.0
24057,70.0
08329,509.0
48140,4096.0
48107,184.0
58174,120.0
59261,1739.0
71335,64.0
62793,1134.0
30268,599.0
54436,158.0
74055,568.0
28193,127.0
43159,944.0
11162,54.0
67296,2094.0
62438,535.0
68077,372.0
30040,126.0
55388,275.0
80316,1974.0
24268,693.0
27589,971.0
61164,244.0
47065,2568.0
02645,200.0
46035,179.0
77176,3013.0
74090,1428.0
53008,1832.0
63044,440.0
26223,519.0
63289,269.0
44183,2848.0
28287,989.0
17076,323.0
11094,29.0
80814,450.0
35166,1018.0
35152,8507.0
88173,475.0
54432,1794.0
81244,2059.0
72118,1439.0
18180,2108.0
10128,73.0
34163,4164.0
46215,650.0
65216,99.0
46290,345.0
25021,1619.0
17121,1104.0
24512,293.0
52391,311.0
54193,65.0
89210,125.0
16310,219.0
04244,1638.0
46065,422.0
26281,32911.0
10252,62.0
22157,663.0
51068,200.0
25340,193.0
10196,221.0
56057,2808.0
07335,213.0
07290,271.0
67226,2093.0
44168,4139.0
971114,7638.0
59370,699.0
53213,485.0
23095,1195.0
03070,137.0
54098,166.0
16254,216.0
62623,709.0
18138,1905.0
34033,2153.0
23236,257.0
68148,358.0
10163,41.0
57727,125.0
60687,371.0
32085,174.0
51315,140.0
49343,3189.0
72177,347.0
40137,287.0
57154,612.0
11125,151.0
27485,816.0
15214,172.0
05132,2080.0
32209,278.0
07139,101.0
37015,3080.0
95018,107221.0
60344,508.0
62553,280.0
14260,235.0
11018,1202.0
66042,283.0
44129,11075.0
81230,723.0
59406,429.0
38362,1182.0
71342,9239.0
59216,356.0
86192,176.0
18225,265.0
25378,338.0
58225,370.0
52370,256.0
15042,244.0
80791,819.0
27091,765.0
64028,128.0
65166,46.0
89049,22.0
69078,840.0
02302,340.0
52482,96.0
28075,1012.0
39077,44.0
02544,610.0
38183,513.0
80199,520.0
52220,143.0
01254,2145.0
62768,107.0
21577,1323.0
31325,183.0
60462,2837.0
52055,119.0
37223,336.0
61390,162.0
79134,555.0
76712,883.0
07112,271.0
95660,775.0
80067,190.0
35039,2147.0
24572,189.0
22281,1532.0
24122,95.0
40002,1560.0
11398,254.0
65471,210.0
64038,3457.0
52203,147.0
76440,209.0
57122,682.0
973360,9818.0
70100,121.0
36187,136.0
36019,312.0
25506,90.0
34108,23808.0
39014,217.0
54213,373.0
70197,780.0
53154,893.0
57324,613.0
973357,9120.0
70395,56.0
89440,409.0
71191,479.0
73293,453.0
23040,155.0
64364,598.0
25491,111.0
46052,254.0
04188,885.0
70359,53.0
32121,499.0
50164,996.0
06160,93.0
88504,174.0
29270,1667.0
57090,107.0
35058,1300.0
86073,521.0
88154,85.0
85072,1048.0
91593,1594.0
03215,544.0
21219,149.0
74177,1103.0
81268,71.0
54601,96.0
62536,637.0
41255,330.0
10014,187.0
67311,2228.0
74287,914.0
71079,466.0
80592,510.0
11346,135.0
77311,1384.0
53119,4435.0
11199,1532.0
39412,303.0
62792,1147.0
68264,627.0
31202,6538.0
21342,426.0
21267,507.0
58289,174.0
18058,1394.0
51426,65.0
54222,1321.0
60335,154.0
38043,1597.0
76711,4424.0
77414,484.0
54575,1550.0
21082,56.0
62397,5545.0
14236,619.0
88520,290.0
61075,1162.0
80652,775.0
60402,2320.0
51053,73.0
24545,99.0
21163,188.0
57474,5720.0
55568,279.0
62016,188.0
31310,340.0
09102,176.0
43059,110.0
60697,34.0
08426,92.0
54446,64.0
35252,918.0
17409,3387.0
10383,180.0
39393,64.0
39476,1840.0
11139,75.0
30283,187.0
88347,117.0
81041,111.0
01190,89.0
15268,1278.0
88418,445.0
32397,242.0
60443,586.0
64232,219.0
28086,312.0
23177,1079.0
40264,1779.0
67004,1524.0
57125,415.0
51311,206.0
62751,808.0
76260,1675.0
60666,1143.0
55511,114.0
88309,169.0
43125,95.0
51344,1469.0
76280,140.0
22341,697.0
29217,2813.0
62309,1619.0
14391,418.0
56117,4626.0
02360,2784.0
89184,129.0
39118,51.0
19040,149.0
08034,334.0
21394,154.0
45105,80.0
33278,230.0
11342,233.0
14614,763.0
55359,207.0
26316,215.0
26183,1192.0
76176,349.0
19014,221.0
84135,1688.0
09139,105.0
45326,386.0
25313,195.0
68081,588.0
55215,1053.0
51513,491.0
38278,511.0
60276,204.0
29291,957.0
86080,495.0
67541,528.0
02277,341.0
91648,2252.0
39143,33.0
13098,5816.0
40158,278.0
61384,259.0
19036,1410.0
79064,793.0
09287,8.0
76229,393.0
32093,103.0
56035,1138.0
18032,1377.0
54375,1086.0
55097,308.0
39094,160.0
16253,361.0
09130,734.0
63374,304.0
51583,193.0
62779,192.0
2B354,428.0
72169,1486.0
64505,291.0
76450,263.0
61176,135.0
45335,1956.0
72026,1514.0
53073,907.0
12203,528.0
16203,121.0
11195,390.0
22354,1105.0
22338,756.0
55021,74.0
85174,683.0
52330,67.0
19255,1797.0
22221,1745.0
24417,462.0
34015,162.0
45010,1071.0
64303,156.0
01384,2173.0
60046,336.0
86223,892.0
65096,69.0
60614,192.0
82133,90.0
76434,1171.0
55113,155.0
39234,82.0
78302,163.0
55385,498.0
32215,156.0
47098,337.0
69255,6091.0
44164,2353.0
21456,153.0
31541,3266.0
54354,51.0
22195,2304.0
42277,338.0
38189,4707.0
95459,712.0
50576,940.0
05076,98.0
44075,1794.0
26083,1817.0
65264,307.0
01283,22277.0
43246,454.0
83060,486.0
77383,831.0
27192,607.0
54304,14671.0
58304,1057.0
43110,834.0
08385,1070.0
64357,62.0
25413,1019.0
02414,200.0
27246,1818.0
39145,296.0
85185,649.0
56221,1734.0
18125,1067.0
35012,7570.0
92063,78186.0
91378,371.0
62721,1957.0
38292,2586.0
57676,89.0
82170,557.0
07185,711.0
25516,125.0
64517,159.0
68141,2177.0
39174,65.0
35233,1593.0
06014,950.0
33275,100.0
59173,1819.0
55118,91.0
37021,1765.0
70479,94.0
72321,504.0
39178,82.0
26100,465.0
67046,12435.0
32162,1173.0
03180,651.0
48161,59.0
01049,3361.0
28082,654.0
58188,110.0
21489,60.0
76133,429.0
52223,66.0
55100,81.0
60442,139.0
33292,135.0
71038,472.0
50263,376.0
46174,234.0
70242,130.0
48094,936.0
91021,11281.0
51273,72.0
61241,411.0
07205,1408.0
25345,661.0
45249,913.0
80402,130.0
80696,1207.0
52126,155.0
06050,526.0
23076,1291.0
89055,3110.0
57336,5182.0
02397,1219.0
24376,1414.0
72049,250.0
79156,682.0
36194,937.0
87199,717.0
08155,98.0
37200,985.0
11279,2795.0
62022,301.0
36134,404.0
78006,646.0
24136,111.0
79329,14000.0
65046,97.0
14712,3446.0
81004,49714.0
39030,856.0
02688,43.0
74063,1193.0
78384,1322.0
61494,1202.0
28249,619.0
10104,299.0
65211,151.0
56256,114.0
08301,69.0
51009,797.0
31285,803.0
89271,106.0
21179,917.0
65054,591.0
29184,2567.0
03066,321.0
17104,1112.0
43245,226.0
02007,120.0
24327,123.0
46115,160.0
32315,150.0
51089,64.0
57213,770.0
74302,1105.0
36171,1995.0
21566,138.0
63224,1642.0
62103,127.0
25152,152.0
72145,388.0
80110,472.0
51650,47.0
31422,94.0
27458,2596.0
42257,845.0
72198,2642.0
10070,483.0
95680,28836.0
61426,546.0
70265,144.0
60474,286.0
11141,127.0
64512,268.0
18046,158.0
58269,418.0
17397,2453.0
76421,928.0
88002,70.0
40224,3673.0
18060,47.0
70405,195.0
08428,145.0
14449,406.0
11338,38.0
64081,236.0
14543,2508.0
49222,2040.0
29026,5144.0
41153,145.0
05063,477.0
02265,88.0
80021,133625.0
11175,484.0
12096,4624.0
68050,405.0
31287,3465.0
21580,131.0
82066,610.0
52075,173.0
32347,274.0
44163,4828.0
62421,373.0
38325,517.0
51143,60.0
26104,91.0
22342,435.0
65095,324.0
66086,19.0
80725,4099.0
2B047,270.0
63353,487.0
91667,7120.0
77446,593.0
35331,2516.0
41040,798.0
34048,305.0
28332,1094.0
71315,186.0
86008,337.0
08287,140.0
28087,234.0
76361,720.0
95353,1806.0
36069,1192.0
02206,73.0
06073,653.0
25222,1618.0
91001,332.0
37281,3346.0
54478,150.0
33086,362.0
01116,493.0
63443,430.0
60064,961.0
35208,5471.0
86022,250.0
77209,1178.0
39579,883.0
78513,2381.0
64029,659.0
51384,381.0
65289,107.0
61244,272.0
38276,2632.0
24523,418.0
04057,178.0
21300,355.0
973304,24612.0
64473,358.0
83109,245.0
71403,270.0
50230,910.0
67458,5050.0
61255,526.0
16098,138.0
64147,2876.0
06134,535.0
77245,395.0
10100,1142.0
57455,141.0
76677,365.0
60169,810.0
33066,96.0
32435,163.0
08280,72.0
41068,495.0
80422,558.0
18211,708.0
70313,427.0
43244,3123.0
89273,271.0
76353,102.0
48008,187.0
73075,583.0
35101,1224.0
77173,822.0
81185,241.0
01418,1156.0
76107,293.0
17234,360.0
53015,1961.0
57048,71.0
63170,619.0
54531,61.0
74069,799.0
81271,9576.0
83125,2617.0
51501,195.0
24026,4363.0
57448,239.0
14137,3133.0
52023,147.0
25170,1405.0
60425,489.0
70471,23.0
22034,1528.0
65133,229.0
27226,3684.0
89311,1320.0
04072,112.0
65327,186.0
64151,99.0
11098,900.0
10397,170.0
48100,137.0
91067,111.0
23171,105.0
45308,3211.0
80721,2394.0
51535,4783.0
38342,318.0
32148,97.0
64380,233.0
35068,7512.0
85187,859.0
53122,763.0
14322,246.0
48065,81.0
30203,327.0
25129,120.0
55454,173.0
38432,955.0
45340,550.0
67269,302.0
77292,1213.0
70357,539.0
89212,358.0
10308,216.0
47139,96.0
81257,6600.0
50199,451.0
51424,192.0
31300,127.0
39312,108.0
56167,2605.0
54236,368.0
64284,7064.0
69095,829.0
03277,251.0
70466,124.0
70528,487.0
68384,2514.0
43088,334.0
80093,1089.0
63408,166.0
27280,835.0
70085,699.0
60258,159.0
62148,827.0
70203,154.0
15180,77.0
24153,401.0
31265,269.0
33464,285.0
91412,729.0
06117,1367.0
76617,1672.0
22023,412.0
17299,23092.0
54257,5377.0
12256,363.0
43182,53.0
25246,264.0
30093,108.0
38158,9974.0
33517,1692.0
25026,225.0
18002,190.0
80453,143.0
07159,767.0
57174,105.0
32304,285.0
54439,5144.0
90075,4109.0
60662,506.0
60219,173.0
50302,287.0
14228,5097.0
27439,1134.0
39304,231.0
67471,8120.0
16130,181.0
64501,578.0
75116,162061.0
44172,15527.0
01133,389.0
84031,30769.0
74263,6351.0
80151,300.0
14246,805.0
07181,2888.0
21612,84.0
47018,173.0
68143,1856.0
65032,691.0
24290,154.0
29271,881.0
50093,430.0
08061,37.0
94071,27622.0
78158,30924.0
19192,492.0
23214,267.0
25567,113.0
24247,162.0
31295,82.0
71236,884.0
28294,520.0
76566,665.0
11264,1280.0
31158,169.0
89199,450.0
40080,1127.0
88057,91.0
91635,2066.0
77229,1675.0
62682,65.0
28132,659.0
62851,860.0
25443,65.0
21468,87.0
79164,254.0
09185,3868.0
02635,147.0
26169,2218.0
51142,334.0
61501,419.0
21153,159.0
56240,8977.0
37159,7914.0
38083,439.0
30351,12617.0
14410,1080.0
91461,5314.0
08135,154.0
61067,164.0
54523,421.0
32376,115.0
38217,69.0
24234,377.0
88033,357.0
31571,283.0
21416,1962.0
25327,70.0
68263,626.0
37041,323.0
57403,130.0
48188,248.0
17029,189.0
28089,2620.0
62552,1048.0
14742,71.0
55032,43.0
69075,194.0
80451,130.0
64413,759.0
50117,345.0
54394,242.0
54046,393.0
55382,367.0
76220,523.0
93010,52905.0
67532,1073.0
32455,169.0
51259,194.0
47214,702.0
21634,135.0
44220,1673.0
54325,78.0
25096,171.0
69061,1204.0
68149,7339.0
17358,301.0
64058,460.0
55058,321.0
53260,389.0
43090,126.0
63471,877.0
02332,274.0
65367,160.0
57370,2260.0
03075,158.0
52273,123.0
18035,1011.0
23248,351.0
01321,896.0
79111,288.0
35184,6410.0
55464,152.0
89350,254.0
42051,538.0
35234,1245.0
25342,78.0
69028,6661.0
76475,6067.0
27615,196.0
38257,442.0
80785,540.0
34097,494.0
63010,1792.0
70468,89.0
61219,161.0
85274,541.0
64521,600.0
62056,624.0
91692,25253.0
24553,1745.0
78237,158.0
31217,76.0
62059,287.0
24546,35.0
21346,295.0
25582,145.0
45197,1818.0
16132,991.0
88343,167.0
11174,59.0
67436,497.0
59281,1259.0
17242,875.0
10109,219.0
33123,2694.0
70349,236.0
05099,102.0
71201,191.0
71334,381.0
44190,28283.0
02351,113.0
39259,41.0
51197,84.0
40222,788.0
36096,203.0
74010,131715.0
21595,152.0
50162,1638.0
51274,117.0
58067,1506.0
54030,80.0
24409,1168.0
32112,258.0
14159,235.0
11229,26.0
81249,872.0
76297,225.0
31531,75.0
59157,2169.0
25307,927.0
02201,458.0
72264,12096.0
74156,703.0
89427,676.0
80401,127.0
05045,1136.0
85015,1600.0
29038,995.0
33016,433.0
72204,510.0
02108,152.0
88251,1112.0
28366,321.0
61150,734.0
91086,10862.0
60533,1733.0
971132,7625.0
14664,318.0
51566,292.0
60134,2654.0
26059,209.0
27445,244.0
62086,408.0
06144,539.0
59105,1548.0
30106,753.0
82082,194.0
39268,60.0
65094,128.0
80526,151.0
34342,215.0
33541,1095.0
30097,282.0
31519,208.0
54403,1173.0
57606,15045.0
33311,1207.0
51558,141.0
72086,138.0
30276,3613.0
18117,502.0
43212,1002.0
34261,244.0
59300,549.0
68255,1348.0
08161,35.0
65320,825.0
50469,309.0
91433,4405.0
24393,87.0
61074,629.0
27569,245.0
84026,4292.0
29018,440.0
61446,158.0
43024,845.0
31268,137.0
55057,78.0
62652,1593.0
77108,54309.0
64064,469.0
49244,18331.0
46128,3482.0
71090,4082.0
78349,501.0
68347,660.0
80078,519.0
03300,535.0
44139,1488.0
70119,367.0
21446,256.0
65354,79.0
33369,670.0
15092,1368.0
12197,1961.0
83136,2613.0
67085,697.0
60254,547.0
59609,1546.0
2B337,155.0
04145,1480.0
21327,248.0
57708,2005.0
14468,341.0
36145,209.0
80591,148.0
40059,770.0
26139,2415.0
27404,86.0
08064,312.0
77095,1575.0
19039,223.0
33330,3393.0
2B072,54.0
15181,568.0
59536,857.0
17032,821.0
31105,235.0
28016,113.0
83004,7580.0
72290,1830.0
65428,62.0
91215,11869.0
24296,1150.0
33543,1035.0
60008,363.0
46187,525.0
76638,1090.0
88461,205.0
68177,1477.0
2A336,538.0
21482,636.0
62147,394.0
56152,2552.0
32433,701.0
31210,1336.0
25264,83.0
39179,233.0
39073,181.0
07003,170.0
16111,172.0
70134,212.0
14473,110.0
88470,1515.0
73310,532.0
89020,113.0
85092,13471.0
22370,352.0
76470,654.0
46044,599.0
28110,4089.0
21512,366.0
03248,162.0
02703,1084.0
61165,719.0
40226,201.0
07245,2511.0
23194,120.0
60198,384.0
76333,473.0
85206,398.0
13024,2628.0
08393,66.0
60511,410.0
27353,469.0
68182,1254.0
52083,729.0
89128,138.0
07210,523.0
62344,109.0
70069,43.0
23211,427.0
76146,2805.0
25181,149.0
72187,1609.0
14380,187.0
60399,251.0
12091,455.0
14181,5170.0
32432,246.0
42043,1797.0
28067,86.0
19042,635.0
03073,605.0
33010,546.0
41154,1078.0
974414,53935.0
62335,513.0
50552,329.0
79061,3858.0
66127,1202.0
06116,213.0
33235,229.0
88399,210.0
80690,633.0
09113,576.0
64306,703.0
69215,902.0
85278,1463.0
23221,193.0
39028,458.0
2A163,554.0
17344,1339.0
61484,3369.0
30146,1502.0
43054,172.0
59503,204.0
72160,585.0
973310,3409.0
40170,231.0
72255,792.0
54292,182.0
78380,6024.0
54578,14761.0
70460,423.0
33510,224.0
67412,1030.0
28013,1537.0
26168,526.0
53012,460.0
65422,335.0
89360,372.0
60363,221.0
08438,103.0
33005,12472.0
42147,16064.0
36161,950.0
91540,5220.0
22047,916.0
13203,53115.0
88314,96.0
31375,3096.0
70438,213.0
63235,551.0
28375,364.0
49099,53936.0
13205,45449.0
67502,212.0
55414,180.0
60260,675.0
43028,464.0
40169,126.0
72281,449.0
17133,869.0
60575,3450.0
41212,3159.0
80056,96.0
66149,6124.0
62909,431.0
06125,153.0
43193,160.0
45056,317.0
05059,944.0
64023,905.0
32185,148.0
69134,233.0
60310,601.0
28004,314.0
76418,1035.0
54473,288.0
89222,220.0
11215,871.0
35027,1756.0
69152,10515.0
79147,740.0
46111,175.0
02403,255.0
34295,1783.0
70098,202.0
26032,453.0
70198,1242.0
03085,637.0
42323,8992.0
83113,2394.0
88149,53.0
40218,471.0
91408,1279.0
62033,4517.0
61396,82.0
62661,509.0
76172,161.0
22026,729.0
95422,338.0
51447,481.0
21164,145.0
76204,255.0
70014,414.0
18250,67.0
18227,167.0
71384,519.0
61351,134.0
51329,1409.0
88003,61.0
2A130,3349.0
21057,352.0
33171,226.0
72277,113.0
54320,324.0
51613,1015.0
60641,1707.0
19225,180.0
63107,523.0
65180,15.0
59667,238.0
29225,2143.0
69259,66363.0
07111,180.0
39559,393.0
59342,227.0
55492,974.0
59340,4124.0
33529,26556.0
31099,421.0
39514,187.0
54152,3110.0
89143,312.0
83130,12080.0
19105,491.0
31291,9474.0
38413,424.0
86292,945.0
21515,8869.0
21131,471.0
70388,1976.0
31408,83.0
95282,151.0
08262,574.0
60250,413.0
89393,112.0
88098,903.0
88128,248.0
87077,526.0
39188,346.0
68156,3491.0
69387,85897.0
2A085,1481.0
36158,774.0
02648,1904.0
63465,430.0
05087,536.0
46294,142.0
30352,1841.0
92075,28014.0
43112,3437.0
33447,2389.0
51278,282.0
31377,693.0
51457,648.0
13017,1519.0
50540,626.0
76109,170.0
81297,1210.0
48042,926.0
23164,476.0
62156,585.0
59125,407.0
56015,2109.0
57194,1215.0
76084,120.0
07091,322.0
64554,221.0
51025,1106.0
81070,3001.0
17059,1418.0
50216,798.0
21183,1062.0
80247,719.0
41281,423.0
25191,453.0
54425,2460.0
19025,356.0
26300,48.0
27369,76.0
64173,163.0
79297,349.0
27631,370.0
35151,794.0
14135,278.0
89430,324.0
17466,2339.0
91105,8873.0
29103,16206.0
28122,1495.0
24388,493.0
01177,184.0
65040,308.0
39329,167.0
70064,140.0
55420,72.0
77515,699.0
13006,1541.0
15072,218.0
30182,1394.0
24367,175.0
89325,89.0
43080,1986.0
26063,2258.0
33386,192.0
26001,427.0
49217,781.0
10197,166.0
27205,427.0
02019,355.0
22025,2235.0
26308,155.0
89069,516.0
85028,591.0
80346,161.0
51246,222.0
57046,746.0
28091,146.0
69156,2657.0
64371,2954.0
27668,680.0
62101,133.0
49209,449.0
70224,711.0
21517,502.0
57280,363.0
68311,597.0
12142,622.0
25099,239.0
16210,790.0
37027,5280.0
55201,63.0
80538,112.0
54201,311.0
61451,316.0
21458,1146.0
2A196,60.0
23218,96.0
60159,40394.0
11379,5583.0
28139,176.0
17467,235.0
80083,140.0
60137,291.0
72254,263.0
57060,519.0
33218,1616.0
70455,1482.0
51345,290.0
88242,43.0
33149,151.0
58274,109.0
06162,719.0
31560,482.0
45193,2168.0
14033,211.0
44047,23057.0
31223,40.0
46199,343.0
80392,569.0
2B311,792.0
10174,171.0
34174,853.0
51577,152.0
2B007,202.0
70454,52.0
40318,316.0
60510,673.0
31509,162.0
73261,2469.0
61215,359.0
09221,249.0
68291,1058.0
76221,192.0
57670,132.0
21555,1615.0
87004,119.0
11295,1305.0
73010,6329.0
29188,2878.0
57496,335.0
35019,1863.0
81120,6538.0
57103,118.0
81240,101.0
50373,86.0
46245,86.0
72220,887.0
60218,1643.0
28341,252.0
35334,8582.0
88158,3099.0
25049,135.0
77371,3015.0
26194,596.0
19037,1164.0
02100,139.0
46229,1003.0
58266,181.0
31250,675.0
23170,210.0
42090,484.0
65330,227.0
66223,207.0
59566,4762.0
24398,589.0
55184,1639.0
77355,176.0
32071,172.0
24046,113.0
37036,199.0
46127,3946.0
80313,294.0
43037,276.0
46197,1081.0
01030,830.0
59004,1358.0
65347,47.0
31342,185.0
09312,3246.0
81251,924.0
41075,1017.0
80684,106.0
28170,281.0
62298,527.0
65176,81.0
92020,36777.0
24084,103.0
47119,546.0
29183,718.0
62325,941.0
77421,252.0
30028,18248.0
86049,486.0
52022,184.0
08401,223.0
72089,1835.0
46021,714.0
80680,2962.0
77287,502.0
49288,223.0
85148,822.0
86111,1714.0
64146,336.0
89118,790.0
32030,126.0
74071,232.0
62217,2702.0
59528,1561.0
36123,970.0
2B086,181.0
55191,224.0
11262,56395.0
12259,643.0
03214,347.0
02336,981.0
01410,292.0
35286,296.0
42241,392.0
35178,1756.0
21040,93.0
67401,302.0
2A131,154.0
31386,221.0
2B079,504.0
80203,87.0
47252,6496.0
27364,186.0
80386,177.0
46321,369.0
67354,522.0
22208,1729.0
70524,117.0
64033,131.0
80100,617.0
81005,512.0
02224,344.0
19001,367.0
30074,26.0
74031,3063.0
37238,518.0
24485,424.0
62542,203.0
70420,60.0
14299,831.0
51071,205.0
39490,241.0
05090,209.0
55578,184.0
37124,2497.0
34038,1584.0
76519,74.0
21124,179.0
52232,60.0
18049,489.0
10268,5809.0
54389,103.0
88081,1320.0
26014,617.0
65098,326.0
02651,100.0
65048,776.0
43130,1112.0
52149,88.0
25298,252.0
10255,288.0
25259,1941.0
45063,909.0
07024,649.0
46042,20141.0
17480,747.0
56086,216.0
25045,45.0
57349,146.0
65350,1207.0
67168,1661.0
76664,270.0
80562,195.0
54423,334.0
35105,1723.0
70429,542.0
11206,10302.0
02785,1101.0
71543,5627.0
26318,32.0
50258,94.0
09201,77.0
91546,952.0
80315,512.0
26288,302.0
08245,31.0
69057,587.0
14478,1950.0
25095,289.0
60180,493.0
68032,1257.0
28392,166.0
41127,350.0
01200,210.0
54507,100.0
39507,78.0
47040,2109.0
2A186,219.0
63025,136.0
49231,1448.0
80013,2279.0
27481,393.0
55534,52.0
88325,185.0
07296,1812.0
14270,377.0
81078,1054.0
83106,5422.0
21640,212.0
07304,722.0
33502,499.0
65125,312.0
85194,48402.0
84029,4547.0
57353,72.0
25276,166.0
76739,573.0
51285,138.0
61005,278.0
70097,243.0
04085,61.0
52528,146.0
68015,2607.0
35220,3120.0
27438,2287.0
60047,752.0
38157,3643.0
79346,122.0
19222,338.0
45032,311.0
52325,118.0
12178,367.0
76746,230.0
08492,332.0
54125,486.0
80256,1601.0
57518,323.0
86152,573.0
79010,605.0
87024,853.0
971115,18527.0
17378,425.0
82003,242.0
21333,225.0
31492,552.0
63119,229.0
26287,481.0
56108,1092.0
68091,2299.0
63241,321.0
04245,3219.0
62559,992.0
68250,1031.0
08457,1056.0
59232,435.0
08326,113.0
62157,73.0
2B176,75.0
10290,231.0
11155,79.0
76703,219.0
22226,2453.0
55321,175.0
26040,74.0
42143,514.0
14582,708.0
21322,309.0
32345,555.0
38345,623.0
23220,556.0
56227,580.0
58255,285.0
58211,152.0
16154,5950.0
33536,259.0
56073,1097.0
42168,3682.0
62225,587.0
03157,1037.0
80218,152.0
2A259,67.0
76254,1233.0
15244,463.0
70248,1377.0
45341,195.0
26142,117.0
56009,1010.0
33470,922.0
64342,197.0
37212,789.0
07059,232.0
26248,178.0
24352,3828.0
39354,372.0
33012,3956.0
07291,850.0
82096,3251.0
62844,622.0
15040,99.0
76090,1234.0
77463,3411.0
63216,124.0
77301,322.0
86010,1115.0
88167,229.0
60101,649.0
06126,3375.0
07283,62.0
10107,102.0
02459,155.0
58110,233.0
22368,731.0
25557,432.0
04174,159.0
09141,73.0
32284,67.0
86045,1363.0
49248,8859.0
47259,104.0
71491,1152.0
971122,5576.0
18226,464.0
02638,239.0
24325,772.0
67528,532.0
80433,42.0
21266,204.0
76352,369.0
26274,1.0
22090,1101.0
22009,170.0
58073,120.0
10187,384.0
50146,228.0
17215,46.0
72062,805.0
22248,1834.0
02833,479.0
47201,9373.0
71020,98.0
89179,295.0
58200,148.0
91106,1281.0
14384,3268.0
95323,17175.0
83096,1567.0
86206,136.0
24276,409.0
17372,86.0
81221,232.0
57030,547.0
80508,50.0
01403,1312.0
33287,645.0
50512,533.0
42164,68.0
54338,992.0
32429,304.0
08368,221.0
23155,362.0
21141,36.0
67110,1106.0
32203,249.0
76244,386.0
86025,472.0
59564,3143.0
64443,912.0
64075,165.0
80117,159.0
23190,161.0
60585,277.0
13105,6838.0
51084,82.0
91405,4603.0
26267,25.0
50376,369.0
80634,814.0
94070,4003.0
14509,207.0
27349,858.0
55300,218.0
88506,316.0
35190,246.0
43117,247.0
62301,82.0
80074,122.0
73012,144.0
63103,6294.0
71167,546.0
14480,509.0
81208,569.0
44211,4864.0
14227,217.0
72148,81.0
60374,2555.0
81001,236.0
70194,131.0
25381,2659.0
02453,403.0
33162,24374.0
10389,109.0
41057,164.0
17152,902.0
25504,80.0
34213,6283.0
27504,1234.0
71506,1129.0
72094,630.0
31312,35.0
26323,1893.0
52286,72.0
89073,899.0
85242,1023.0
11026,168.0
80462,339.0
16184,91.0
77192,5757.0
59343,9241.0
38523,845.0
53048,1159.0
62129,95.0
59258,2825.0
37081,1401.0
61070,835.0
02167,886.0
64313,278.0
50548,117.0
60577,1690.0
24067,2613.0
04134,549.0
38160,2316.0
47292,571.0
03249,159.0
65031,752.0
69049,2828.0
69083,1169.0
54294,140.0
07155,1280.0
63042,3762.0
09074,150.0
36211,452.0
27170,1166.0
76290,395.0
28326,353.0
19196,464.0
43100,181.0
52367,41.0
15182,127.0
09258,467.0
63179,1003.0
30050,168.0
80488,1536.0
38379,261.0
56170,1033.0
64462,487.0
51304,166.0
52535,727.0
89415,195.0
41280,2635.0
61505,211.0
2B165,340.0
10332,497.0
78194,223.0
72211,635.0
83035,5285.0
38452,433.0
43064,65.0
12121,743.0
52459,104.0
63307,7869.0
54016,286.0
19143,636.0
77059,702.0
40260,413.0
27463,726.0
16101,1062.0
31026,1071.0
66150,1134.0
59490,188.0
76452,4595.0
43157,18629.0
08487,1894.0
64516,377.0
38450,1477.0
11087,98.0
73048,351.0
52076,425.0
35285,1087.0
18137,486.0
54006,449.0
76546,312.0
59526,15980.0
29282,361.0
93029,71363.0
29084,164.0
16362,318.0
02095,5721.0
24450,570.0
77439,1171.0
72282,525.0
30155,7109.0
57093,650.0
30348,1836.0
60182,178.0
12263,763.0
77051,2356.0
02658,238.0
42201,699.0
24255,586.0
51179,166.0
41061,1560.0
56021,1473.0
79003,5377.0
21545,921.0
89289,289.0
88313,428.0
25016,170.0
74083,2095.0
02367,161.0
57574,523.0
48045,289.0
70275,384.0
31461,289.0
47177,190.0
08319,335.0
87139,444.0
09174,358.0
01381,922.0
21313,46.0
39339,1128.0
77202,814.0
43069,300.0
10151,892.0
09269,367.0
10059,112.0
64102,52749.0
01024,3336.0
02649,311.0
25151,138.0
38018,368.0
62135,306.0
02683,111.0
01388,1119.0
34216,328.0
61078,709.0
66194,235.0
88263,202.0
31261,1179.0
95280,30693.0
22101,1152.0
12106,554.0
79125,1844.0
67288,324.0
39270,536.0
26351,28.0
67237,2491.0
57087,253.0
15192,292.0
16029,221.0
72253,2569.0
27329,757.0
71154,2452.0
27539,387.0
67057,171.0
78382,4355.0
71169,694.0
10149,331.0
57158,234.0
2B361,306.0
10336,400.0
971101,52118.0
55443,590.0
54126,218.0
75114,136368.0
58146,966.0
89349,357.0
03082,6059.0
58253,83.0
01332,809.0
43038,1027.0
52208,156.0
34210,2099.0
12033,2978.0
03198,196.0
57709,308.0
35231,1228.0
56004,1742.0
83095,743.0
72360,1596.0
33518,1085.0
09153,119.0
11411,142.0
23012,109.0
01052,327.0
62576,142.0
31587,1663.0
33353,197.0
67521,462.0
07101,920.0
50273,1426.0
24243,823.0
62353,238.0
85246,2520.0
08128,64.0
63043,445.0
47021,1493.0
46080,802.0
63368,1315.0
76194,403.0
60456,910.0
54550,319.0
76079,175.0
68079,263.0
45035,1134.0
25220,607.0
26227,26.0
33185,2007.0
28023,1344.0
31062,107.0
54496,375.0
2B235,86.0
89108,343.0
40156,579.0
63373,180.0
31177,135.0
10349,2870.0
28363,1029.0
59049,440.0
25561,339.0
67430,748.0
69286,31247.0
60471,12987.0
24405,323.0
31534,213.0
13064,2666.0
27040,448.0
19006,108.0
31284,1630.0
2B162,714.0
88064,104.0
77232,1140.0
36074,536.0
82134,5743.0
26089,61.0
24487,1808.0
70182,127.0
50408,576.0
31539,64.0
80383,95.0
88440,166.0
04204,158.0
17412,644.0
26038,1358.0
29279,2853.0
32357,126.0
21261,622.0
22161,2762.0
80322,170.0
28134,30879.0
81026,701.0
21499,197.0
27267,340.0
57718,219.0
02072,180.0
50088,137.0
22081,4274.0
09002,634.0
91435,562.0
08497,1253.0
54359,246.0
80076,516.0
34223,1196.0
33302,330.0
50049,657.0
31379,169.0
68123,834.0
76538,270.0
40036,3735.0
70001,344.0
2B277,333.0
07305,395.0
38374,3795.0
57291,262.0
08122,758.0
09131,146.0
17086,3597.0
02495,1038.0
05147,374.0
01053,41525.0
31358,3708.0
01302,168.0
69200,1516.0
2B080,136.0
57303,592.0
95676,489.0
07261,1607.0
88190,496.0
02010,169.0
81052,2129.0
02781,457.0
81089,132.0
45222,1449.0
17406,424.0
82079,3792.0
68378,364.0
07168,576.0
64036,312.0
61212,132.0
24132,262.0
13080,5830.0
56202,529.0
08394,72.0
62001,1939.0
66176,3227.0
31464,331.0
71251,592.0
59314,3535.0
23138,162.0
68122,657.0
22129,72.0
39265,198.0
16248,147.0
61316,111.0
44067,5240.0
61393,132.0
2B122,60.0
44054,3058.0
68058,3199.0
30071,430.0
21063,91.0
10159,91.0
41131,823.0
14689,3593.0
42333,596.0
89077,1555.0
38535,265.0
14060,2016.0
69007,2751.0
30291,315.0
80177,695.0
45332,1484.0
76311,426.0
47016,1175.0
69205,5300.0
82106,144.0
55157,51.0
69004,766.0
31043,148.0
71428,766.0
67101,2616.0
12226,423.0
51498,64.0
37146,218.0
95181,301.0
32155,1170.0
64555,165.0
76589,197.0
25586,814.0
25393,551.0
67445,3153.0
18026,990.0
40183,982.0
33024,292.0
27351,1375.0
66080,120.0
25562,209.0
74215,1267.0
90030,175.0
30225,1600.0
03124,220.0
54401,127.0
37091,2439.0
57552,827.0
38472,242.0
70385,314.0
40146,167.0
35283,1370.0
66002,3619.0
02447,140.0
80465,193.0
04173,1023.0
60217,217.0
69108,1062.0
07115,678.0
67047,156.0
25017,88.0
2A330,502.0
24129,486.0
70062,143.0
90028,377.0
89214,192.0
21367,261.0
51081,323.0
41041,156.0
83042,11762.0
55141,84.0
28414,56.0
14062,444.0
64045,70.0
16209,823.0
95604,4216.0
67467,379.0
32003,43.0
80415,1020.0
39208,155.0
65057,973.0
54406,278.0
02582,78.0
58026,142.0
59472,838.0
14733,320.0
84111,332.0
41063,496.0
55409,62.0
71139,148.0
84062,1673.0
58227,1218.0
24299,2776.0
37160,346.0
39216,307.0
40077,797.0
50637,322.0
57003,1418.0
14745,231.0
60055,338.0
57111,511.0
51475,63.0
88428,1809.0
14514,4953.0
60078,119.0
50266,446.0
82083,118.0
16400,594.0
52003,144.0
11148,567.0
71178,880.0
49155,1427.0
31429,2251.0
09033,36.0
55128,42.0
14626,958.0
35216,1793.0
06157,19415.0
01121,117.0
28153,208.0
26203,278.0
56147,4810.0
25301,856.0
65151,150.0
67331,1348.0
19184,132.0
69277,13483.0
11068,1470.0
36227,243.0
60099,175.0
60139,9980.0
30094,149.0
971121,5888.0
63281,1050.0
52304,48.0
47069,3138.0
02424,102.0
32005,330.0
72303,729.0
71371,1572.0
52318,246.0
61331,128.0
27021,337.0
40049,384.0
32166,112.0
80734,208.0
02111,718.0
58105,305.0
65082,46.0
33032,7842.0
85114,2858.0
24581,889.0
61406,299.0
39061,109.0
28107,349.0
21268,199.0
14542,590.0
59487,1393.0
42269,187.0
2B299,105.0
03190,19343.0
50185,1070.0
31330,492.0
66036,33.0
24438,234.0
31237,236.0
21377,45.0
27316,1294.0
10225,235.0
61466,1423.0
50195,264.0
08063,134.0
54330,421.0
57099,241.0
62902,3323.0
52473,89.0
80555,583.0
29247,3508.0
81110,99.0
39327,870.0
60517,841.0
07085,588.0
80053,72.0
40291,1791.0
25059,267.0
90082,278.0
21690,95.0
21232,199.0
42311,1473.0
45066,682.0
50371,401.0
18215,137.0
37100,400.0
44111,2310.0
14460,1356.0
26355,631.0
02729,77.0
33068,98.0
57619,464.0
67206,1142.0
58032,352.0
14419,250.0
65384,172.0
03233,388.0
61108,179.0
85221,2723.0
57430,323.0
11274,368.0
52510,357.0
62714,777.0
17122,233.0
32151,62.0
10206,132.0
16385,1141.0
23133,362.0
80520,195.0
71579,172.0
38457,3029.0
62249,8213.0
89009,350.0
46225,2460.0
56027,543.0
01291,852.0
40038,109.0
11395,27.0
04178,1305.0
65242,243.0
46168,190.0
24316,800.0
88369,1842.0
68349,4513.0
54133,114.0
34222,638.0
05004,913.0
34236,68.0
60388,135.0
54411,220.0
64388,112.0
77348,241.0
21414,322.0
89468,417.0
95210,11440.0
33310,189.0
38072,2706.0
27171,368.0
01261,682.0
02102,186.0
69099,1431.0
67371,612.0
34266,525.0
52515,108.0
39457,55.0
79284,775.0
65399,93.0
42069,3029.0
19054,212.0
23065,282.0
13062,4187.0
62010,255.0
57626,515.0
83034,9417.0
54049,524.0
30056,329.0
80020,775.0
16237,221.0
33473,3347.0
74042,12895.0
60342,4767.0
78418,14511.0
02322,381.0
77364,258.0
80782,430.0
88119,178.0
50215,3254.0
62578,101.0
62592,559.0
86291,101.0
77035,546.0
69388,86326.0
23238,373.0
27026,452.0
34322,784.0
26327,226.0
71436,974.0
88281,407.0
38434,655.0
73187,2569.0
31476,924.0
25448,1560.0
17459,558.0
70445,118.0
38176,2109.0
65420,80.0
59181,539.0
64436,857.0
09325,33.0
67526,1624.0
48192,90.0
88230,37.0
14020,3848.0
02620,334.0
19285,1288.0
14500,154.0
09089,56.0
43128,140.0
86209,2124.0
70261,1355.0
54288,497.0
64446,153.0
39434,4011.0
02176,207.0
47159,1485.0
40088,21347.0
86070,7099.0
77419,3302.0
47076,279.0
24273,344.0
70024,435.0
41009,677.0
64184,625.0
50041,11223.0
54431,14338.0
23229,287.0
71264,322.0
46269,58.0
80738,125.0
17075,1445.0
95480,5610.0
63422,516.0
27560,246.0
22062,539.0
80375,335.0
58117,4037.0
02558,2505.0
06048,7544.0
08158,281.0
61258,659.0
21275,130.0
30279,689.0
59436,800.0
63222,483.0
80079,306.0
89224,154.0
40082,248.0
80160,1204.0
31029,343.0
28322,479.0
52089,71.0
03054,237.0
14301,4844.0
54069,500.0
56247,3829.0
70104,582.0
59383,12024.0
46022,207.0
68379,1123.0
2A203,94.0
34235,264.0
21083,121.0
62212,508.0
86173,640.0
33058,4957.0
17444,1705.0
71123,372.0
76429,7980.0
88129,104.0
54568,254.0
76116,3991.0
95430,4068.0
64027,183.0
66203,59.0
17416,57.0
07280,963.0
57515,1858.0
86134,218.0
88107,30.0
76251,433.0
77199,1391.0
52181,92.0
60375,389.0
26216,1265.0
11256,628.0
04030,54.0
32355,84.0
29191,3412.0
971104,5035.0
70283,445.0
39455,52.0
09047,1078.0
23261,287.0
21423,764.0
66213,7334.0
02821,668.0
68262,790.0
63432,923.0
67307,443.0
51194,460.0
11325,472.0
77490,682.0
38175,3345.0
76106,566.0
01207,326.0
50628,155.0
59443,375.0
59231,1062.0
52511,54.0
01444,1197.0
54351,1677.0
78624,12388.0
95541,986.0
62666,3136.0
42180,1033.0
27630,323.0
19135,344.0
39025,272.0
95637,16034.0
39106,288.0
61278,1831.0
32438,108.0
2B296,138.0
72308,2096.0
55149,120.0
84012,2389.0
21160,103.0
22356,948.0
55429,50.0
73294,342.0
25104,86.0
30238,68.0
58081,268.0
47228,715.0
67435,827.0
69295,1855.0
01297,914.0
11104,54.0
38223,1909.0
80227,459.0
10348,228.0
61069,163.0
38389,3483.0
44097,2112.0
80514,133.0
69051,1208.0
03052,1085.0
08214,471.0
57513,155.0
80699,114.0
80170,110.0
19199,246.0
01146,437.0
38275,311.0
64066,339.0
07005,1513.0
71512,2922.0
11248,68.0
67117,425.0
55303,70.0
35268,419.0
65146,307.0
25192,167.0
62880,198.0
70331,449.0
21221,42.0
68057,256.0
77219,2655.0
69018,2123.0
76715,626.0
39024,263.0
31273,2947.0
55121,112.0
57389,461.0
21278,8847.0
25082,884.0
76202,328.0
46053,434.0
65018,80.0
42128,398.0
72336,1221.0
25617,350.0
58140,229.0
62398,270.0
39051,432.0
44137,3522.0
62804,361.0
18053,289.0
34039,1626.0
35358,1219.0
01265,3541.0
16020,322.0
38368,1074.0
83006,288.0
40265,111.0
79303,325.0
60311,238.0
22222,4596.0
67356,2493.0
35304,1320.0
81115,1417.0
59071,2296.0
55371,77.0
80566,341.0
31350,81.0
30068,910.0
54027,883.0
80476,345.0
53058,321.0
47158,168.0
04026,151.0
25145,117.0
51010,142.0
07166,242.0
36108,205.0
21639,736.0
18099,220.0
81266,1063.0
35044,401.0
65213,121.0
59277,347.0
53238,515.0
01034,9239.0
35092,829.0
39038,144.0
19150,352.0
32354,131.0
26022,90.0
47310,9337.0
92019,34898.0
45162,528.0
16042,105.0
21389,200.0
51469,111.0
45299,268.0
76426,157.0
50036,433.0
73286,1159.0
89316,251.0
54527,658.0
73217,374.0
69126,842.0
63048,870.0
83131,5912.0
74231,629.0
10203,367.0
03010,413.0
42095,17137.0
41107,477.0
27489,522.0
71577,221.0
31150,8164.0
03311,293.0
42084,159.0
60070,453.0
41129,679.0
21053,199.0
19219,56.0
06097,340.0
13072,3650.0
55370,211.0
25097,476.0
77123,820.0
29109,1518.0
11159,137.0
57107,103.0
70167,353.0
77369,764.0
80554,943.0
65451,747.0
2B073,112.0
22227,793.0
43156,112.0
63005,419.0
33482,263.0
01089,2287.0
18255,979.0
31565,874.0
38240,730.0
04157,673.0
02199,593.0
47130,335.0
08356,174.0
08260,618.0
21067,687.0
11289,962.0
52074,672.0
19085,768.0
14173,441.0
71351,1946.0
81209,2786.0
76017,668.0
21372,78.0
21616,196.0
63188,590.0
33374,844.0
34145,26185.0
21359,57.0
59620,667.0
53224,1186.0
62609,1603.0
19179,205.0
67186,439.0
04027,255.0
78536,340.0
57679,520.0
62472,158.0
17223,183.0
33538,537.0
68030,401.0
78528,356.0
52257,106.0
10122,220.0
67096,325.0
21669,92.0
30003,8685.0
37243,3294.0
02676,1705.0
71235,1918.0
51643,541.0
04199,169.0
62758,10999.0
76378,1726.0
56072,513.0
36127,1556.0
80381,38.0
41002,805.0
59106,755.0
76334,526.0
64093,635.0
64008,263.0
79286,478.0
85121,1031.0
71041,187.0
35054,1851.0
52447,180.0
76368,340.0
62760,270.0
41034,95.0
72271,889.0
80065,88.0
34201,296.0
84049,430.0
65359,24.0
18156,427.0
37261,137658.0
68013,998.0
26173,869.0
66140,3942.0
35245,4119.0
47162,209.0
02156,250.0
42264,961.0
71496,137.0
41282,418.0
85093,1236.0
43102,1122.0
32245,148.0
62889,856.0
62458,1147.0
18088,208.0
51279,182.0
09138,192.0
34131,627.0
54316,307.0
77010,946.0
79029,672.0
57359,173.0
07130,209.0
17257,663.0
21167,117.0
48043,523.0
69386,52007.0
60071,173.0
51103,138.0
47226,520.0
74282,9547.0
02025,365.0
18124,288.0
33514,2922.0
57666,7456.0
61008,1247.0
78440,33977.0
53089,523.0
10028,115.0
57151,145.0
85282,946.0
12130,1112.0
88101,1245.0
60552,246.0
35241,2534.0
59051,6622.0
78586,51220.0
79119,638.0
71064,981.0
22133,630.0
61038,1456.0
06061,92.0
57357,418.0
92060,29228.0
69189,1953.0
31178,201.0
70179,169.0
19138,1262.0
14174,6157.0
25303,225.0
24161,123.0
60010,1757.0
54041,135.0
52122,120.0
59206,3204.0
50178,1282.0
34127,3107.0
32131,143.0
77161,790.0
26160,1246.0
971112,4741.0
08193,266.0
21273,1466.0
80698,216.0
33520,271.0
12183,220.0
83135,1428.0
58058,297.0
71547,252.0
02091,92.0
44198,9031.0
71422,267.0
85146,20605.0
80830,247.0
49211,1224.0
56175,4179.0
24228,499.0
01308,796.0
89329,72.0
64208,433.0
64228,278.0
10303,72.0
69180,279.0
44048,2535.0
24123,122.0
41277,117.0
55063,2435.0
27156,462.0
25527,4986.0
21228,143.0
38144,2876.0
42013,1991.0
09136,75.0
60658,697.0
37172,4191.0
57642,2662.0
80473,292.0
14579,1304.0
54472,851.0
60488,270.0
15087,377.0
07033,229.0
80674,3620.0
82115,2026.0
39569,664.0
2B206,40.0
55355,155.0
24559,332.0
80337,206.0
27063,260.0
51586,186.0
88210,170.0
52392,113.0
68115,1332.0
39180,258.0
04169,107.0
92078,25371.0
62860,131.0
11389,15.0
16112,58.0
55244,225.0
02028,2601.0
57512,720.0
16058,1399.0
59064,1329.0
65141,63.0
30185,1542.0
46123,357.0
14140,359.0
42166,628.0
54074,37.0
67286,1503.0
72085,183.0
41171,1674.0
81276,1238.0
64127,383.0
25604,125.0
70213,218.0
08142,1989.0
39425,85.0
41195,147.0
42199,1912.0
51390,763.0
45094,226.0
28100,461.0
51440,1740.0
62075,1314.0
67481,1090.0
32385,186.0
08254,607.0
64373,1818.0
76154,454.0
27638,3775.0
28254,799.0
33448,3263.0
02014,716.0
61454,582.0
59096,1673.0
58069,162.0
86157,5176.0
63082,402.0
46204,592.0
39337,88.0
25447,337.0
22251,7316.0
56040,3348.0
02492,439.0
80133,222.0
72142,142.0
31362,196.0
62486,1062.0
71307,293.0
35282,2911.0
59576,1752.0
10113,198.0
64242,76.0
42033,619.0
95690,329.0
37217,1614.0
66170,162.0
55041,607.0
27587,808.0
15036,464.0
32140,73.0
59649,241.0
61198,133.0
61386,440.0
64494,265.0
51497,41.0
31092,120.0
38416,7708.0
02293,548.0
41114,285.0
12094,976.0
12199,2009.0
69012,603.0
13039,15469.0
51578,92.0
65019,580.0
55569,163.0
64465,233.0
69258,317.0
91191,9532.0
02343,83.0
26174,1090.0
02732,105.0
82193,129.0
25482,701.0
61072,210.0
50433,1026.0
41062,540.0
86274,1086.0
88168,136.0
12131,1523.0
64061,3440.0
09277,688.0
27671,163.0
66234,67.0
73181,3475.0
16089,3763.0
67161,373.0
974407,33336.0
02491,321.0
06138,1362.0
06110,116.0
52182,2014.0
08235,391.0
53045,675.0
67133,461.0
82069,195.0
02098,377.0
34065,628.0
24208,244.0
25067,190.0
43105,178.0
89232,311.0
28300,163.0
38195,754.0
27412,1548.0
21172,285.0
24448,480.0
17306,19029.0
57460,1460.0
62025,2001.0
65280,438.0
09031,44.0
77193,239.0
77510,1398.0
09308,208.0
65342,92.0
71005,246.0
65199,34.0
38204,187.0
22220,1605.0
80295,595.0
25338,95.0
61037,127.0
46182,1771.0
63157,378.0
63442,52.0
04183,165.0
67150,1507.0
16355,1183.0
91414,378.0
59165,6472.0
62349,1632.0
71018,556.0
51389,808.0
70428,1443.0
62023,2852.0
88153,342.0
70426,242.0
46340,378.0
80206,120.0
25122,531.0
55085,287.0
2A174,100.0
31231,762.0
76237,513.0
77387,469.0
26249,662.0
59626,1262.0
14309,831.0
57058,6433.0
31561,12358.0
08107,1308.0
51444,513.0
45205,257.0
39439,534.0
61166,136.0
55469,91.0
09318,126.0
42213,312.0
43011,179.0
22361,631.0
81281,2009.0
22032,2504.0
22140,616.0
55533,1923.0
50090,615.0
88362,115.0
23049,253.0
47083,107.0
77427,613.0
02777,133.0
62190,1245.0
63255,605.0
79311,1791.0
25510,364.0
90017,1792.0
57677,1002.0
76094,326.0
47188,286.0
03239,261.0
01452,1118.0
93070,53207.0
35176,7202.0
65097,191.0
14044,1057.0
64131,611.0
60129,1438.0
83005,281.0
65370,1105.0
55198,663.0
65071,31.0
65147,609.0
59033,8756.0
03100,1359.0
38258,88.0
37219,1025.0
91514,9477.0
32161,88.0
973314,251.0
47075,1088.0
32182,180.0
67487,1717.0
34020,355.0
40005,208.0
88316,44.0
83126,62763.0
54096,445.0
24446,52.0
21084,61.0
73099,436.0
38094,1983.0
70035,173.0
01454,1127.0
63162,314.0
34243,1911.0
14273,140.0
04156,262.0
88471,99.0
74234,890.0
89056,617.0
79115,549.0
68152,2446.0
42223,6183.0
52088,659.0
40292,1571.0
53099,1092.0
34242,1178.0
79319,859.0
28077,167.0
67001,2504.0
77097,300.0
31467,6454.0
25290,96.0
52118,271.0
31497,2329.0
21714,340.0
71239,687.0
22049,1654.0
38082,1982.0
21452,3146.0
32228,90.0
27061,330.0
2A024,184.0
43237,233.0
81059,661.0
87148,1001.0
61102,403.0
89122,566.0
02555,2098.0
62891,137.0
04115,118.0
59228,1447.0
77398,745.0
94037,19048.0
57707,673.0
50186,226.0
21475,493.0
31354,49.0
09249,147.0
11075,131.0
77260,1800.0
30213,26.0
33179,3058.0
67260,316.0
63036,317.0
64167,217.0
76402,6143.0
40316,842.0
01019,26.0
30184,1563.0
31175,613.0
51085,376.0
83028,2015.0
59613,1473.0
41084,954.0
19287,255.0
71542,1458.0
50232,465.0
65432,176.0
2B301,58.0
2B218,104.0
76422,263.0
80190,1235.0
80182,2377.0
94047,4825.0
78335,17626.0
54252,509.0
09199,695.0
35305,414.0
33234,3639.0
70192,206.0
39114,143.0
77436,908.0
67037,357.0
48038,547.0
56231,3901.0
36215,489.0
85135,2773.0
88348,139.0
70462,80.0
11332,1385.0
60560,737.0
35239,4540.0
02783,137.0
42329,377.0
21272,270.0
58175,154.0
15241,49.0
28154,1665.0
81177,476.0
37279,751.0
67166,255.0
29187,792.0
27493,3247.0
21007,211.0
95554,891.0
01100,131.0
89035,439.0
71386,117.0
50499,493.0
07044,252.0
05108,185.0
80667,135.0
60642,1053.0
18157,790.0
57172,278.0
04019,2539.0
23201,213.0
12127,651.0
03049,427.0
51419,126.0
61203,890.0
81250,280.0
90063,416.0
76104,255.0
62387,355.0
55119,188.0
59587,518.0
01449,762.0
10139,156.0
34313,684.0
42328,723.0
25583,262.0
29235,11791.0
79257,1523.0
77135,1385.0
71025,355.0
15096,272.0
89031,624.0
11014,1488.0
89410,106.0
66046,589.0
02400,152.0
17106,318.0
78410,936.0
40210,1045.0
34314,663.0
60421,395.0
57203,220.0
55477,400.0
78381,1049.0
07243,284.0
63282,1719.0
33051,11095.0
71078,147.0
67011,992.0
04094,2939.0
11023,738.0
21450,167.0
76214,277.0
50537,404.0
54099,7996.0
55485,68.0
60285,302.0
10337,32.0
61096,2924.0
84108,2126.0
43052,186.0
77522,291.0
57329,438.0
71088,221.0
65462,236.0
31364,3110.0
18192,229.0
80194,145.0
01110,163.0
36122,195.0
22225,5411.0
57069,460.0
57732,771.0
18017,284.0
71421,181.0
85144,1561.0
38219,625.0
78192,1394.0
68357,513.0
63458,142.0
22124,214.0
51371,57.0
40034,610.0
76679,115.0
33299,386.0
59179,10207.0
01264,1008.0
33492,2527.0
51275,186.0
47327,384.0
80265,562.0
28162,289.0
27444,219.0
79165,133.0
24507,112.0
02764,91.0
91097,7980.0
44010,2823.0
24494,502.0
85287,450.0
60124,317.0
12010,161.0
21034,134.0
60618,276.0
42193,1422.0
70532,527.0
62796,564.0
22386,777.0
25511,357.0
88171,49.0
59025,1722.0
55027,161.0
59506,476.0
11182,179.0
2B243,38.0
90064,313.0
55515,69.0
73183,1290.0
33246,144.0
73168,116.0
62518,171.0
32407,161.0
24436,1031.0
57042,581.0
50507,351.0
51148,144.0
17138,275.0
86122,68.0
41293,244.0
07026,255.0
32067,49.0
16258,495.0
53046,310.0
58019,84.0
03020,290.0
22166,2511.0
55282,91.0
31472,233.0
33249,23291.0
44102,3305.0
25489,275.0
47112,455.0
03247,1120.0
03005,337.0
36223,143.0
39396,1076.0
71548,242.0
52233,96.0
59274,475.0
81320,151.0
63249,498.0
11257,239.0
05013,131.0
24159,393.0
10334,588.0
32231,428.0
06087,40.0
25573,16.0
25542,1865.0
22095,172.0
14256,325.0
41247,1594.0
81229,132.0
26376,101.0
18150,705.0
62551,246.0
77040,3700.0
36034,2764.0
11070,338.0
61233,230.0
80365,181.0
77151,281.0
46109,523.0
76143,1374.0
24080,461.0
39505,57.0
33197,454.0
91330,5509.0
73007,1747.0
62437,308.0
09274,329.0
02431,381.0
11236,247.0
63079,150.0
21045,225.0
28037,341.0
80792,244.0
57387,292.0
40202,3295.0
61182,423.0
63251,309.0
51490,198.0
14550,89.0
51352,827.0
88499,161.0
55334,170.0
12101,1078.0
67112,2903.0
36184,475.0
65221,261.0
66076,61.0
88193,149.0
69010,6453.0
76559,512.0
86247,536.0
31104,664.0
36061,327.0
33269,382.0
17024,1309.0
62561,186.0
32364,97.0
24353,331.0
80436,521.0
33036,4799.0
25614,2873.0
25112,1329.0
25212,2662.0
25312,64.0
59369,4004.0
22274,390.0
66152,105.0
64552,160.0
08445,409.0
62685,260.0
49329,1349.0
55343,57.0
64172,302.0
47151,414.0
74219,1247.0
33546,492.0
21329,40.0
10235,53.0
37226,4144.0
71402,760.0
21564,393.0
67353,233.0
02433,221.0
62574,233.0
31011,279.0
76117,643.0
67103,1036.0
05180,523.0
02580,814.0
14371,6158.0
71340,1442.0
08226,165.0
14668,331.0
02594,126.0
01419,6136.0
24016,822.0
36040,96.0
77505,387.0
07011,858.0
67391,443.0
02598,681.0
22014,1218.0
42303,257.0
74283,1157.0
59087,741.0
65197,156.0
73156,320.0
02170,124.0
60090,439.0
32080,146.0
2A310,93.0
52524,224.0
37192,1313.0
74307,996.0
78117,5920.0
11438,373.0
65281,258.0
80303,455.0
70150,330.0
33428,83.0
88040,238.0
32247,305.0
52385,29.0
06054,5238.0
51052,609.0
01306,1629.0
45265,401.0
51041,99.0
01087,279.0
39244,160.0
03314,1331.0
59555,1420.0
19109,225.0
62312,289.0
33146,2372.0
10134,87.0
37262,288.0
02622,56.0
02154,367.0
84107,1422.0
30070,780.0
77304,26.0
16144,434.0
14080,125.0
08333,229.0
80650,625.0
10254,333.0
40329,493.0
81084,616.0
07342,1182.0
10147,130.0
32150,214.0
60214,189.0
32447,86.0
69013,4215.0
41052,1123.0
04075,396.0
11025,312.0
76316,439.0
27066,302.0
76022,328.0
62257,463.0
57717,177.0
65021,390.0
73089,1294.0
69072,8828.0
08130,84.0
80545,533.0
76652,757.0
71489,579.0
87179,227.0
89413,40.0
02114,1635.0
31431,60.0
68292,2200.0
12129,444.0
31397,51.0
59636,10798.0
88108,472.0
02263,113.0
17312,822.0
81303,406.0
63293,215.0
38353,920.0
71443,1639.0
08406,366.0
25154,258.0
32423,65.0
05116,211.0
26023,1133.0
35072,1701.0
70044,401.0
57407,577.0
47006,604.0
42338,1506.0
60368,2595.0
66010,40.0
37201,701.0
77121,3334.0
32219,310.0
80635,1464.0
05021,140.0
18093,136.0
62109,217.0
14752,3130.0
33129,151.0
84130,110.0
24115,2151.0
21695,63.0
68082,7418.0
72329,4054.0
62803,638.0
64533,573.0
39497,96.0
79062,4797.0
76182,252.0
76529,307.0
62172,364.0
91577,5829.0
67463,3135.0
54160,405.0
27674,270.0
65220,235.0
31155,224.0
95572,25023.0
70050,97.0
53209,559.0
39346,111.0
14021,449.0
34226,1791.0
14034,567.0
27370,309.0
11115,935.0
01273,1799.0
21627,90.0
35144,1075.0
44187,4620.0
27700,726.0
32398,308.0
03072,499.0
81227,2183.0
51211,73.0
80466,132.0
61097,513.0
88019,141.0
16343,299.0
07177,839.0
35112,917.0
61397,3693.0
28227,4499.0
50219,670.0
41218,763.0
60045,547.0
30274,3436.0
60093,461.0
11010,281.0
07292,1195.0
64556,387.0
77156,907.0
08168,176.0
72027,328.0
972212,9876.0
57227,21130.0
71365,612.0
58116,131.0
21092,233.0
42284,1411.0
32329,163.0
61156,540.0
78246,948.0
62085,132.0
92024,64849.0
88523,166.0
42321,101.0
36136,126.0
11241,339.0
47117,1022.0
89025,6387.0
27182,165.0
77183,9714.0
88063,134.0
59598,3910.0
28116,2806.0
58089,206.0
01054,1517.0
62805,266.0
54465,752.0
27649,347.0
62495,323.0
88407,142.0
13011,289.0
30281,1629.0
16302,218.0
72131,580.0
51181,402.0
36221,391.0
38215,2397.0
32374,181.0
30085,1064.0
89485,202.0
58214,2374.0
56169,5354.0
10380,75.0
55108,121.0
21601,93.0
10339,295.0
62873,634.0
62314,354.0
56201,600.0
71390,1097.0
78683,3068.0
32198,198.0
80095,213.0
11037,936.0
51372,555.0
80827,1250.0
88312,195.0
39065,118.0
87043,221.0
57323,7765.0
46119,304.0
24456,200.0
85031,3189.0
14348,82.0
42226,444.0
88351,1571.0
78087,2123.0
71377,135.0
67470,102.0
68317,1121.0
80467,187.0
60547,622.0
05112,89.0
60541,352.0
33150,337.0
80380,238.0
57510,1097.0
46213,174.0
73101,96.0
48015,186.0
58109,736.0
40227,1468.0
40301,138.0
64484,857.0
02246,603.0
79090,840.0
47106,4717.0
25228,3715.0
33382,1877.0
33504,838.0
21173,610.0
08388,346.0
62130,659.0
74137,3990.0
82067,105.0
25346,187.0
88074,60.0
31036,1607.0
14760,720.0
46143,1281.0
28358,2093.0
57506,241.0
34170,221.0
02148,255.0
50256,3182.0
28090,107.0
24496,328.0
38469,77.0
59221,2475.0
08439,148.0
26077,843.0
59220,18110.0
31573,3797.0
88146,175.0
35354,327.0
21674,204.0
23241,208.0
74128,3537.0
31095,129.0
73318,247.0
31017,103.0
46240,611.0
49183,4946.0
72252,1120.0
59527,12942.0
55324,518.0
09067,210.0
59262,2053.0
67194,4631.0
72374,141.0
16339,796.0
02668,978.0
10377,109.0
40015,44.0
17116,233.0
46330,1291.0
56051,659.0
33367,431.0
85181,638.0
08347,217.0
30158,437.0
59454,528.0
85169,1111.0
02140,447.0
67462,19300.0
71300,609.0
51232,415.0
34061,625.0
24424,135.0
17052,706.0
47287,250.0
74038,1118.0
59093,310.0
14193,674.0
85003,10146.0
01255,666.0
27045,781.0
57388,250.0
50643,771.0
72100,409.0
81284,1988.0
55582,88.0
25105,624.0
89218,1233.0
88287,68.0
68375,10334.0
76379,192.0
39093,423.0
80425,110.0
37175,1237.0
59257,1076.0
24382,524.0
39404,461.0
50159,672.0
69042,568.0
24541,97.0
31415,81.0
71338,224.0
12229,233.0
90060,139.0
62749,331.0
67094,249.0
14400,206.0
37257,1790.0
77196,956.0
71283,526.0
14675,2135.0
12292,418.0
21158,181.0
73275,331.0
09245,1268.0
31074,291.0
84048,73.0
58103,469.0
62897,513.0
86129,521.0
85153,2957.0
24218,1140.0
2B075,72.0
76203,719.0
77231,799.0
43192,279.0
42181,1469.0
77221,1148.0
51325,109.0
21525,900.0
15223,216.0
67334,115.0
32206,224.0
27538,533.0
33103,53.0
35138,1201.0
02567,272.0
37063,4727.0
95625,1338.0
38171,336.0
80048,65.0
62008,795.0
60102,2065.0
35045,859.0
71497,2165.0
70560,177.0
76615,643.0
10412,947.0
57594,97.0
38118,1716.0
27480,624.0
24521,1037.0
51655,294.0
47317,546.0
19156,171.0
88317,556.0
45132,355.0
63152,282.0
29264,788.0
57588,1287.0
25418,1286.0
21200,1103.0
31010,89.0
01181,1230.0
19160,196.0
47123,406.0
70284,258.0
63211,1412.0
84110,29.0
70325,340.0
65277,90.0
25086,206.0
36247,1239.0
01035,306.0
41065,575.0
63143,1130.0
76153,327.0
01139,451.0
59381,808.0
95379,198.0
28197,130.0
39568,36.0
59450,638.0
02552,191.0
04107,5.0
26028,224.0
16116,400.0
21500,574.0
80460,61.0
22326,545.0
25114,386.0
31113,14903.0
11157,211.0
46050,136.0
80285,267.0
86258,2193.0
21243,77.0
44134,1067.0
06070,580.0
26311,1396.0
78548,443.0
60122,487.0
41220,4274.0
88465,8513.0
49050,10895.0
01279,73.0
65324,215.0
08109,137.0
70353,506.0
65062,3500.0
05084,478.0
86191,243.0
53042,833.0
32298,381.0
23260,195.0
11111,925.0
17469,577.0
40120,601.0
27022,5194.0
68062,2083.0
65385,97.0
81147,1106.0
29236,4307.0
73301,834.0
31558,416.0
31406,792.0
81042,2018.0
49298,3804.0
70410,720.0
62443,6147.0
57249,262.0
51065,618.0
95592,1305.0
11390,560.0
15160,1089.0
82131,1597.0
38053,29577.0
80141,333.0
37058,1453.0
27181,596.0
67403,472.0
80134,81.0
60434,220.0
62035,5813.0
76086,217.0
67197,1539.0
56113,898.0
62767,4838.0
27333,732.0
14424,186.0
80807,268.0
40323,242.0
04143,5981.0
32216,162.0
33216,176.0
81318,138.0
2B283,732.0
74049,473.0
15073,95.0
63074,179.0
74009,995.0
09154,61.0
50106,268.0
22075,728.0
30207,744.0
59497,2128.0
32330,192.0
63285,731.0
10293,158.0
09111,312.0
26054,1459.0
03246,594.0
81283,1124.0
25600,249.0
21392,61.0
18120,584.0
80299,227.0
72265,228.0
54026,172.0
17464,165.0
51410,626.0
59640,780.0
55531,280.0
22183,3739.0
88069,136.0
31577,157.0
89104,300.0
69257,1131.0
67366,808.0
45232,22855.0
26286,24.0
27411,227.0
74267,4156.0
81173,326.0
56151,3607.0
29057,3463.0
17324,113.0
01313,9063.0
55487,86.0
72346,4563.0
42155,1016.0
17435,177.0
32068,141.0
34019,288.0
42187,34762.0
76128,586.0
28242,103.0
76640,8285.0
02644,335.0
73316,287.0
72079,310.0
39324,7.0
04189,630.0
51317,51.0
61327,341.0
09137,200.0
55461,451.0
02721,474.0
45082,8416.0
40018,399.0
02741,541.0
86220,312.0
25497,616.0
18288,248.0
25366,187.0
73104,490.0
57034,35.0
05062,171.0
35097,2021.0
52084,43.0
91519,391.0
60679,146.0
71065,276.0
80703,214.0
72171,103.0
32184,131.0
19139,75.0
63288,464.0
64547,7476.0
55250,180.0
60583,372.0
62769,770.0
16419,323.0
21506,364.0
03130,281.0
09122,9472.0
27375,18350.0
88162,178.0
02214,61.0
46075,239.0
11394,133.0
78048,1456.0
12148,1423.0
44142,1941.0
88321,6580.0
02094,471.0
02661,236.0
76443,862.0
59469,410.0
51263,377.0
60277,1571.0
39550,191.0
50504,208.0
13076,3552.0
39233,2279.0
07080,302.0
46177,505.0
02562,201.0
49246,12725.0
22048,2223.0
16085,3101.0
03146,172.0
16240,99.0
12075,102.0
11276,523.0
25213,756.0
31574,3207.0
39284,147.0
27094,126.0
01006,113.0
67328,893.0
09186,100.0
24024,45.0
31380,541.0
45238,687.0
80261,1455.0
24360,316.0
57188,434.0
33404,194.0
77321,661.0
64472,856.0
25143,201.0
01025,4065.0
27331,458.0
18127,1341.0
79183,366.0
68134,1878.0
80089,268.0
30140,1129.0
69021,2348.0
972231,6964.0
26228,28.0
17281,160.0
57096,2450.0
16293,493.0
81323,358.0
53199,214.0
25596,67.0
60651,1911.0
59357,2065.0
33341,2392.0
87107,1612.0
77075,1482.0
14349,2140.0
50027,949.0
77293,868.0
80176,265.0
76530,221.0
39060,58.0
65273,198.0
67070,277.0
76438,233.0
88219,138.0
49080,8727.0
90055,327.0
54365,326.0
09043,674.0
30113,233.0
61121,298.0
85073,1010.0
09291,104.0
50394,2334.0
74052,1134.0
71337,310.0
43134,157.0
08411,88.0
18188,207.0
21582,883.0
79229,531.0
40284,7956.0
56090,6571.0
61094,589.0
68176,330.0
07031,765.0
72328,3813.0
10133,254.0
25632,3130.0
79023,62.0
76313,895.0
71069,586.0
12072,223.0
55084,56.0
30272,144.0
24008,591.0
34207,2148.0
91347,6417.0
39553,291.0
81130,1789.0
37044,369.0
53216,967.0
62009,284.0
51033,260.0
04171,121.0
22086,647.0
55248,273.0
34273,116.0
10365,126.0
04227,303.0
45068,12728.0
10061,661.0
80820,746.0
65375,1445.0
80687,135.0
15189,225.0
47184,258.0
07270,443.0
21176,126.0
73201,441.0
67235,445.0
61260,534.0
65427,286.0
29262,804.0
67283,2706.0
63366,349.0
67164,835.0
06148,4092.0
02020,455.0
59182,278.0
72060,276.0
51499,156.0
54582,187.0
62036,726.0
22108,122.0
78092,9031.0
40197,4989.0
85292,775.0
24070,505.0
40326,1441.0
71473,149.0
40150,2057.0
25315,2830.0
66197,34.0
61294,1134.0
70127,107.0
16398,97.0
15141,1653.0
57630,12359.0
59619,1057.0
57600,1526.0
21021,2600.0
59498,343.0
93031,53489.0
74015,1139.0
50040,116.0
62026,119.0
25084,1188.0
77464,10405.0
25268,113.0
10431,102.0
59407,561.0
73205,128.0
60675,424.0
79071,461.0
46308,103.0
57691,83.0
57528,106.0
24253,2303.0
54003,91.0
55051,116.0
18214,596.0
67030,732.0
22012,865.0
57575,1338.0
76262,142.0
71385,571.0
26299,103.0
33549,373.0
78031,655.0
72028,477.0
71302,209.0
46134,259.0
71141,314.0
69148,2590.0
84117,336.0
06077,1264.0
27218,1558.0
01284,725.0
70231,37.0
57667,773.0
42119,359.0
48069,52.0
22218,1153.0
37203,3220.0
74297,642.0
39403,219.0
48090,741.0
23010,118.0
31130,82.0
61344,1047.0
50550,3362.0
88174,143.0
2A362,2748.0
50413,575.0
06154,495.0
51524,280.0
80556,569.0
59285,2642.0
25464,133.0
24524,176.0
50569,439.0
84105,923.0
17461,3996.0
80787,96.0
82077,400.0
67508,419.0
44043,7465.0
21424,113.0
62050,1531.0
64524,419.0
74027,452.0
73212,2012.0
76576,1233.0
60619,1195.0
79112,854.0
13089,3380.0
68385,828.0
14482,236.0
60027,526.0
33305,507.0
80405,413.0
2B140,111.0
59293,1401.0
66092,91.0
77284,55616.0
71404,902.0
39421,237.0
80180,95.0
02756,688.0
54081,417.0
75102,21119.0
69142,6595.0
58251,467.0
63209,222.0
17159,361.0
11278,75.0
38288,1720.0
57532,230.0
08049,124.0
26325,6913.0
71420,2329.0
51334,453.0
88442,632.0
51156,123.0
66033,457.0
02429,124.0
64032,182.0
16182,441.0
76020,1168.0
76021,455.0
62827,1371.0
39323,309.0
48025,425.0
64350,856.0
74124,1816.0
52155,524.0
25520,185.0
01447,1353.0
57114,428.0
02323,136.0
46198,110.0
69190,2059.0
64359,924.0
88131,304.0
16139,240.0
02044,25.0
77205,146.0
48148,496.0
17439,772.0
62595,1161.0
19019,1300.0
51110,58.0
41013,273.0
64435,221.0
71257,659.0
39399,336.0
2A198,491.0
21062,222.0
21554,1020.0
54287,264.0
01021,1498.0
59516,919.0
22295,328.0
71508,390.0
33232,40.0
44076,1399.0
52157,11.0
16243,1038.0
40254,438.0
63279,315.0
64378,206.0
50349,1405.0
43034,370.0
45074,113.0
30042,2591.0
27289,168.0
55228,536.0
12242,305.0
40215,286.0
89423,128.0
59323,1159.0
32016,678.0
16025,1229.0
70530,117.0
33060,442.0
69088,7047.0
71244,446.0
54587,191.0
62229,814.0
65413,144.0
29102,967.0
58261,1046.0
09285,724.0
61487,301.0
88315,181.0
25619,210.0
58151,3220.0
55225,139.0
88096,108.0
35223,4048.0
39392,190.0
73227,2311.0
73049,143.0
12053,342.0
55551,1574.0
64237,3609.0
87015,719.0
86121,1471.0
62273,618.0
46246,75.0
59416,2509.0
24462,1648.0
28055,570.0
54562,136.0
17386,340.0
60220,503.0
65043,266.0
68351,633.0
15165,195.0
15175,1055.0
59052,4999.0
64546,2339.0
28261,593.0
51550,266.0
38147,882.0
22378,220.0
51140,362.0
22087,644.0
80416,762.0
02366,327.0
14049,142.0
65410,533.0
51378,346.0
22339,2563.0
88391,679.0
01211,1408.0
80098,102.0
21048,661.0
54037,422.0
65389,958.0
12215,1176.0
39581,264.0
48020,66.0
52274,282.0
06095,8256.0
56219,1426.0
62810,1271.0
22291,244.0
41142,2315.0
60200,318.0
971118,24272.0
88476,117.0
50207,168.0
30012,4127.0
09332,2338.0
60326,596.0
68120,1325.0
74024,2274.0
88289,797.0
55406,107.0
63393,1749.0
60042,1472.0
87036,673.0
25236,309.0
55503,123.0
26007,99.0
47173,894.0
19245,133.0
63321,933.0
28099,1101.0
64053,200.0
54228,70.0
62168,842.0
21629,308.0
73043,2896.0
28032,344.0
22013,2126.0
68327,341.0
62625,56.0
48096,784.0
39428,22.0
57240,13027.0
11170,5096.0
76497,8688.0
82102,306.0
76476,10387.0
14494,122.0
82020,581.0
39461,80.0
47209,4173.0
15013,144.0
63066,1643.0
88201,882.0
59488,2128.0
15053,431.0
60268,346.0
02726,177.0
14572,765.0
47111,587.0
54374,530.0
81097,1330.0
84129,19117.0
23156,83.0
35249,1037.0
38430,327.0
32417,413.0
37275,123.0
33468,429.0
37249,1418.0
87144,531.0
77201,703.0
80615,431.0
10330,113.0
48018,773.0
58137,72.0
88338,81.0
76069,2249.0
08172,166.0
11271,32.0
59183,86788.0
54362,1280.0
39350,306.0
44108,2883.0
30321,5040.0
62888,227.0
45194,3011.0
21270,223.0
50271,87.0
21046,73.0
76537,185.0
70018,518.0
15162,2428.0
51488,320.0
07081,71.0
50357,70.0
22237,2208.0
46100,706.0
57062,442.0
16193,982.0
37007,169.0
60058,208.0
02080,322.0
17295,782.0
62812,832.0
22223,2006.0
22170,1684.0
04224,99.0
77415,1285.0
87143,2213.0
27466,344.0
60190,304.0
62759,454.0
55501,379.0
68068,2264.0
54530,89.0
09007,74.0
59237,969.0
22043,217.0
55473,109.0
59452,5829.0
09001,58.0
47023,337.0
25240,3109.0
63274,425.0
27672,339.0
65194,94.0
76071,472.0
17020,345.0
64415,1536.0
67202,4042.0
80609,438.0
39262,132.0
78337,2025.0
2A001,3336.0
09124,1051.0
55544,144.0
77449,9706.0
04194,96.0
38384,3279.0
02034,116.0
69283,13707.0
33271,216.0
46222,192.0
76264,471.0
54165,570.0
30025,241.0
14383,2646.0
76741,292.0
88240,274.0
77200,122.0
86079,559.0
55335,247.0
76082,637.0
59074,2148.0
09238,851.0
2B023,116.0
29294,640.0
76144,161.0
72047,2123.0
68286,2380.0
86196,233.0
88494,120.0
03089,156.0
2B263,70.0
38091,747.0
45024,2025.0
57715,389.0
77290,696.0
62343,260.0
14613,88.0
09101,290.0
85175,668.0
25189,195.0
03144,205.0
90013,240.0
21644,168.0
73161,647.0
69248,5869.0
58160,3675.0
59287,191.0
02588,66.0
81077,387.0
03194,128.0
69273,10932.0
34147,3478.0
78475,404.0
42220,602.0
68113,1438.0
55055,13.0
61104,52.0
54060,1493.0
61041,200.0
88429,3993.0
70067,118.0
44213,7517.0
30194,275.0
81246,115.0
36168,579.0
16330,824.0
82042,1214.0
31034,225.0
31481,2100.0
56260,54420.0
01390,1234.0
27237,177.0
41135,875.0
31483,11613.0
25578,5724.0
88454,225.0
72024,3699.0
67227,224.0
73225,2706.0
47120,96.0
14352,837.0
89312,241.0
29112,962.0
66005,554.0
57634,1559.0
62583,558.0
06052,148.0
21295,3049.0
71094,140.0
02135,1136.0
62554,98.0
64495,7170.0
31309,235.0
39236,46.0
18218,650.0
57219,574.0
72381,1359.0
77443,389.0
57745,911.0
55375,63.0
51227,480.0
67338,1358.0
53172,398.0
01378,2748.0
67410,647.0
01004,14854.0
09236,367.0
01196,1259.0
09073,203.0
76160,418.0
47080,149.0
2B241,33.0
17158,1345.0
37073,575.0
04055,185.0
02647,68.0
65069,1234.0
74259,447.0
21579,207.0
71416,580.0
72266,748.0
10419,734.0
31276,291.0
02282,432.0
14063,212.0
32294,72.0
68192,427.0
17201,488.0
64154,209.0
44045,3880.0
44128,5257.0
12176,11873.0
90095,436.0
01115,1348.0
39001,841.0
93078,38725.0
71089,234.0
67287,567.0
03154,272.0
50086,322.0
55445,192.0
47094,815.0
24087,808.0
62203,426.0
63177,417.0
36162,817.0
41134,630.0
37013,469.0
68106,273.0
24550,1257.0
51059,372.0
34154,16596.0
53175,1385.0
27324,623.0
06017,258.0
41201,319.0
39196,123.0
78497,900.0
10281,282.0
64088,308.0
34183,4049.0
59252,2581.0
73071,552.0
45343,201.0
57629,786.0
68105,261.0
39040,186.0
32410,2429.0
61346,203.0
12162,1075.0
63124,20193.0
73204,2087.0
10342,403.0
76389,189.0
57326,336.0
68112,11137.0
51638,202.0
69039,700.0
77280,1114.0
60429,403.0
42170,2099.0
25266,122.0
88252,145.0
51146,115.0
79283,1334.0
21652,295.0
60162,306.0
55394,7.0
28005,754.0
05008,366.0
58205,599.0
48167,37.0
17401,94.0
38104,1403.0
73268,524.0
59537,500.0
27020,1659.0
08467,107.0
95042,1893.0
36089,407.0
57024,191.0
65300,66.0
59110,1444.0
36142,1493.0
12058,106.0
32440,245.0
13204,50068.0
04037,74.0
30139,339.0
11124,648.0
39534,256.0
87019,2994.0
83008,2909.0
89161,190.0
33405,498.0
62121,182.0
63049,721.0
12262,716.0
29006,3790.0
60591,1592.0
58002,917.0
15048,31.0
94046,58068.0
62515,521.0
47124,207.0
65407,108.0
71165,363.0
45279,1877.0
17261,327.0
68178,952.0
57138,82.0
59109,773.0
62729,243.0
01356,199.0
69293,2423.0
76733,223.0
32305,425.0
01012,327.0
43115,1017.0
79030,954.0
73231,1200.0
62480,2894.0
62286,509.0
21248,57.0
65268,237.0
53157,1330.0
39299,490.0
26229,95.0
11096,32.0
17479,303.0
21454,107.0
11211,538.0
69110,1834.0
62137,91.0
63415,1315.0
10218,169.0
74097,1849.0
67190,195.0
87028,1691.0
08174,2285.0
60571,81.0
51624,650.0
39552,291.0
49370,466.0
38055,627.0
72250,154.0
2B335,347.0
17147,1396.0
27579,101.0
27139,178.0
57071,388.0
86228,199.0
15110,121.0
61284,223.0
63402,259.0
45130,1411.0
80240,1393.0
58128,88.0
57734,453.0
51346,1151.0
10039,112.0
43132,1434.0
50253,167.0
33044,214.0
63027,111.0
73223,444.0
57007,131.0
91017,1731.0
34248,955.0
62250,10199.0
24411,164.0
65396,366.0
40220,136.0
64080,813.0
56222,2868.0
64110,224.0
74141,1034.0
27572,307.0
62835,549.0
33282,316.0
64010,687.0
61424,187.0
38231,1031.0
30061,2516.0
28372,547.0
39139,79.0
36157,448.0
80096,912.0
76386,392.0
95395,905.0
65345,58.0
39424,157.0
36177,313.0
55307,0.0
33240,5844.0
29198,1816.0
34070,634.0
63093,1153.0
32042,138.0
25233,285.0
50456,547.0
64041,823.0
82078,127.0
36146,706.0
85045,1093.0
39362,3154.0
14474,197.0
02760,143.0
38475,2520.0
71047,4663.0
55200,209.0
30278,2981.0
07171,535.0
45151,250.0
40234,889.0
60627,252.0
81204,2188.0
27393,499.0
71400,136.0
14705,145.0
38180,1004.0
22266,3207.0
28243,213.0
65190,70.0
32090,338.0
31549,21.0
25030,425.0
46332,337.0
71285,402.0
42006,410.0
76660,800.0
30069,523.0
34179,1930.0
40130,164.0
59111,404.0
61298,313.0
10155,178.0
66059,2561.0
16276,728.0
51241,79.0
82023,977.0
65263,94.0
89046,1151.0
25285,1506.0
02242,624.0
81191,241.0
62705,2069.0
09013,80.0
81274,825.0
76580,919.0
60181,914.0
54356,65.0
23082,310.0
43188,475.0
85151,6064.0
57558,76.0
72226,1330.0
17105,310.0
51144,596.0
09105,773.0
50379,162.0
91662,757.0
69383,101302.0
17136,1337.0
16409,993.0
62185,227.0
62689,392.0
14180,154.0
84139,567.0
59202,5356.0
84132,8858.0
09181,1208.0
74008,6166.0
87174,1230.0
08402,838.0
41143,1308.0
01094,767.0
14529,277.0
39048,253.0
11301,1190.0
78263,2451.0
04087,133.0
2B009,2211.0
55364,656.0
56022,1382.0
37125,453.0
62766,1106.0
11431,252.0
17078,517.0
24287,127.0
76654,465.0
80509,585.0
04211,179.0
40099,316.0
26052,464.0
57540,4683.0
71103,278.0
69288,5621.0
21098,125.0
78334,1607.0
17246,540.0
32115,322.0
59143,8719.0
69244,22676.0
91129,3345.0
22389,4987.0
14559,223.0
02292,1335.0
35168,3932.0
30307,2455.0
36235,377.0
10183,35.0
63341,548.0
88385,569.0
88443,94.0
47313,140.0
80825,108.0
80497,118.0
56132,2277.0
25237,2164.0
69239,1169.0
62771,9650.0
57337,580.0
55270,30.0
34124,308.0
16073,1791.0
21111,318.0
76649,573.0
70439,371.0
85171,611.0
39293,204.0
31463,248.0
89474,276.0
27508,208.0
87030,1256.0
51323,106.0
56131,1456.0
89220,414.0
89249,77.0
93047,27980.0
51628,121.0
76484,12367.0
79185,4660.0
39150,1009.0
10111,102.0
67142,287.0
35013,3502.0
04062,154.0
55470,191.0
95476,17277.0
67076,471.0
60465,180.0
81168,1038.0
08186,51.0
38527,348.0
31022,9349.0
70402,364.0
64042,700.0
53030,316.0
54331,278.0
2B138,152.0
82063,680.0
60555,64.0
79083,2390.0
80305,479.0
81269,518.0
14254,1604.0
16047,280.0
58072,624.0
34279,321.0
78245,425.0
42171,284.0
14685,1808.0
38408,2676.0
07152,1188.0
2B332,249.0
03296,371.0
80478,146.0
54247,184.0
80407,138.0
85143,1065.0
60372,659.0
47265,374.0
07178,577.0
68360,696.0
77470,8340.0
30177,662.0
38501,2140.0
09046,71.0
88216,731.0
19112,114.0
52513,60.0
2A103,2030.0
57052,573.0
86084,233.0
21484,63.0
72138,2889.0
29151,14903.0
63037,458.0
60492,852.0
46146,90.0
90094,695.0
08503,118.0
65406,259.0
14003,313.0
84115,496.0
18147,199.0
14699,3802.0
55078,303.0
70335,58.0
01193,222.0
27487,649.0
11168,109.0
09204,257.0
29147,3329.0
34140,3224.0
11079,217.0
46322,812.0
03163,713.0
70474,122.0
78499,696.0
37029,325.0
26128,65.0
72216,601.0
61140,818.0
48001,151.0
70393,432.0
16124,550.0
64418,130.0
57169,504.0
76068,650.0
57409,670.0
69133,4350.0
42139,1338.0
57315,707.0
64385,279.0
77117,941.0
55423,315.0
45300,4205.0
64157,997.0
28367,314.0
01166,2482.0
35174,649.0
90024,135.0
54210,219.0
27377,704.0
59502,1438.0
77113,1047.0
86186,960.0
59592,4029.0
08275,211.0
82014,268.0
71225,563.0
76409,918.0
47218,246.0
46015,1477.0
55082,46.0
21623,1548.0
60373,804.0
53158,1033.0
14120,1412.0
70043,238.0
52151,147.0
56081,2061.0
76432,245.0
12275,34.0
69098,488.0
59582,946.0
28036,849.0
07038,47.0
66180,10010.0
92062,43672.0
71101,443.0
77512,1136.0
16059,165.0
57578,495.0
14620,426.0
54045,429.0
94073,31097.0
64202,468.0
70217,98.0
72208,372.0
77384,1966.0
05056,334.0
86031,1700.0
27564,341.0
17027,472.0
91315,6603.0
67242,537.0
73098,812.0
69280,1530.0
29256,752.0
64449,164.0
39108,58.0
80196,246.0
11399,108.0
09260,30.0
46253,181.0
45258,3374.0
28277,298.0
46324,207.0
70206,566.0
50634,89.0
52070,119.0
2A035,177.0
11285,1167.0
71301,163.0
31109,467.0
51120,149.0
51001,165.0
88340,494.0
39045,80.0
77006,992.0
42239,1155.0
25297,161.0
71401,648.0
69060,564.0
71253,939.0
43226,107.0
87106,2512.0
52504,259.0
29064,445.0
32384,276.0
51432,827.0
21391,841.0
59041,2258.0
89391,1248.0
46152,305.0
54296,436.0
78096,504.0
95633,100.0
89024,34778.0
86047,491.0
57036,100.0
95585,58424.0
77165,610.0
62798,217.0
31313,108.0
76332,459.0
02791,265.0
26027,148.0
51283,130.0
55504,397.0
26253,80.0
50196,475.0
30226,1247.0
56101,8047.0
64450,299.0
2B173,252.0
41047,4497.0
72337,837.0
30267,529.0
19172,115.0
12272,519.0
78165,17237.0
28409,441.0
21117,47.0
27556,66.0
25211,87.0
78484,658.0
22126,155.0
60626,653.0
02009,527.0
60324,864.0
56209,181.0
79055,111.0
61329,626.0
01295,666.0
38380,318.0
25283,60.0
52448,23068.0
46184,346.0
89127,782.0
67124,2520.0
03011,423.0
52102,411.0
21325,189.0
84050,1666.0
71266,320.0
74159,3251.0
49170,821.0
82034,114.0
54339,7927.0
50461,208.0
07324,11191.0
21269,451.0
80437,107.0
21396,68.0
89388,497.0
53182,1805.0
36190,262.0
49125,11228.0
27096,344.0
15170,230.0
38115,747.0
77361,467.0
67409,1030.0
76042,103.0
80771,29.0
19246,1884.0
76156,345.0
16135,317.0
04160,1713.0
41223,777.0
25185,68.0
21356,1673.0
04034,1109.0
59097,392.0
54092,64.0
30229,602.0
59299,18713.0
28424,1654.0
58086,9437.0
60321,854.0
24020,895.0
63019,4115.0
12276,373.0
32462,3581.0
25522,183.0
67136,276.0
76563,1954.0
25408,55.0
86135,582.0
82046,119.0
07241,706.0
12052,4407.0
83101,1963.0
65311,98.0
33276,137.0
47140,708.0
54177,251.0
95295,142.0
02768,517.0
70492,576.0
67408,1188.0
79195,5566.0
23050,122.0
15045,815.0
89256,401.0
19129,658.0
17342,411.0
88262,576.0
34040,56.0
65231,200.0
88514,164.0
65440,43955.0
51565,102.0
85182,5597.0
2A348,968.0
89180,478.0
62784,767.0
64369,241.0
19264,514.0
07216,499.0
27459,74.0
63092,1874.0
50032,1034.0
11247,38.0
45165,606.0
36049,125.0
03312,273.0
17127,1980.0
65326,80.0
64287,138.0
38303,635.0
70111,272.0
11082,10.0
81285,495.0
58156,139.0
30295,3046.0
24486,444.0
12099,236.0
11277,29.0
29002,1419.0
54040,1571.0
91434,20785.0
61276,152.0
27543,879.0
2A144,106.0
65177,167.0
17446,465.0
71231,609.0
11314,84.0
70518,97.0
76468,1364.0
65123,1288.0
60170,573.0
80429,194.0
46295,227.0
59396,705.0
2B015,24.0
77167,316.0
76673,1125.0
85133,901.0
31037,1628.0
64178,458.0
89081,92.0
83075,629.0
22351,533.0
22310,512.0
30023,779.0
50442,247.0
43021,1046.0
28048,745.0
17431,732.0
40247,184.0
54008,491.0
43135,1762.0
36084,282.0
51654,256.0
21233,193.0
18106,263.0
58090,224.0
40135,856.0
52221,123.0
14312,1529.0
27676,1742.0
77223,564.0
37207,344.0
52267,229.0
47325,457.0
22019,503.0
50539,1822.0
25364,1798.0
06096,101.0
38409,1369.0
69109,854.0
02694,612.0
45328,292.0
68217,1617.0
40104,1518.0
21293,123.0
80647,283.0
17395,504.0
85023,438.0
10080,1015.0
40288,1154.0
49294,2949.0
16106,2722.0
64279,2164.0
44105,360.0
78366,406.0
26049,1249.0
62329,1752.0
88102,90.0
86275,591.0
2B314,338.0
59209,674.0
10114,704.0
70317,146.0
22384,1107.0
87134,144.0
28362,507.0
74272,5453.0
33284,11469.0
56220,1294.0
88447,2510.0
27174,1374.0
54120,326.0
54357,9921.0
27098,76.0
65315,412.0
2A295,133.0
70583,135.0
51077,175.0
89342,628.0
47042,179.0
41251,524.0
93027,47160.0
73210,371.0
68067,347.0
31444,135.0
60284,1802.0
85126,1350.0
62123,541.0
63466,190.0
91634,1417.0
11181,412.0
39349,488.0
86141,670.0
17457,1194.0
06028,403.0
24465,231.0
79100,2271.0
35328,2163.0
80524,564.0
80088,356.0
81033,2914.0
42022,4363.0
95116,4356.0
45049,1223.0
87002,5558.0
24476,159.0
88182,200.0
35014,2488.0
89425,654.0
70376,445.0
62485,368.0
40239,102.0
38393,1595.0
65394,321.0
62369,801.0
01425,286.0
57551,203.0
33099,4237.0
64467,862.0
27104,709.0
88532,76.0
89263,4111.0
91649,2749.0
27317,436.0
58031,307.0
02152,87.0
47038,609.0
77254,1306.0
88489,254.0
85290,537.0
79069,992.0
31475,1579.0
29039,20607.0
38317,10805.0
09263,23.0
07227,1426.0
49195,1274.0
53101,832.0
88023,85.0
24432,650.0
52549,28.0
95352,4867.0
23067,767.0
02556,73.0
71322,47.0
24429,239.0
82188,645.0
37026,510.0
57270,540.0
38284,868.0
48185,166.0
02175,165.0
32261,381.0
31569,385.0
53242,257.0
83001,2793.0
59529,347.0
11410,964.0
51208,113.0
59595,541.0
30236,120.0
01412,608.0
01453,713.0
87206,163.0
43065,118.0
21058,237.0
33407,933.0
04130,213.0
24237,1243.0
06069,48323.0
21122,304.0
60352,170.0
60499,234.0
26361,134.0
69038,919.0
63457,5242.0
63322,2209.0
25321,5228.0
30323,121.0
01160,10920.0
13090,125.0
63175,250.0
57133,100.0
02178,115.0
21358,192.0
86177,5429.0
27388,473.0
87027,1267.0
14007,218.0
16035,209.0
49333,2866.0
28191,2683.0
72176,4048.0
57410,143.0
77214,800.0
31030,85.0
59024,4626.0
30172,774.0
39318,198.0
47279,360.0
32265,109.0
21018,53.0
82086,230.0
23104,240.0
47045,483.0
72155,2283.0
62585,390.0
54493,2312.0
51015,109.0
74243,15840.0
50260,1681.0
11300,154.0
24350,2369.0
64523,787.0
32123,568.0
50542,473.0
54475,154.0
69166,321.0
65105,196.0
03299,223.0
18112,278.0
64352,408.0
68337,625.0
57681,327.0
11081,1581.0
25419,93.0
45176,421.0
51074,1787.0
16221,230.0
25559,260.0
24345,509.0
02543,2018.0
64011,114.0
80167,338.0
65144,86.0
60097,212.0
31201,69.0
27679,7305.0
59651,1616.0
86002,570.0
44115,3925.0
90074,303.0
79332,119.0
57050,109.0
67156,2675.0
01336,1211.0
61407,687.0
28425,564.0
23006,207.0
34177,352.0
79277,1053.0
59655,237.0
84069,2756.0
54343,194.0
06046,3487.0
78420,2870.0
70196,252.0
95313,11846.0
24010,1445.0
55208,55.0
80328,512.0
52058,1821.0
77243,21191.0
11250,38.0
2B049,2566.0
80055,165.0
54398,94.0
57344,720.0
52044,538.0
33136,256.0
39290,456.0
53208,499.0
41271,582.0
44154,14411.0
77164,558.0
42324,1202.0
24064,3721.0
56245,483.0
21402,14.0
33142,1807.0
47277,343.0
60033,879.0
87169,1042.0
74075,1577.0
52442,346.0
33225,2191.0
77065,1241.0
32243,263.0
88522,68.0
24241,434.0
68194,286.0
38186,362.0
21553,105.0
81136,155.0
59513,457.0
23179,284.0
28233,1139.0
72309,279.0
33327,3285.0
62612,580.0
59297,1921.0
14506,248.0
23118,175.0
23123,182.0
35171,1837.0
59302,4129.0
30164,732.0
40313,3191.0
47058,268.0
25540,312.0
12289,205.0
03026,763.0
08400,516.0
80274,1742.0
91240,172.0
88139,120.0
68190,32.0
44112,581.0
50225,142.0
10261,975.0
51437,93.0
80644,751.0
971107,17731.0
66120,76.0
2B250,148.0
71343,297.0
24552,262.0
15246,238.0
14221,3008.0
14721,669.0
59116,410.0
62262,1754.0
58226,135.0
67259,911.0
2B167,420.0
38539,602.0
62163,248.0
19007,826.0
81065,42672.0
65349,13.0
70481,199.0
37043,1030.0
34198,9561.0
26099,537.0
73237,389.0
74140,1481.0
80409,144.0
09224,499.0
88453,32.0
67238,645.0
26070,512.0
04054,71.0
03121,629.0
15215,1126.0
77517,2132.0
19058,370.0
61473,279.0
60693,398.0
21520,153.0
73245,841.0
25300,310.0
06082,115.0
38455,4264.0
85025,2279.0
21199,141.0
32010,87.0
61400,351.0
11313,319.0
19141,282.0
66165,677.0
46140,368.0
89169,938.0
91131,383.0
58030,268.0
25602,117.0
18221,292.0
07262,180.0
72262,2086.0
57055,541.0
11377,82.0
69155,1132.0
12249,185.0
51520,74.0
36035,1049.0
27537,884.0
973312,2830.0
972232,8474.0
71110,547.0
91671,594.0
36156,400.0
65417,5161.0
67254,921.0
51237,1808.0
61085,30.0
82161,4029.0
21698,394.0
24375,154.0
26042,1616.0
32363,91.0
18003,1872.0
55352,143.0
972204,3517.0
39381,97.0
34181,1023.0
67240,704.0
40056,745.0
76142,445.0
77246,579.0
86202,601.0
87038,2095.0
44095,1568.0
08019,56.0
31361,536.0
41252,1538.0
41283,273.0
68307,493.0
29169,3210.0
62744,3594.0
17185,2100.0
51309,114.0
67421,827.0
50289,704.0
08029,83.0
64112,418.0
14023,70.0
03077,128.0
61512,102.0
38438,279.0
03131,559.0
27525,299.0
16424,535.0
77365,615.0
31047,96.0
88490,183.0
80835,271.0
62379,325.0
17374,231.0
21386,319.0
59533,1555.0
77367,288.0
42056,2889.0
41285,487.0
26243,963.0
46272,299.0
54366,1988.0
70288,117.0
34285,635.0
65356,61.0
02179,379.0
54402,415.0
45336,859.0
57684,507.0
16292,3353.0
16375,382.0
08053,2365.0
10256,400.0
59628,560.0
46316,294.0
36243,317.0
42100,278.0
14411,330.0
10048,161.0
57672,42163.0
33081,2785.0
90069,1281.0
57529,3065.0
10045,178.0
2B112,235.0
18061,86.0
69178,786.0
62560,5120.0
22337,1116.0
34311,1829.0
60160,742.0
76430,118.0
63191,100.0
23225,108.0
51216,258.0
14172,457.0
57343,1799.0
02033,101.0
27133,1109.0
87013,642.0
27309,496.0
63320,209.0
80059,80.0
77179,600.0
59318,985.0
38177,99.0
70230,95.0
03203,382.0
77389,3870.0
02547,64.0
63185,644.0
25459,317.0
15157,350.0
21444,67.0
80101,860.0
56178,14774.0
03264,2595.0
26364,334.0
73173,477.0
71532,195.0
45181,91.0
14625,772.0
02810,10454.0
52484,360.0
68139,1458.0
72215,1043.0
08352,217.0
50145,607.0
59145,780.0
80714,1270.0
16160,491.0
77508,1870.0
91274,1506.0
09133,23.0
86023,264.0
85088,4937.0
14527,543.0
76445,614.0
43077,547.0
76340,527.0
18164,142.0
55304,162.0
27341,66.0
57390,1418.0
60199,254.0
64077,179.0
24317,248.0
80596,216.0
81149,439.0
46103,984.0
80367,176.0
80268,520.0
52129,113.0
51652,59.0
02680,2315.0
80406,1286.0
55241,80.0
88334,283.0
38321,170.0
67255,487.0
32240,62.0
65458,36.0
55168,45.0
86234,376.0
21497,177.0
40300,1016.0
64210,143.0
24015,258.0
42162,1147.0
08338,198.0
87128,1347.0
22284,294.0
50059,335.0
30315,2104.0
40295,1214.0
64464,81.0
22083,671.0
70452,254.0
55427,2702.0
29086,1443.0
57489,280.0
71588,1084.0
63023,385.0
85026,1449.0
67456,425.0
11158,303.0
58123,118.0
58136,68.0
06151,844.0
81062,940.0
70546,210.0
59534,800.0
79127,843.0
71062,290.0
62041,42600.0
59468,441.0
74198,1002.0
23059,96.0
74258,2286.0
61232,1116.0
47234,689.0
04033,788.0
57290,171.0
62673,637.0
80821,222.0
32094,440.0
88218,2590.0
60684,6521.0
33506,1868.0
25370,2148.0
92022,19991.0
02834,164.0
52110,158.0
60230,524.0
34025,2287.0
29108,1495.0
29019,139619.0
56052,1917.0
15103,242.0
90022,2616.0
38151,36849.0
19028,2541.0
33144,790.0
63252,376.0
59515,657.0
33071,1309.0
57577,376.0
54588,390.0
03243,126.0
08071,133.0
58262,205.0
26146,1589.0
37031,3728.0
62211,219.0
67342,1753.0
86040,304.0
25334,2287.0
04182,221.0
40280,1725.0
16189,254.0
18202,13.0
07131,450.0
57484,2666.0
10323,14766.0
14149,417.0
63135,626.0
32177,166.0
09061,489.0
09330,31.0
55015,479.0
95060,8172.0
24522,360.0
57571,1017.0
74223,483.0
24500,148.0
82109,203.0
36065,262.0
09251,165.0
26110,655.0
21075,68.0
26218,3385.0
27601,432.0
76012,183.0
76077,167.0
21203,139.0
68093,1391.0
77516,828.0
51544,651.0
55302,1101.0
70326,307.0
55410,131.0
25615,458.0
18186,456.0
81286,594.0
81201,919.0
45013,220.0
55444,202.0
62368,212.0
39326,175.0
24086,447.0
48027,1085.0
37118,1403.0
02200,101.0
02145,546.0
55452,56.0
82143,87.0
62517,190.0
55457,183.0
41266,84.0
68099,849.0
89254,512.0
43259,364.0
63045,712.0
04009,14.0
57625,171.0
02722,28705.0
57461,276.0
16394,80.0
24408,255.0
78565,304.0
37025,692.0
12019,89.0
31333,84.0
02395,132.0
65119,351.0
77174,570.0
53263,268.0
59100,349.0
03232,292.0
40320,606.0
57411,360.0
18251,59.0
51019,254.0
65292,419.0
03051,286.0
25269,60.0
18273,799.0
36067,104.0
48146,901.0
15038,1022.0
88433,72.0
79048,5732.0
51620,166.0
43055,162.0
51099,320.0
33049,2590.0
40166,75.0
64514,205.0
21078,71.0
02500,810.0
21074,250.0
45298,6185.0
04079,1377.0
03184,503.0
61210,241.0
62821,294.0
07288,1329.0
21087,812.0
71067,122.0
06015,1227.0
91479,7868.0
25391,187.0
53245,930.0
08303,395.0
19252,860.0
84007,90330.0
21543,188.0
59047,351.0
39464,224.0
55070,117.0
55560,129.0
73180,451.0
60503,112.0
32186,79.0
32277,114.0
65028,190.0
39359,33.0
34146,4488.0
08278,77.0
32280,92.0
29133,1528.0
02061,258.0
70249,117.0
50505,678.0
27247,322.0
90016,124.0
64247,474.0
45191,8005.0
08316,990.0
24502,90.0
78561,444.0
37101,156.0
51640,212.0
02261,388.0
38236,1767.0
52396,139.0
34114,6650.0
33266,836.0
34115,110.0
14258,7782.0
27129,600.0
16297,325.0
43066,125.0
07034,259.0
03297,1491.0
77437,3585.0
22077,1231.0
21011,82.0
51151,171.0
41216,525.0
35232,399.0
60193,202.0
58235,255.0
09179,81.0
66089,367.0
31228,2286.0
37131,1248.0
62762,126.0
83103,4002.0
65226,2919.0
44089,3627.0
42066,538.0
10227,352.0
69269,965.0
52472,144.0
50259,636.0
42028,397.0
44092,677.0
54139,381.0
95504,3970.0
73313,235.0
52288,112.0
18065,782.0
77403,810.0
58172,119.0
21314,78.0
86115,7687.0
22373,108.0
19229,4883.0
47224,159.0
57620,4505.0
27518,765.0
59554,617.0
39436,239.0
48127,1236.0
07060,269.0
76417,398.0
60301,131.0
07314,391.0
37260,508.0
14510,62.0
76134,285.0
80208,225.0
70057,160.0
15029,502.0
63319,707.0
67274,235.0
11432,345.0
2B231,116.0
11116,4061.0
62668,201.0
01056,356.0
88206,872.0
60382,8716.0
27085,1569.0
29265,1055.0
43004,118.0
61015,268.0
33122,16789.0
22391,1113.0
34326,97.0
57516,336.0
53228,559.0
89432,451.0
22064,957.0
13054,33003.0
68092,392.0
36152,437.0
35296,1324.0
15176,238.0
57394,337.0
11009,1595.0
30181,487.0
71052,727.0
57143,3359.0
61046,136.0
29097,2009.0
08471,32.0
88427,121.0
03262,2093.0
51002,1374.0
01082,616.0
27482,162.0
26159,114.0
17220,412.0
02474,394.0
11190,1254.0
30201,371.0
88306,51.0
81239,861.0
57163,2366.0
36104,226.0
74273,738.0
14076,5876.0
61196,1491.0
59552,194.0
78224,4673.0
57406,142.0
27498,365.0
55422,50.0
74005,4853.0
80049,154.0
29288,622.0
46074,388.0
64302,462.0
42016,421.0
76745,211.0
38194,2141.0
39527,124.0
21110,657.0
34106,188.0
27421,635.0
58132,227.0
33442,549.0
64025,95.0
82155,1918.0
49359,561.0
54289,359.0
95063,32017.0
71099,329.0
89417,112.0
28281,507.0
70457,105.0
60444,146.0
34263,444.0
80294,165.0
87101,125.0
03158,855.0
67387,295.0
80677,1592.0
56216,414.0
81299,381.0
61309,2001.0
55561,51.0
66075,146.0
28003,144.0
76243,294.0
02805,2541.0
76423,168.0
62740,311.0
51359,209.0
34068,406.0
51187,296.0
33229,7276.0
32375,87.0
76601,233.0
33130,1073.0
76630,230.0
42054,355.0
07114,211.0
39109,172.0
89306,361.0
32108,158.0
40128,695.0
51269,284.0
72261,291.0
39556,91.0
02814,163.0
68069,1459.0
25579,203.0
64307,202.0
55034,111.0
71368,292.0
15153,1459.0
89151,1370.0
88346,739.0
29037,4247.0
43233,1076.0
65111,61.0
80210,143.0
65086,148.0
68147,568.0
61349,156.0
02216,304.0
13009,850.0
42237,6611.0
49010,317.0
21496,1291.0
62845,514.0
31121,59.0
59227,5529.0
71168,173.0
88123,254.0
34190,263.0
35205,372.0
30240,389.0
85131,1471.0
55401,417.0
54009,163.0
02081,428.0
62539,247.0
27113,143.0
31289,272.0
21469,451.0
80686,726.0
37186,1215.0
76292,140.0
60145,473.0
65337,107.0
63114,157.0
07232,408.0
71034,334.0
74276,3465.0
53039,1725.0
88363,152.0
87117,1030.0
55255,261.0
35078,1103.0
59120,2006.0
70378,1596.0
27471,208.0
07234,285.0
67100,363.0
46027,130.0
76651,138.0
71332,479.0
70106,124.0
07285,112.0
71442,1576.0
49021,6994.0
59499,1992.0
52277,58.0
93014,29735.0
73022,571.0
02144,142.0
50362,281.0
73133,351.0
72232,690.0
59058,1024.0
58043,53.0
37078,423.0
41187,177.0
80723,247.0
43058,1109.0
63318,470.0
88220,46.0
64015,208.0
84103,678.0
65339,350.0
59042,1883.0
02256,128.0
55431,56.0
24240,335.0
49330,1166.0
22147,2964.0
09228,224.0
27124,218.0
12282,421.0
67097,1222.0
53102,166.0
14161,324.0
62664,238.0
88277,111.0
25421,90.0
64431,544.0
49236,127.0
02321,876.0
34166,2854.0
07147,246.0
43224,6023.0
84008,658.0
06020,626.0
04093,59.0
19033,763.0
61124,501.0
71413,792.0
46309,3198.0
62179,401.0
46259,140.0
35183,811.0
17030,586.0
09182,733.0
70316,86.0
23178,178.0
88114,3019.0
30251,539.0
34156,52.0
37180,626.0
32314,72.0
24019,434.0
39296,212.0
80105,172.0
68116,735.0
88387,202.0
38554,1856.0
36068,430.0
64476,432.0
21340,255.0
87032,1659.0
06016,553.0
32414,224.0
80672,625.0
50016,185.0
04206,422.0
77520,661.0
27650,457.0
61288,543.0
88493,24.0
09196,79.0
02311,119.0
61079,1765.0
54364,1288.0
19021,97.0
89068,2145.0
32214,105.0
58054,41.0
27148,409.0
43148,859.0
28071,712.0
33378,1488.0
22313,316.0
56194,2851.0
62643,13270.0
05121,188.0
40119,4620.0
50155,297.0
77431,5416.0
07004,80.0
25083,190.0
15108,970.0
24489,371.0
02139,453.0
59402,848.0
06111,113.0
49361,1892.0
14257,2037.0
52544,276.0
58039,240.0
62613,907.0
61366,131.0
67031,1459.0
36058,612.0
59280,775.0
02191,500.0
49188,850.0
11062,19.0
70526,616.0
14183,105.0
52140,679.0
01431,1234.0
62142,158.0
65393,149.0
54501,100.0
57525,56.0
21708,323.0
39277,51.0
39105,216.0
67078,281.0
13043,10083.0
85033,724.0
15163,1106.0
28321,833.0
31514,58.0
40066,547.0
33253,1097.0
70503,159.0
22315,284.0
31168,132.0
65168,413.0
54254,3458.0
28364,745.0
03069,310.0
67464,961.0
48158,99.0
35029,1527.0
36007,589.0
33436,1172.0
49374,1446.0
66167,1173.0
71136,275.0
32015,90.0
51612,3182.0
21713,354.0
73137,4181.0
05032,135.0
62688,4386.0
42031,314.0
57293,252.0
46121,141.0
14206,288.0
42270,1345.0
72383,132.0
02778,97.0
70348,615.0
40177,308.0
60003,510.0
22359,429.0
27557,471.0
21238,138.0
03148,347.0
11194,153.0
01362,829.0
85115,623.0
22353,2541.0
85009,1134.0
62039,909.0
57476,404.0
45084,428.0
26074,748.0
37250,2817.0
29156,2146.0
06133,70.0
63228,291.0
92047,1745.0
43242,68.0
93062,14877.0
52310,99.0
09062,213.0
12116,257.0
73141,730.0
63439,309.0
05046,6404.0
88398,80.0
28308,261.0
86298,2281.0
16069,382.0
57648,499.0
38331,1007.0
24484,917.0
50514,299.0
02368,560.0
73262,481.0
78343,1646.0
48138,71.0
61168,5116.0
91132,1119.0
25404,91.0
69242,894.0
08139,1044.0
45145,3750.0
14038,797.0
71039,190.0
82173,1151.0
40014,358.0
87125,4694.0
24116,182.0
26326,1467.0
67291,3391.0
87108,440.0
58085,720.0
51574,138.0
55269,74.0
65083,730.0
78490,31375.0
46227,220.0
21355,8676.0
19237,1041.0
30110,352.0
26236,224.0
54067,773.0
12034,294.0
43143,125.0
87011,3596.0
38222,742.0
33242,558.0
79231,713.0
66190,3752.0
14665,293.0
51333,685.0
25002,290.0
08459,139.0
77107,3401.0
77407,14516.0
09214,782.0
27288,612.0
11065,56.0
21568,684.0
21447,87.0
56105,1139.0
52007,88.0
21523,158.0
59442,273.0
33241,584.0
44166,5982.0
81017,139.0
30152,2095.0
37033,215.0
49272,1112.0
53137,2732.0
08376,248.0
39117,103.0
08211,713.0
59504,3779.0
95197,22510.0
63377,368.0
09114,132.0
79136,903.0
11327,545.0
2B161,63.0
39391,395.0
87119,1155.0
73014,293.0
33238,10708.0
18289,586.0
29076,4649.0
86189,464.0
60028,529.0
45054,533.0
68146,2394.0
07102,11203.0
65341,104.0
02815,424.0
34267,1741.0
72322,222.0
18095,162.0
45345,1110.0
54490,1460.0
11047,49.0
85202,1584.0
68160,575.0
69009,7947.0
67433,1408.0
78597,713.0
32332,120.0
21518,200.0
46090,156.0
57144,3359.0
18184,350.0
72074,212.0
32289,241.0
80639,1298.0
80243,44.0
72286,389.0
64405,4360.0
94015,17400.0
52002,26.0
70396,38.0
16074,339.0
42109,107.0
65276,116.0
62780,372.0
17160,427.0
38402,529.0
59126,1770.0
64403,183.0
80042,122.0
02607,91.0
58060,610.0
10144,156.0
49345,5826.0
18155,422.0
19113,654.0
72019,349.0
80728,78.0
33348,1346.0
24379,409.0
33181,276.0
62698,270.0
46058,421.0
35242,348.0
43124,946.0
11191,144.0
07187,135.0
13074,5223.0
88474,69.0
42219,1032.0
39528,386.0
32172,293.0
88104,182.0
25400,487.0
45125,109.0
31060,110.0
88132,1353.0
13108,15423.0
61462,1049.0
13020,2202.0
62360,1395.0
08276,718.0
51512,101.0
47015,2031.0
16275,170.0
11246,48.0
85137,499.0
33054,305.0
56177,7651.0
89217,134.0
46024,405.0
64500,307.0
62177,866.0
57579,126.0
65064,42.0
28225,641.0
69104,475.0
32088,328.0
25624,144.0
79271,377.0
08330,772.0
38253,1933.0
09097,117.0
19288,1237.0
31004,2764.0
62045,1480.0
34289,2963.0
2B309,1965.0
64409,822.0
21244,70.0
89323,143.0
70464,1364.0
41079,99.0
33318,66760.0
14370,3059.0
21081,127.0
12295,93.0
39255,217.0
60201,237.0
28038,125.0
65109,30.0
25239,185.0
64051,425.0
16347,511.0
88483,2265.0
85109,16453.0
82114,652.0
47088,626.0
02002,594.0
29269,1016.0
05049,58.0
28418,162.0
22258,3891.0
14239,98.0
32328,117.0
41115,400.0
56162,18591.0
60085,195.0
65015,98.0
31131,68.0
52178,364.0
2A128,93.0
19280,176.0
77169,7601.0
53211,1412.0
16122,138.0
52213,126.0
80530,603.0
19017,83.0
22235,214.0
31556,378.0
74079,694.0
15128,127.0
78364,778.0
03269,83.0
68364,1004.0
58040,144.0
93008,55056.0
86050,803.0
02354,79.0
32136,183.0
85035,5112.0
08080,122.0
81072,112.0
44098,5529.0
33376,7583.0
88449,195.0
83137,180452.0
61211,2114.0
40180,1176.0
87070,984.0
08399,144.0
88393,314.0
61453,243.0
57253,505.0
57521,2674.0
63299,101.0
57514,1188.0
63070,6373.0
54326,217.0
28118,424.0
23250,287.0
45025,1504.0
33078,494.0
67499,317.0
33169,109.0
82111,309.0
45227,1156.0
17172,2989.0
58098,108.0
62677,332.0
71555,2321.0
33387,1513.0
53220,377.0
38184,1635.0
05169,44.0
63182,564.0
47070,841.0
38058,2250.0
88140,361.0
47063,160.0
30259,4616.0
87186,318.0
62084,203.0
45159,182.0
85237,390.0
53259,360.0
10370,251.0
07104,99.0
50147,8353.0
74188,950.0
52136,105.0
45182,1247.0
82018,1178.0
25024,936.0
54597,447.0
77096,2543.0
2A027,52.0
47203,2445.0
02457,392.0
19234,488.0
77273,604.0
70188,51.0
22045,380.0
64301,1131.0
90051,459.0
29250,742.0
16088,1086.0
03160,415.0
50332,718.0
03136,216.0
08178,178.0
32395,206.0
14486,565.0
36125,113.0
82190,4866.0
03047,402.0
18141,6448.0
34249,2882.0
02473,220.0
35007,477.0
65250,117.0
55297,109.0
61011,402.0
22072,404.0
2A146,51.0
22112,439.0
35050,606.0
33154,2147.0
30092,1698.0
73272,177.0
51301,106.0
42200,1515.0
37039,483.0
53264,191.0
27652,302.0
33360,312.0
27645,152.0
18109,1706.0
34185,522.0
32293,76.0
23127,197.0
24452,185.0
62346,215.0
59114,1682.0
88079,1533.0
91022,122.0
80515,146.0
50295,148.0
82156,146.0
33215,189.0
80522,106.0
10358,1066.0
63403,416.0
33415,1948.0
73124,3076.0
54127,610.0
62651,478.0
52249,147.0
60243,175.0
07175,71.0
25289,70.0
53219,1381.0
19213,607.0
64174,50.0
16001,510.0
09329,710.0
14649,453.0
56148,1626.0
39407,336.0
09148,118.0
45244,2572.0
86224,1324.0
46040,223.0
02335,175.0
68095,1155.0
24557,7268.0
44053,2288.0
54408,225.0
41028,486.0
80571,478.0
41206,882.0
60051,173.0
73018,791.0
27301,1399.0
60610,760.0
18102,301.0
28147,613.0
63387,868.0
43018,1382.0
45282,3118.0
55377,95.0
31585,1744.0
60466,261.0
73276,419.0
32192,224.0
32458,238.0
31523,1739.0
51272,454.0
12283,474.0
41191,66.0
60043,609.0
43184,2462.0
67482,291313.0
60611,583.0
31304,453.0
28006,1806.0
82065,404.0
27115,334.0
67128,1904.0
62221,240.0
64067,2042.0
65050,80.0
86104,489.0
65058,143.0
63298,129.0
81140,10830.0
35094,1676.0
51223,61.0
15228,456.0
60261,542.0
28198,792.0
11340,544.0
66177,1570.0
51409,386.0
88164,102.0
62600,154.0
09254,261.0
59335,3004.0
62013,1879.0
23048,476.0
72110,1012.0
69249,3131.0
56229,1298.0
45285,16594.0
17305,417.0
21436,145.0
89149,197.0
80202,375.0
02591,138.0
51350,128.0
45291,1227.0
19047,361.0
88359,89.0
24348,320.0
69032,2076.0
68171,910.0
39182,682.0
42138,675.0
08131,67.0
55179,141.0
58207,967.0
32344,1702.0
53189,108.0
22293,392.0
67191,1842.0
65336,30.0
89443,1826.0
54149,1562.0
38311,724.0
95509,3757.0
56110,849.0
80778,123.0
23037,77.0
73269,746.0
13100,9619.0
27231,437.0
17004,207.0
37129,1072.0
62716,552.0
71108,173.0
79212,213.0
78325,613.0
17382,552.0
09142,125.0
61439,122.0
76165,10135.0
33124,722.0
27584,273.0
12119,1223.0
972211,531.0
84133,4346.0
58003,598.0
24455,734.0
34032,80341.0
81108,178.0
51030,5197.0
11128,142.0
26051,70.0
33426,237.0
31135,4781.0
64150,132.0
06147,4760.0
67145,269.0
91345,20620.0
31590,44.0
17146,3567.0
25256,889.0
89119,508.0
39538,62.0
22138,348.0
66122,60.0
63125,4053.0
39543,219.0
36101,1565.0
89186,521.0
51266,531.0
10185,209.0
23168,757.0
66174,2918.0
04090,205.0
76060,474.0
08058,221.0
86161,987.0
971129,17630.0
80517,190.0
64096,183.0
86280,352.0
81311,730.0
33064,41.0
57341,705.0
88288,6.0
14014,1306.0
88475,118.0
56028,1579.0
70037,258.0
39204,27.0
42005,10187.0
44120,5358.0
40090,458.0
05164,1095.0
22376,1684.0
60151,3322.0
87164,566.0
77521,2048.0
43026,447.0
80164,4414.0
35224,2846.0
48149,36.0
50338,311.0
42310,143.0
26062,32.0
14169,155.0
50081,775.0
31138,251.0
57682,10.0
30138,2265.0
64404,309.0
89018,769.0
31588,10369.0
15127,275.0
80077,312.0
85017,2426.0
05096,683.0
42233,955.0
30112,1734.0
54554,80.0
45110,316.0
76542,287.0
61054,256.0
59384,1441.0
34274,2759.0
25047,4991.0
44118,1439.0
51222,90.0
03080,708.0
40064,169.0
74220,8170.0
64397,118.0
77485,732.0
34200,237.0
29110,847.0
76531,326.0
39322,67.0
08078,837.0
43153,1876.0
40118,1463.0
78289,895.0
02672,247.0
82058,105.0
2B110,68.0
17049,77.0
59178,39648.0
40204,266.0
51215,120.0
45161,810.0
77224,254.0
19233,294.0
28121,105.0
40173,138.0
48092,4738.0
60504,1139.0
51539,80.0
28146,835.0
16078,5193.0
07214,203.0
95348,520.0
31174,533.0
72025,1951.0
64304,2681.0
09011,74.0
02225,83.0
14197,1088.0
02106,810.0
63414,575.0
36105,268.0
41020,456.0
17460,837.0
11118,45.0
58063,552.0
81189,122.0
31157,20341.0
90059,230.0
61442,231.0
51358,557.0
80477,222.0
38109,1016.0
83032,3405.0
37139,5075.0
36226,349.0
53257,318.0
12248,604.0
65241,85.0
65206,235.0
46271,407.0
39230,74.0
59333,248.0
15203,183.0
54150,3101.0
38490,1926.0
67333,298.0
23027,229.0
12013,3552.0
31145,2978.0
37109,10741.0
57294,192.0
16229,246.0
64054,800.0
84137,5929.0
01276,1634.0
61228,752.0
50341,2001.0
31460,4297.0
25571,521.0
54476,412.0
32163,287.0
32335,436.0
08200,181.0
87204,203.0
47039,39.0
05171,225.0
60519,173.0
32430,78.0
15011,183.0
88373,143.0
80352,161.0
62545,148.0
29302,3595.0
40186,832.0
36150,506.0
54515,248.0
26210,1021.0
02819,107.0
80071,1984.0
61482,378.0
62874,727.0
60661,993.0
69165,1148.0
60298,651.0
22388,1276.0
27185,559.0
67479,607.0
57013,2499.0
79167,221.0
80237,528.0
65059,7000.0
55042,507.0
47133,570.0
09016,215.0
76188,473.0
16196,717.0
22006,273.0
85119,2506.0
38139,1538.0
39102,224.0
27680,184.0
56252,1237.0
39271,392.0
57231,99.0
48139,256.0
81133,499.0
14218,406.0
18235,1117.0
45170,171.0
31193,1887.0
76688,399.0
60187,969.0
42092,2778.0
60168,214.0
72305,927.0
64543,274.0
14131,228.0
07284,183.0
07260,956.0
26320,816.0
37115,3294.0
18166,558.0
68025,248.0
24095,404.0
50335,496.0
56046,3422.0
76619,288.0
62693,1071.0
18100,676.0
70441,253.0
47178,401.0
57375,183.0
59403,711.0
69107,1055.0
34182,1762.0
02553,240.0
57119,1196.0
71262,158.0
90006,283.0
71309,1884.0
26037,4201.0
46190,125.0
70484,184.0
09159,88.0
74308,871.0
88133,209.0
71389,273.0
2A070,447.0
21008,572.0
61336,102.0
31407,1242.0
51584,152.0
67039,539.0
55479,157.0
52383,294.0
60339,354.0
58005,219.0
71312,248.0
90072,1083.0
09094,139.0
47043,1251.0
85061,1515.0
62297,3742.0
60668,727.0
46001,526.0
27286,391.0
21643,434.0
17155,2717.0
51141,770.0
51191,61.0
21304,259.0
19186,219.0
67198,113.0
28195,749.0
11161,128.0
81307,874.0
54546,935.0
76288,370.0
45259,1146.0
89467,800.0
26313,6252.0
54545,211.0
30214,2057.0
50538,437.0
81203,524.0
51242,4877.0
22242,1528.0
57557,1017.0
33164,1613.0
02197,525.0
02650,362.0
86197,413.0
13046,4392.0
10317,1197.0
70245,3780.0
25219,640.0
73302,366.0
27595,979.0
42184,11045.0
03134,194.0
67443,864.0
36141,1648.0
38310,1147.0
48056,420.0
46292,193.0
57124,2606.0
22224,1578.0
09100,99.0
58202,26.0
35109,2640.0
13079,1783.0
59524,5641.0
31083,233.0
74076,1701.0
65160,119.0
08086,88.0
32358,186.0
81126,180.0
50218,12581.0
14663,2529.0
76083,98.0
10067,1895.0
76263,1262.0
973301,1655.0
34085,365.0
70501,108.0
24323,186.0
89030,415.0
28051,4859.0
39251,439.0
23081,300.0
50612,751.0
46252,310.0
22107,1241.0
62092,405.0
34077,5811.0
50517,168.0
59445,1188.0
59496,232.0
05031,182.0
50412,2534.0
14035,1331.0
48039,1437.0
01028,621.0
74256,17133.0
54061,589.0
72311,337.0
50420,846.0
70394,61.0
51474,3526.0
2A160,247.0
88143,265.0
69082,281.0
27076,504.0
41042,533.0
12011,755.0
45086,276.0
65067,131.0
70509,121.0
27469,4135.0
77501,722.0
41221,642.0
21307,145.0
70435,844.0
71012,334.0
80479,343.0
89198,1690.0
54270,3880.0
71125,19.0
31015,22.0
30100,708.0
76056,612.0
57044,114.0
14101,4148.0
2B216,19.0
09314,253.0
88456,84.0
10368,1050.0
57756,312.0
51188,214.0
10002,227.0
52495,83.0
14739,1662.0
52436,49.0
79204,976.0
17297,2374.0
44184,72057.0
73059,2360.0
07116,1365.0
30292,484.0
41279,387.0
02210,358.0
89369,582.0
70364,120.0
11380,135.0
79085,132.0
11074,312.0
95288,8416.0
57535,1420.0
02029,348.0
26003,52.0
61190,71.0
13068,2200.0
08302,2170.0
46147,129.0
972214,6648.0
22144,1332.0
65303,375.0
54273,8130.0
60457,163.0
45239,418.0
80366,481.0
30255,3120.0
22199,1185.0
68063,11745.0
21530,143.0
05153,361.0
11122,776.0
25525,301.0
27379,449.0
24238,133.0
12206,624.0
41239,994.0
55340,365.0
54100,780.0
30262,250.0
76416,334.0
27017,1376.0
28236,2200.0
28370,480.0
86143,173.0
12181,207.0
71394,763.0
62676,439.0
22134,3085.0
72234,352.0
73232,698.0
39022,735.0
14190,125.0
60383,536.0
80507,1277.0
61420,88.0
34069,5146.0
09053,24.0
47315,889.0
01355,486.0
52331,2169.0
88060,32.0
36197,307.0
31221,48.0
58249,348.0
09104,779.0
72122,1074.0
33177,2365.0
66097,141.0
56102,2130.0
78466,6948.0
29124,7377.0
80576,324.0
53110,980.0
02415,157.0
54395,104260.0
87197,563.0
73021,835.0
51449,1027.0
84042,1814.0
68168,374.0
11365,42.0
87191,2022.0
57250,1444.0
95026,3082.0
45021,302.0
87177,1786.0
13202,23627.0
51382,115.0
62604,3870.0
14092,2433.0
64479,173.0
41193,148.0
11345,265.0
08380,215.0
22245,952.0
57703,231.0
09044,167.0
81162,144.0
62843,233.0
31001,119.0
65038,13.0
59542,486.0
37010,2190.0
26012,18.0
30205,256.0
35081,937.0
33424,4940.0
44081,4701.0
62031,1539.0
03107,1271.0
18069,412.0
65353,244.0
62153,640.0
82164,122.0
47004,4118.0
65383,195.0
51126,45.0
43162,2977.0
95054,218.0
45184,387.0
61207,593.0
77320,5928.0
07230,409.0
86182,356.0
52378,45.0
57470,7.0
54450,148.0
14408,2017.0
88360,147.0
32197,220.0
32463,516.0
67036,305.0
80565,85.0
39446,247.0
21201,239.0
11323,271.0
13008,564.0
86127,456.0
70263,245.0
38436,2224.0
33344,524.0
59553,5660.0
55293,175.0
26195,194.0
36172,499.0
36112,738.0
35099,3801.0
24130,871.0
65257,599.0
55170,115.0
89406,79.0
28212,209.0
40309,1128.0
81210,266.0
82175,282.0
38299,135.0
35134,273.0
59273,11223.0
70573,111.0
23185,306.0
15049,223.0
62558,180.0
01081,718.0
59077,258.0
77101,1054.0
77042,3285.0
09156,19.0
02702,609.0
52173,75.0
69296,3082.0
01163,2014.0
52159,26.0
87061,346.0
26039,899.0
18050,3692.0
88045,88.0
47299,175.0
25155,295.0
26050,82.0
55185,89.0
27529,431.0
59198,234.0
65073,361.0
02619,617.0
28222,386.0
67492,653.0
62790,161.0
58142,240.0
43116,62.0
2B305,2936.0
02701,697.0
30202,10600.0
91538,681.0
68279,909.0
81233,1732.0
26298,420.0
45142,3811.0
26212,1255.0
14238,113.0
08032,225.0
16178,185.0
49038,234.0
72130,720.0
21059,916.0
49271,2109.0
60437,79.0
82085,1275.0
13069,10554.0
11073,58.0
79184,1665.0
65439,272.0
26009,1309.0
23124,643.0
30314,239.0
62128,4481.0
58208,291.0
56002,2055.0
03079,289.0
67083,758.0
61321,419.0
62370,123.0
33227,7345.0
53212,446.0
27065,4689.0
82037,6804.0
79013,3213.0
88075,4041.0
59590,916.0
07341,3029.0
65093,209.0
974417,5074.0
13104,7563.0
19128,296.0
35125,4347.0
77432,981.0
28422,3938.0
66191,27.0
15117,590.0
50384,229.0
45015,714.0
17113,713.0
62206,281.0
37057,680.0
02248,155.0
59168,4722.0
55396,223.0
72133,1525.0
11251,734.0
19256,345.0
27013,503.0
21170,400.0
10121,333.0
21707,222.0
25147,2114.0
24007,528.0
62619,137.0
64550,828.0
62637,10210.0
2B043,1580.0
52420,129.0
61322,107.0
22119,595.0
21128,265.0
60408,780.0
36051,177.0
41184,596.0
22211,3743.0
60673,221.0
14229,2315.0
57193,2262.0
81293,379.0
34141,522.0
93072,40359.0
60146,473.0
27621,176.0
67523,2719.0
56149,2516.0
60692,138.0
63069,5494.0
38366,259.0
55358,187.0
32326,148.0
24229,1665.0
12165,364.0
85066,840.0
80692,1019.0
02596,756.0
16117,118.0
59367,13793.0
14406,1088.0
62514,241.0
63376,146.0
33214,5031.0
11318,131.0
38035,1112.0
89095,136.0
07119,252.0
88195,103.0
66231,549.0
24519,427.0
38087,6372.0
68294,1807.0
76500,478.0
70390,505.0
60278,406.0
56244,3279.0
64094,1861.0
63076,143.0
63077,413.0
87202,2139.0
10430,83.0
21573,364.0
18238,125.0
60683,389.0
14405,328.0
71563,74.0
63397,1128.0
22185,2487.0
02665,299.0
30328,1053.0
89370,1771.0
02806,292.0
88176,498.0
02158,270.0
14316,283.0
47202,307.0
33243,24557.0
35263,2920.0
55333,45.0
70574,54.0
54095,47.0
59282,395.0
11232,50.0
78310,3699.0
35258,326.0
40312,12920.0
972226,4478.0
13063,26405.0
62720,47.0
23102,351.0
91292,900.0
08180,1657.0
03313,273.0
17183,944.0
10112,179.0
94080,48798.0
17227,228.0
31482,209.0
59606,42991.0
27473,897.0
64286,433.0
40081,412.0
46167,110.0
46098,309.0
88345,77.0
71573,191.0
23039,532.0
76506,507.0
01441,735.0
17357,532.0
58276,222.0
34251,522.0
43177,3480.0
18042,337.0
55298,286.0
01366,1090.0
24566,462.0
18262,324.0
60481,602.0
65259,181.0
80403,167.0
51226,60.0
29007,898.0
67554,965.0
24266,1520.0
55397,230.0
04059,221.0
54194,518.0
08348,112.0
83100,4488.0
63317,536.0
80780,413.0
45073,505.0
91232,3649.0
95150,617.0
70373,291.0
90002,354.0
76119,203.0
26333,4050.0
60586,1053.0
21385,327.0
47220,290.0
35200,910.0
79109,3517.0
46171,235.0
67012,646.0
77479,13518.0
86279,542.0
60413,423.0
57764,1262.0
84061,322.0
79341,122.0
50282,295.0
13041,21174.0
62674,542.0
26076,30.0
76327,374.0
46139,202.0
12143,59.0
24295,1194.0
69090,873.0
62655,328.0
74148,289.0
89071,98.0
67038,308.0
76366,4133.0
22116,1375.0
72245,683.0
91525,1314.0
32295,138.0
21641,461.0
64044,79.0
82060,186.0
36181,158.0
03141,150.0
55124,299.0
11179,89.0
51580,443.0
89146,85.0
89037,518.0
64389,366.0
38417,483.0
13115,2123.0
53234,337.0
90001,1153.0
85281,1010.0
60521,403.0
03229,612.0
01224,3381.0
972220,11712.0
11040,1767.0
61391,3164.0
82110,1039.0
28395,429.0
29043,1836.0
80239,56.0
89058,117.0
07160,61.0
02059,2672.0
09059,124.0
83002,270.0
50490,362.0
11099,2575.0
26367,652.0
50593,591.0
27149,124.0
80357,228.0
80350,539.0
54386,93.0
78346,1544.0
74151,573.0
67384,303.0
28076,202.0
76714,797.0
88047,143.0
79091,947.0
25433,40.0
24464,325.0
34189,1687.0
08045,250.0
80558,218.0
81315,1378.0
52507,54.0
58125,90.0
78646,83587.0
23140,428.0
58034,185.0
77054,730.0
79108,221.0
62822,92.0
38006,3974.0
49323,7775.0
03182,262.0
45150,180.0
80252,251.0
89465,310.0
55279,446.0
89428,564.0
41177,154.0
31400,97.0
52031,365.0
16421,410.0
80541,206.0
44035,20331.0
60348,516.0
27658,376.0
40100,410.0
70431,252.0
12090,3188.0
26254,23.0
76420,363.0
12297,521.0
37216,1514.0
31488,11243.0
52072,383.0
09305,347.0
78356,9385.0
14401,139.0
27319,293.0
01235,1182.0
10359,513.0
32249,2239.0
84100,52.0
21434,194.0
14734,338.0
10240,469.0
66133,3135.0
50473,381.0
73214,246.0
41038,409.0
46231,1900.0
80404,143.0
02739,336.0
63111,121.0
58306,283.0
33145,664.0
77247,435.0
76168,66.0
55567,140.0
05156,505.0
55033,19.0
80640,263.0
78190,10399.0
55226,124.0
15253,62.0
22076,1378.0
25616,284.0
47307,207.0
76099,707.0
40304,3520.0
59278,4718.0
41138,307.0
73263,1157.0
80399,409.0
62318,10930.0
87198,402.0
32413,82.0
60525,122.0
74278,6379.0
71448,1390.0
02149,59.0
15070,203.0
89101,543.0
65203,25.0
78305,237.0
68288,399.0
60416,168.0
02808,275.0
24155,459.0
14515,1907.0
16175,1365.0
57321,554.0
89129,411.0
33354,196.0
12026,1054.0
11176,51.0
32195,44.0
52342,25.0
27497,1032.0
44049,4107.0
59571,4249.0
02532,979.0
31252,1950.0
76431,96.0
72173,1234.0
02779,221.0
24182,1493.0
48005,329.0
37042,184.0
46012,556.0
87132,109.0
88054,309.0
41017,643.0
71445,6199.0
28028,261.0
77131,15250.0
85204,2632.0
24372,5320.0
27190,215.0
18078,63.0
54117,114.0
17287,277.0
31401,388.0
72289,1987.0
31440,66.0
57587,247.0
07298,822.0
21320,790.0
11213,46.0
23188,200.0
51504,798.0
73006,4421.0
09266,79.0
62214,612.0
47251,322.0
86024,1549.0
52407,275.0
60660,407.0
36139,658.0
62878,381.0
55182,208.0
55284,73.0
88141,242.0
76725,580.0
64024,41153.0
48007,51.0
74034,639.0
2B010,363.0
44144,2358.0
69256,52139.0
56200,1370.0
21567,207.0
80472,167.0
39194,485.0
76720,955.0
36098,84.0
08494,451.0
54466,407.0
30020,2339.0
76362,290.0
11335,42.0
08456,230.0
70483,138.0
78431,3082.0
66024,5321.0
38200,3903.0
87133,483.0
17317,574.0
86190,719.0
69029,43049.0
76358,249.0
33021,1047.0
81067,466.0
11160,33.0
15012,6315.0
2B081,41.0
50265,189.0
61507,255.0
58080,164.0
11356,1113.0
47309,454.0
45346,2240.0
71054,686.0
85130,1678.0
88029,1572.0
27483,438.0
08264,503.0
02604,80.0
58153,69.0
43263,67.0
25113,140.0
59632,5598.0
78322,7928.0
27492,321.0
67309,5074.0
39469,118.0
73197,634.0
41147,1904.0
64063,1048.0
62027,212.0
85042,1893.0
40236,773.0
88055,163.0
11273,701.0
70247,205.0
84040,422.0
73306,1080.0
80587,83.0
36081,272.0
85205,539.0
76276,3702.0
88498,856.0
10047,42.0
40007,164.0
01083,1003.0
55541,530.0
13201,39436.0
22346,886.0
74222,500.0
26269,53.0
43050,128.0
07010,16873.0
46203,214.0
57705,210.0
29244,838.0
88389,80.0
18114,219.0
62064,165.0
53068,154.0
33554,2881.0
22069,217.0
01063,576.0
33248,2796.0
68121,732.0
90011,375.0
17286,587.0
69182,367.0
34051,3570.0
69113,903.0
28141,320.0
80087,240.0
17402,160.0
14531,47.0
70201,196.0
67181,277.0
52278,66.0
50233,156.0
2B078,28.0
24423,311.0
02065,574.0
01069,1505.0
62808,260.0
08087,135.0
01065,1851.0
91339,7032.0
33067,2283.0
81152,315.0
65158,77.0
11376,95.0
64296,146.0
05039,730.0
62007,797.0
28215,250.0
40163,597.0
2B057,307.0
31077,637.0
33105,208.0
85076,3685.0
63246,487.0
25267,680.0
59641,2022.0
14191,4137.0
09298,87.0
66226,1323.0
82186,5256.0
07183,516.0
80037,162.0
2A360,128.0
60582,750.0
63453,3358.0
49292,3464.0
78265,2512.0
16304,967.0
54534,521.0
80009,1016.0
31446,14949.0
95436,1667.0
31368,245.0
50457,184.0
27106,486.0
74143,3353.0
51528,125.0
50227,313.0
02378,123.0
55081,61.0
84079,272.0
27009,558.0
2A276,636.0
40272,1717.0
14166,2537.0
62427,26035.0
76161,97.0
30222,177.0
02804,200.0
15235,570.0
71229,228.0
50361,244.0
15100,132.0
43158,354.0
16361,313.0
82158,138.0
45201,174.0
34300,5337.0
65317,34.0
57401,84.0
31484,2502.0
43019,113.0
11114,42.0
39441,1222.0
54083,178.0
31470,60.0
37233,15909.0
63110,457.0
27031,1098.0
55510,125.0
81280,261.0
60615,131.0
52175,381.0
53084,4435.0
56233,1552.0
27496,505.0
27276,286.0
60105,431.0
09170,245.0
23162,370.0
15161,106.0
89451,252.0
76225,360.0
60572,284.0
54397,6619.0
24039,158.0
62754,518.0
14266,1509.0
76518,498.0
60640,169.0
89085,1104.0
80298,525.0
11095,320.0
81282,36.0
85271,435.0
58307,176.0
70278,213.0
51604,254.0
22121,1846.0
24259,1629.0
31435,962.0
52028,55.0
14290,804.0
95527,2738.0
38181,2507.0
47311,138.0
38287,1078.0
60140,306.0
62331,1015.0
63140,214.0
63312,137.0
47136,141.0
72009,355.0
03255,145.0
77060,749.0
31570,307.0
80577,171.0
85034,3451.0
41200,477.0
67372,5031.0
33186,688.0
78113,683.0
31032,7465.0
21139,222.0
27114,1205.0
45290,1800.0
29036,597.0
95628,1215.0
38551,41.0
51006,150.0
18261,397.0
56116,1557.0
65201,185.0
77148,1808.0
22190,3955.0
19155,259.0
58310,51.0
34162,4436.0
42011,2848.0
89461,1110.0
56258,1768.0
09060,783.0
62162,582.0
31006,228.0
27299,4005.0
72358,1625.0
06030,41597.0
71280,83.0
01195,1861.0
54400,1135.0
70328,330.0
47213,984.0
17224,2190.0
17314,895.0
21145,37.0
12195,279.0
56232,1065.0
03221,733.0
27169,1019.0
54123,1702.0
14138,298.0
78281,636.0
71541,376.0
77459,1517.0
32040,134.0
50279,584.0
62500,399.0
08011,213.0
71289,1158.0
75117,164413.0
24515,721.0
27403,236.0
56100,1771.0
28407,286.0
70314,166.0
51196,872.0
36077,252.0
70176,173.0
59525,2779.0
2A269,1429.0
27552,226.0
10140,1113.0
47264,1092.0
2B214,19.0
77438,6266.0
49219,417.0
70423,114.0
07117,2234.0
51415,200.0
84149,1736.0
63330,345.0
70255,493.0
28309,1089.0
10030,1563.0
01128,297.0
11366,529.0
2B208,109.0
16125,268.0
50069,343.0
73157,2944.0
24014,616.0
60483,521.0
77249,7102.0
31365,543.0
89238,531.0
39405,1014.0
50511,145.0
78089,5038.0
71414,437.0
21035,335.0
43149,116.0
68221,931.0
05007,348.0
78068,889.0
56263,2827.0
27235,160.0
62538,454.0
07169,383.0
41073,671.0
63311,320.0
51422,485.0
57139,280.0
24320,971.0
63004,1699.0
55336,149.0
72287,2001.0
14375,165.0
45067,4047.0
11173,131.0
54360,337.0
10202,216.0
82090,1053.0
83003,899.0
01033,16295.0
80070,1333.0
29145,866.0
09108,176.0
33526,129.0
57596,739.0
38218,1182.0
972209,74921.0
40111,699.0
71347,560.0
84067,2471.0
88024,120.0
67210,501.0
57509,500.0
65333,112.0
35142,1201.0
88249,74.0
16204,1278.0
10079,124.0
61066,102.0
13001,147478.0
13073,5613.0
34227,2302.0
02212,692.0
41071,534.0
02685,123.0
57698,311.0
88311,35.0
50382,633.0
33160,601.0
70101,508.0
26239,213.0
82007,147.0
57180,343.0
02204,63.0
61500,123.0
54029,2471.0
50598,262.0
67107,656.0
76120,447.0
42316,8479.0
47222,506.0
36107,741.0
27361,396.0
64348,13915.0
14088,397.0
03206,164.0
70092,179.0
43003,861.0
45051,1746.0
23192,1437.0
63325,424.0
42205,686.0
73070,681.0
27546,170.0
88270,2118.0
59610,1102.0
07345,938.0
31089,670.0
69264,35913.0
57621,107.0
51621,515.0
64031,178.0
39308,321.0
52093,2377.0
51287,649.0
25553,376.0
18191,174.0
85163,4485.0
83015,319.0
42122,1736.0
33127,216.0
32098,333.0
83009,8311.0
14657,311.0
10296,179.0
64335,9524.0
17077,1279.0
39398,413.0
70511,235.0
35218,887.0
53011,886.0
37251,914.0
80260,916.0
70228,978.0
43225,56.0
24493,93.0
27514,360.0
62173,5169.0
38533,801.0
67325,1394.0
66172,11550.0
67149,406.0
61064,92.0
14476,181.0
26270,129.0
71516,599.0
70080,238.0
52384,112.0
68159,910.0
76219,2460.0
83076,875.0
62901,997.0
81305,722.0
54512,107.0
35272,987.0
63429,39.0
25180,116.0
72247,1338.0
48137,601.0
01405,1270.0
76131,710.0
19176,1091.0
50411,682.0
15030,296.0
54025,1660.0
28397,401.0
14591,709.0
70090,61.0
12059,517.0
38061,3411.0
77322,3270.0
13060,5935.0
37183,1436.0
89160,758.0
82179,2248.0
15142,1704.0
69097,756.0
85218,1770.0
67515,561.0
01103,2261.0
17092,165.0
75110,83543.0
58141,73.0
80267,258.0
62254,600.0
21715,193.0
71132,2248.0
52276,232.0
62347,127.0
21108,108.0
82068,248.0
03173,1139.0
38519,2891.0
23022,380.0
73218,806.0
56154,1857.0
09162,14.0
31356,1934.0
76216,10745.0
91589,37371.0
39097,8000.0
19230,389.0
33166,497.0
12125,286.0
88014,184.0
71222,890.0
74179,802.0
02493,221.0
33471,1258.0
89205,443.0
55242,112.0
17137,223.0
42286,942.0
52106,123.0
14284,155.0
70451,2746.0
10350,639.0
50522,247.0
15266,580.0
80589,100.0
12044,1025.0
79078,984.0
39574,709.0
09109,184.0
88374,24.0
62060,2556.0
22330,378.0
81188,312.0
12233,295.0
03151,168.0
62649,759.0
78233,3020.0
69186,204.0
39222,84.0
29107,906.0
17055,342.0
52056,180.0
26048,77.0
17098,584.0
70236,458.0
39546,351.0
21488,189.0
56062,680.0
51508,202.0
85188,1135.0
47022,514.0
14565,257.0
51442,127.0
08383,101.0
77429,530.0
88460,657.0
88439,943.0
53247,2306.0
89216,321.0
61314,675.0
31518,600.0
11137,131.0
38213,599.0
25460,241.0
30134,313.0
56158,6225.0
38358,744.0
64331,770.0
90027,124.0
89057,290.0
35277,379.0
67489,829.0
73277,172.0
63243,380.0
39240,173.0
63427,501.0
57145,328.0
24406,140.0
40257,1398.0
55009,535.0
21599,2393.0
55360,108.0
60562,1583.0
07229,934.0
22201,754.0
78537,5870.0
26303,73.0
47002,107.0
38437,299.0
2B355,347.0
01363,1786.0
50328,764.0
95308,573.0
27260,657.0
63367,126.0
05128,702.0
53251,471.0
42146,64.0
60624,168.0
56080,1337.0
77475,5081.0
08450,223.0
09271,86.0
25270,142.0
19096,407.0
03177,247.0
77500,460.0
54253,773.0
05018,327.0
68064,987.0
14389,255.0
81092,925.0
65063,173.0
11368,122.0
52248,541.0
16395,295.0
10093,106.0
79123,2265.0
80490,279.0
19258,581.0
04116,3884.0
54050,68.0
65369,636.0
25355,63.0
35278,9837.0
38108,133.0
11072,175.0
2B088,219.0
01171,835.0
27371,163.0
19214,440.0
78267,7863.0
66205,877.0
27079,372.0
13058,2396.0
17453,1473.0
44070,4710.0
62176,639.0
62192,424.0
12049,455.0
24119,231.0
52287,90.0
81093,697.0
82021,189.0
40123,1175.0
59284,3874.0
82100,123.0
52446,235.0
47301,1053.0
54196,1694.0
72296,740.0
07128,377.0
17333,5170.0
54076,3927.0
11336,441.0
19130,440.0
85158,1188.0
03162,201.0
90010,45155.0
12207,345.0
22196,929.0
42227,400.0
24331,732.0
08169,93.0
76055,335.0
27611,311.0
87052,169.0
22082,907.0
41256,1247.0
67440,552.0
80264,86.0
02134,849.0
35351,1419.0
90037,961.0
51168,225.0
55044,35.0
36138,188.0
02719,2000.0
02765,235.0
31101,480.0
12141,227.0
11397,5416.0
27467,9848.0
42305,7073.0
02470,432.0
33361,562.0
80584,1063.0
76170,110.0
07221,245.0
80138,120.0
12025,980.0
08382,94.0
71531,210.0
33065,3773.0
09125,428.0
15222,206.0
69159,3975.0
48171,193.0
57161,103.0
33014,1114.0
29216,4213.0
81219,3204.0
02522,83.0
972207,17912.0
02249,101.0
22068,429.0
55537,79.0
69177,2094.0
33003,16798.0
31425,432.0
88181,2846.0
14669,207.0
95627,607.0
59224,1658.0
32441,63.0
72213,5220.0
64085,104.0
24330,703.0
69124,455.0
08465,43.0
21399,233.0
80602,127.0
33139,95.0
01317,331.0
88368,162.0
35291,434.0
02533,106.0
02712,139.0
10123,834.0
61392,125.0
62726,204.0
38520,687.0
67125,2246.0
55066,127.0
37168,284.0
91544,489.0
24451,800.0
91511,2169.0
08027,96.0
90026,1569.0
95529,882.0
37059,1336.0
61503,199.0
67350,2592.0
40319,270.0
31277,1606.0
81014,512.0
38401,1655.0
42235,329.0
69008,677.0
60153,102.0
12003,343.0
67553,313.0
60495,412.0
89272,284.0
11058,250.0
50096,213.0
08017,119.0
51368,46.0
07287,296.0
67305,1915.0
80216,152.0
02708,213.0
40071,596.0
47164,102.0
03002,305.0
62773,4649.0
63192,626.0
08028,982.0
89313,417.0
01357,505.0
24568,1052.0
54538,368.0
52266,65.0
60480,545.0
02355,998.0
57550,2472.0
69246,1309.0
05093,359.0
88302,993.0
91359,2802.0
08468,192.0
02239,1220.0
38518,514.0
67245,192.0
88239,126.0
43122,293.0
63129,167.0
62197,1770.0
10089,703.0
60362,176.0
61137,129.0
88464,506.0
72344,2843.0
51108,43877.0
72167,714.0
08040,870.0
80773,107.0
21574,377.0
08263,1106.0
03228,50.0
74061,965.0
54181,682.0
32078,228.0
25119,318.0
71107,336.0
34231,21.0
66043,142.0
26242,19.0
16323,476.0
62359,579.0
18216,488.0
82149,1863.0
01162,64.0
67155,1273.0
35360,18998.0
38239,7565.0
02235,114.0
74266,1082.0
66013,121.0
17347,6705.0
58312,269.0
79322,1980.0
54589,127.0
27350,1022.0
42206,1768.0
89096,899.0
73297,575.0
35031,4563.0
02577,91.0
09040,290.0
05014,187.0
21586,713.0
61328,263.0
03220,718.0
57749,158.0
55214,274.0
32386,148.0
39112,105.0
29032,2124.0
78242,13455.0
71209,722.0
09063,114.0
24371,470.0
76051,1900.0
71525,577.0
38471,1137.0
38555,1161.0
88331,55.0
09166,108.0
63021,671.0
2B145,207.0
43155,66.0
68246,1032.0
70117,1242.0
16388,935.0
12198,1933.0
19242,453.0
58245,164.0
56124,2509.0
58118,622.0
49362,1261.0
19137,62.0
17428,495.0
80756,61.0
21381,89.0
89156,396.0
49259,2308.0
39510,809.0
61218,1774.0
12194,862.0
2B213,57.0
57530,447.0
64056,137.0
2A006,3587.0
57212,735.0
34309,4685.0
50082,5867.0
90066,245.0
44138,1136.0
77190,266.0
29044,1863.0
31216,348.0
31241,293.0
31334,1335.0
59195,614.0
80656,1102.0
72269,3054.0
59321,635.0
27318,252.0
26283,24.0
73162,669.0
52301,62.0
44207,1114.0
88404,68.0
14069,1319.0
53069,153.0
42313,670.0
04081,386.0
02535,113.0
60054,878.0
60329,202.0
25031,13944.0
64137,672.0
30294,5482.0
02345,38.0
53226,810.0
80395,270.0
12294,643.0
14091,98.0
01361,1826.0
19026,249.0
71023,970.0
32445,152.0
08217,87.0
42021,1264.0
35337,3851.0
67472,4788.0
22127,1582.0
04074,100.0
21129,21.0
17233,331.0
60449,279.0
80504,76.0
25341,172.0
29280,2124.0
06108,5436.0
76286,672.0
25221,64.0
68059,1928.0
18275,139.0
25521,159.0
63009,605.0
51295,303.0
50334,272.0
76665,441.0
19100,1158.0
57331,548.0
64308,257.0
45334,627.0
52456,616.0
78290,1075.0
52015,84.0
03245,125.0
51663,1693.0
80145,144.0
56185,8790.0
73052,145.0
08084,275.0
54590,659.0
52464,51.0
54593,434.0
10120,199.0
17449,8195.0
50283,75.0
10053,615.0
51418,499.0
77472,479.0
33298,1022.0
61302,133.0
64153,76.0
59451,558.0
57140,565.0
61257,120.0
36027,242.0
27695,249.0
89091,566.0
17472,2316.0
78404,285.0
21025,64.0
25478,117.0
03145,751.0
61139,303.0
14057,1458.0
16049,362.0
41234,289.0
33416,953.0
41098,166.0
21657,2029.0
26347,5958.0
88062,93.0
59666,1536.0
54437,1146.0
27027,289.0
44221,1549.0
55219,100.0
60069,1121.0
24520,8812.0
2A064,30.0
24126,274.0
74260,1020.0
88001,62.0
54442,96.0
01212,714.0
91098,430.0
38032,580.0
55043,3021.0
28166,259.0
87138,549.0
33194,684.0
09259,152.0
77314,245.0
13056,48568.0
23016,181.0
58115,227.0
03291,400.0
62187,181.0
87012,441.0
06145,142.0
59511,1973.0
09050,515.0
44071,5958.0
21026,180.0
39200,210.0
64399,2392.0
09180,117.0
30080,887.0
18098,125.0
89282,663.0
72029,1974.0
71156,262.0
59031,369.0
14492,315.0
37062,1719.0
38281,2277.0
26030,2.0
57259,314.0
02794,185.0
63352,2008.0
76461,403.0
41093,272.0
22365,176.0
2B093,922.0
62556,314.0
60621,134.0
70443,91.0
69059,1591.0
31254,4242.0
42020,1199.0
68074,534.0
23108,142.0
90034,761.0
57097,5524.0
93077,30332.0
21189,435.0
56060,948.0
08189,161.0
24461,808.0
67169,2879.0
61081,893.0
81195,689.0
40268,717.0
56196,635.0
33456,492.0
14224,52.0
44050,2997.0
48028,143.0
64340,85.0
47105,288.0
79081,7151.0
57112,82.0
39504,225.0
51496,267.0
71346,1547.0
24011,1257.0
27427,417.0
87048,5158.0
76135,1013.0
17268,189.0
85264,1327.0
57482,1762.0
51482,687.0
78481,15832.0
64453,2904.0
42332,5170.0
11119,292.0
58257,60.0
84060,30.0
55272,426.0
05139,895.0
91207,6756.0
12281,749.0
69006,4840.0
58008,167.0
24419,876.0
64392,79.0
50074,2159.0
52138,64.0
53135,736.0
59518,455.0
44064,4976.0
78143,1515.0
62640,360.0
05047,130.0
59190,992.0
34101,5022.0
55154,1449.0
68004,5608.0
91286,27257.0
86214,7307.0
32119,4014.0
54272,466.0
94060,12081.0
60441,686.0
64444,459.0
65183,697.0
38086,415.0
68381,779.0
24124,241.0
41069,246.0
72235,376.0
43222,166.0
70240,1328.0
70070,26.0
58283,71.0
45069,957.0
18178,192.0
11360,2091.0
76239,783.0
37228,1110.0
64089,135.0
57228,189.0
09189,168.0
36079,76.0
34042,599.0
46026,123.0
71578,305.0
26069,124.0
02255,157.0
27360,329.0
64419,1592.0
68325,755.0
03111,1116.0
64135,827.0
62628,6659.0
24356,1641.0
86160,2141.0
11382,355.0
71350,851.0
51322,121.0
26295,1847.0
59086,2179.0
28408,113.0
55156,138.0
08461,202.0
81172,62.0
39586,28.0
971108,3198.0
01208,136.0
40075,2505.0
92002,63232.0
45002,370.0
38162,1476.0
52165,197.0
32279,711.0
31337,87.0
27401,181.0
86193,1204.0
16369,971.0
01436,502.0
03168,901.0
60647,2035.0
13023,4813.0
69068,2452.0
62383,1396.0
03140,1143.0
80789,153.0
70482,1530.0
17149,58.0
63206,1408.0
60287,364.0
19066,1726.0
62782,433.0
03037,259.0
08470,65.0
03172,122.0
87054,1153.0
80493,302.0
77435,1103.0
14286,467.0
30227,3361.0
37151,3291.0
09219,174.0
34302,746.0
06094,979.0
50492,2532.0
78443,911.0
68118,5055.0
62639,379.0
73036,726.0
32444,258.0
35021,1322.0
33131,215.0
25056,119198.0
67437,11390.0
03253,370.0
46264,199.0
54514,630.0
54511,111.0
85216,2063.0
39430,105.0
79046,569.0
14650,185.0
17267,1228.0
44224,1761.0
14085,818.0
51076,421.0
25566,319.0
25475,1356.0
45196,1629.0
42140,459.0
07266,113.0
21397,173.0
10246,251.0
32457,273.0
62876,132.0
60095,343.0
50004,540.0
13096,2120.0
42240,848.0
67370,669.0
32443,190.0
52230,283.0
80659,266.0
52265,1277.0
51174,63.0
78324,557.0
71518,281.0
28209,5623.0
67034,2483.0
54011,641.0
55005,35.0
71133,1626.0
41173,3393.0
33466,2675.0
02169,84.0
2B252,178.0
25100,494.0
27691,853.0
76270,2635.0
63102,764.0
2B307,1523.0
64520,842.0
11209,249.0
58299,219.0
62037,2806.0
80339,153.0
72330,449.0
27374,514.0
59481,4852.0
32452,261.0
17430,412.0
14643,830.0
80470,161.0
29128,387.0
76397,936.0
72197,682.0
33463,1309.0
27209,603.0
68296,962.0
63371,149.0
72065,2268.0
57298,371.0
45144,1136.0
69022,542.0
60061,76.0
19260,227.0
04207,98.0
53155,1327.0
21328,51.0
31049,600.0
03295,69.0
71092,491.0
41228,294.0
74026,5167.0
63328,53.0
76261,444.0
01085,394.0
58144,663.0
12028,517.0
2A038,53.0
80200,218.0
59476,3128.0
48145,147.0
62718,1390.0
51461,1014.0
79038,1181.0
67105,1417.0
95438,113.0
72067,995.0
14566,2487.0
69282,35882.0
22206,3961.0
15146,131.0
18230,283.0
22162,7191.0
82189,760.0
04237,125.0
30062,6105.0
63041,319.0
81217,456.0
77527,577.0
25406,563.0
33321,2167.0
44146,2146.0
76198,788.0
95678,852.0
39124,474.0
81064,1050.0
38085,10280.0
25175,91.0
31454,3612.0
19154,320.0
82002,3305.0
57504,278.0
07106,125.0
72038,541.0
84128,47.0
35018,1065.0
55106,176.0
21606,1785.0
84028,1104.0
24347,140.0
60092,207.0
49022,1353.0
11404,956.0
60314,332.0
01145,1207.0
21663,2784.0
70577,382.0
03099,384.0
16225,656.0
01305,2189.0
45005,257.0
32391,123.0
56257,668.0
60423,1158.0
25274,339.0
69201,1291.0
14701,825.0
82041,238.0
47204,287.0
32297,394.0
12200,1023.0
29221,1758.0
26261,395.0
08501,40.0
53010,442.0
34232,604.0
33545,1306.0
47170,629.0
68247,1242.0
30088,720.0
16279,224.0
65196,89.0
62096,548.0
73312,945.0
77456,832.0
07236,1119.0
17087,210.0
40256,719.0
63227,2354.0
60516,402.0
36207,603.0
57376,487.0
17193,2591.0
80250,345.0
64254,573.0
02315,1661.0
23122,64.0
51136,618.0
29163,3186.0
62266,91.0
2B350,216.0
42089,652.0
77041,276.0
08328,5592.0
93074,7478.0
41144,719.0
80181,122.0
30083,2458.0
50393,2614.0
46280,181.0
81018,2523.0
86300,623.0
15152,913.0
70054,225.0
48135,197.0
57117,574.0
89339,185.0
54182,316.0
39313,215.0
77003,346.0
19204,263.0
95392,5213.0
52099,744.0
12077,513.0
27217,550.0
25277,80.0
88430,498.0
39210,576.0
51239,105.0
17056,609.0
64349,496.0
60543,117.0
52326,39.0
76682,742.0
55173,38.0
88291,133.0
91560,476.0
08291,236.0
21676,208.0
42249,1652.0
26317,804.0
44200,339.0
02576,325.0
64363,323.0
95351,12083.0
87192,1568.0
34335,421.0
72372,77.0
02448,113.0
01010,1125.0
51018,892.0
70412,70.0
16195,293.0
17070,959.0
65388,839.0
10314,411.0
68207,705.0
76230,460.0
16015,41086.0
40052,207.0
17031,200.0
974418,34344.0
48082,101.0
83011,1401.0
35312,1818.0
80552,1122.0
37236,614.0
16268,204.0
41194,18115.0
19116,261.0
14329,125.0
60094,310.0
77235,318.0
33402,2615.0
23189,1125.0
87067,447.0
59371,628.0
66144,5402.0
52416,62.0
17243,1211.0
34044,337.0
68090,827.0
29015,3542.0
51165,1017.0
02060,252.0
57178,356.0
37230,971.0
14404,123.0
08039,496.0
23193,2497.0
37141,961.0
88041,100.0
57554,717.0
29021,1940.0
52004,10.0
13030,5662.0
76093,360.0
02506,200.0
55094,532.0
70171,1251.0
36005,3778.0
84077,464.0
71122,556.0
02472,399.0
35003,995.0
54188,1374.0
54115,6594.0
24390,332.0
73221,87.0
47099,620.0
53033,116.0
51397,137.0
35172,1955.0
38388,2646.0
69170,1164.0
03287,381.0
02101,178.0
04031,546.0
19050,414.0
60011,416.0
22312,221.0
63095,203.0
33029,5654.0
44121,430.0
60309,902.0
61158,137.0
52137,22.0
41058,192.0
77288,42367.0
43086,172.0
10442,707.0
55291,3803.0
78264,62.0
53188,2510.0
33306,536.0
62506,1636.0
2B286,892.0
26224,282.0
86210,747.0
74118,2619.0
38197,1849.0
21537,118.0
60088,4785.0
78234,186.0
52045,1795.0
66219,47.0
26171,183.0
64256,7577.0
02803,145.0
62125,459.0
33304,139.0
02370,571.0
39292,147.0
02082,113.0
29067,1273.0
11422,343.0
64122,25764.0
85002,2137.0
63380,769.0
13042,6794.0
86142,637.0
08055,425.0
16109,740.0
62348,153.0
80118,116.0
33531,366.0
70047,100.0
64258,84.0
61007,4216.0
60418,402.0
05082,171.0
59361,3814.0
50039,133.0
35143,917.0
10354,136.0
59149,1086.0
81086,164.0
80452,531.0
29027,3648.0
28325,1096.0
33438,2033.0
73324,190.0
53271,2694.0
25040,801.0
14764,980.0
35079,2365.0
14285,76.0
11088,1643.0
51531,1761.0
95014,2697.0
04161,323.0
89280,382.0
32268,813.0
27252,326.0
87001,5839.0
64535,538.0
02409,277.0
59489,4015.0
11192,803.0
02714,354.0
86255,1284.0
37011,1938.0
01230,308.0
70172,110.0
11339,498.0
2B002,233.0
78368,1709.0
31207,83.0
31477,43.0
67026,170.0
40023,339.0
12280,375.0
37070,340.0
74139,1062.0
39531,184.0
65403,102.0
86094,584.0
64375,282.0
62492,236.0
65036,130.0
51173,127.0
14368,261.0
50554,1431.0
91691,28699.0
39576,942.0
05040,3065.0
84131,1957.0
45139,494.0
02534,45.0
23217,334.0
33521,759.0
31044,17385.0
41248,1028.0
69187,654.0
61118,114.0
21357,114.0
32164,117.0
12307,298.0
29025,1544.0
36025,603.0
11272,2594.0
09075,285.0
50305,725.0
95012,207.0
55374,74.0
83151,930.0
02058,832.0
55237,233.0
77264,1497.0
03285,177.0
06065,7133.0
68248,672.0
19077,134.0
19023,1247.0
51623,291.0
18008,487.0
77368,504.0
83139,585.0
59541,999.0
15243,466.0
59022,2238.0
36189,967.0
87131,813.0
46243,192.0
73317,687.0
973305,18847.0
65068,25.0
44077,2693.0
27531,205.0
17303,1015.0
80815,832.0
52101,40.0
16336,347.0
84084,1399.0
22385,1125.0
10371,305.0
972221,11887.0
59395,288.0
08460,154.0
35196,7658.0
34057,24888.0
02824,376.0
68096,375.0
37204,1348.0
02001,507.0
30250,396.0
81112,958.0
08485,196.0
33540,2684.0
45115,3824.0
27083,263.0
45123,1880.0
76686,530.0
38001,6576.0
61388,168.0
78557,977.0
17270,612.0
55037,133.0
88467,573.0
15055,444.0
87201,4924.0
62859,258.0
91100,648.0
30289,84.0
21541,204.0
57657,23.0
36030,242.0
60215,595.0
33083,1022.0
59112,11309.0
15216,424.0
46145,795.0
42191,999.0
27112,4287.0
41029,1510.0
82141,561.0
78128,1536.0
68377,787.0
89403,86.0
13116,790.0
71395,211.0
35256,2208.0
25153,136.0
29120,1955.0
35279,1225.0
77145,605.0
56067,5782.0
35130,2278.0
82117,1296.0
61178,52.0
51245,583.0
26018,9.0
62741,116.0
56104,807.0
86052,991.0
55202,142.0
14637,207.0
70512,217.0
2B327,181.0
25414,129.0
91458,4482.0
12004,440.0
33444,568.0
69199,19360.0
51361,166.0
70578,177.0
89378,730.0
43181,750.0
2B297,53.0
70579,424.0
89007,440.0
76569,222.0
25261,80.0
70459,1095.0
57686,245.0
57687,211.0
51459,107.0
02640,153.0
26251,441.0
81205,188.0
57604,645.0
54390,102.0
11284,461.0
51380,3557.0
95219,28987.0
65363,450.0
60023,535.0
71591,504.0
2B101,81.0
70010,99.0
05130,201.0
08014,134.0
08105,46398.0
35071,430.0
28178,330.0
77350,20692.0
85102,721.0
34297,429.0
85201,506.0
64511,3484.0
24501,472.0
89040,186.0
03306,1913.0
02523,71.0
51572,233.0
37048,324.0
67320,622.0
28079,308.0
49223,5935.0
73082,733.0
90061,48.0
95574,7404.0
70461,111.0
31156,369.0
02742,119.0
77122,22240.0
39443,116.0
71576,279.0
24001,631.0
35280,1032.0
02807,666.0
41128,719.0
67442,1280.0
77142,4779.0
13044,5274.0
32241,170.0
25138,124.0
35357,294.0
12074,291.0
51388,5074.0
59345,2403.0
24207,664.0
70094,302.0
31548,44.0
61114,151.0
67188,703.0
22250,998.0
45213,630.0
64170,200.0
26117,56.0
29063,434.0
34095,7197.0
70419,112.0
80616,195.0
21422,130.0
52356,111.0
18274,314.0
11166,73.0
02379,195.0
18057,1703.0
59073,597.0
83019,8173.0
13077,16136.0
33445,831.0
29224,1214.0
43250,40.0
31396,4077.0
31301,133.0
45325,287.0
02231,936.0
76293,245.0
25545,139.0
60579,332.0
08353,714.0
42285,4108.0
10439,122.0
39451,508.0
57039,2136.0
50101,231.0
62058,200.0
62525,10568.0
56103,294.0
46314,174.0
973306,11764.0
03209,152.0
07098,79.0
02699,273.0
80500,495.0
38002,1068.0
02615,355.0
88142,426.0
61326,350.0
37020,1759.0
68012,1760.0
71379,1241.0
17259,158.0
27358,575.0
54488,37.0
04195,604.0
10038,194.0
12139,141.0
01237,1671.0
68181,250.0
73083,221.0
35096,2431.0
55123,712.0
76595,1829.0
79201,1677.0
23134,215.0
89368,900.0
64541,304.0
08483,525.0
14030,1676.0
57328,90.0
71447,271.0
24141,193.0
62548,10494.0
21049,38.0
85213,4245.0
76558,1181.0
46333,187.0
11437,887.0
12258,998.0
62498,32618.0
27654,1120.0
09316,108.0
11243,636.0
02067,208.0
64323,113.0
10081,12299.0
2B067,36.0
89206,9218.0
37211,2625.0
44145,3203.0
38110,2333.0
27343,1262.0
25549,629.0
14540,286.0
76685,669.0
37126,345.0
60381,254.0
09079,796.0
63199,502.0
63054,647.0
35321,795.0
31136,2260.0
61371,134.0
51086,328.0
24193,459.0
46328,350.0
50066,2382.0
77250,165.0
70446,628.0
08059,27.0
51204,1335.0
81034,386.0
62032,4842.0
47156,865.0
52229,151.0
14306,384.0
40207,1508.0
21368,238.0
64194,379.0
14271,5303.0
19247,194.0
66212,3821.0
47154,376.0
31389,4191.0
80701,430.0
27271,317.0
71001,811.0
10326,164.0
84075,447.0
71186,256.0
80388,207.0
85190,3519.0
65260,91.0
38092,96.0
21315,1217.0
59271,20331.0
64182,74.0
88375,477.0
33056,16004.0
23001,1433.0
29056,1980.0
55552,81.0
26255,25.0
37231,1680.0
57508,4394.0
26178,537.0
35274,1003.0
03192,154.0
89414,1395.0
04041,301.0
48017,1072.0
24031,290.0
01113,815.0
31496,257.0
91393,630.0
27016,7937.0
18056,235.0
31262,435.0
87074,233.0
25044,59.0
31563,1387.0
89067,1106.0
38286,13.0
43174,942.0
19044,266.0
86286,384.0
80575,75.0
64035,2344.0
23103,320.0
76354,1379.0
44065,767.0
04007,69.0
86263,2925.0
60323,641.0
57248,89.0
65285,192.0
80113,336.0
82053,291.0
15125,127.0
63071,692.0
53202,296.0
39462,684.0
45248,2306.0
46107,175.0
45305,221.0
51038,178.0
72059,819.0
31555,504078.0
82012,580.0
57659,3218.0
88482,55.0
80758,210.0
13021,5708.0
28393,2209.0
62406,265.0
70029,238.0
61163,1556.0
11412,57.0
73328,2271.0
66063,233.0
15148,433.0
70205,200.0
87064,2094.0
28232,599.0
59249,11456.0
68358,471.0
40033,161.0
50270,396.0
24021,398.0
26031,1049.0
32009,93.0
66193,228.0
14606,231.0
45188,2548.0
42163,1050.0
08026,306.0
24005,388.0
10097,153.0
31187,12546.0
17173,225.0
33279,783.0
39121,413.0
73047,266.0
10153,616.0
65047,7982.0
13084,5377.0
60022,640.0
88304,4782.0
34158,99.0
57639,533.0
27495,240.0
85220,1606.0
68320,1392.0
11294,53.0
40113,530.0
22358,541.0
21620,159.0
34195,56.0
67184,1904.0
61339,2125.0
33200,11572.0
85036,582.0
02662,330.0
51634,295.0
08052,70.0
59303,2323.0
89348,2203.0
24570,37.0
17180,97.0
78321,5814.0
62231,130.0
15208,133.0
12273,299.0
57538,297.0
62797,277.0
59193,3053.0
35306,2346.0
63121,1257.0
88386,439.0
31366,689.0
14761,840.0
14100,1911.0
74136,2068.0
14546,223.0
53181,807.0
29240,974.0
11220,700.0
26233,241.0
84113,816.0
38054,1509.0
29229,1111.0
12133,6000.0
51594,63.0
91631,2296.0
11371,733.0
53047,261.0
27147,675.0
25179,61.0
22015,1707.0
16108,125.0
62809,135.0
53076,315.0
31428,59.0
03143,90.0
03032,236.0
06074,1200.0
56044,802.0
53026,518.0
82171,1362.0
43171,86.0
38051,1425.0
46041,161.0
35324,615.0
38161,1122.0
13002,21490.0
58198,300.0
37112,373.0
72347,291.0
34041,965.0
76447,15457.0
60529,75.0
63109,512.0
89375,85.0
52245,60.0
87113,5947.0
46312,270.0
32361,129.0
68039,542.0
24564,689.0
24338,444.0
24468,299.0
19159,86.0
10395,290.0
86095,3185.0
61264,59.0
06121,1471.0
88388,120.0
73015,1790.0
02143,185.0
25538,116.0
76164,4078.0
26180,210.0
28298,2780.0
40262,314.0
72174,103.0
66098,218.0
31192,766.0
51607,199.0
37179,2555.0
17058,3541.0
70099,72.0
39558,303.0
55325,50.0
88479,243.0
86011,184.0
70403,243.0
02244,64.0
27520,142.0
08273,76.0
52193,299.0
70547,167.0
49017,623.0
77090,240.0
24227,948.0
23077,447.0
84145,771.0
73095,383.0
59308,913.0
21376,100.0
78398,876.0
71500,88.0
62543,1998.0
77124,1742.0
64018,459.0
39453,450.0
70027,71.0
78297,29406.0
36109,1025.0
26339,1583.0
24326,197.0
39319,144.0
73107,643.0
65162,32.0
24246,432.0
31329,207.0
18168,225.0
64445,77066.0
52546,16.0
79132,309.0
25234,169.0
18021,259.0
49284,1405.0
23154,722.0
08286,109.0
61382,1101.0
88005,205.0
85196,1924.0
52030,53.0
15191,642.0
61240,418.0
18067,706.0
76344,440.0
62781,452.0
28159,342.0
62468,210.0
14336,468.0
76174,416.0
08477,107.0
01262,6838.0
38543,2193.0
10393,183.0
79273,799.0
70254,266.0
52247,202.0
56118,4075.0
51225,334.0
68332,976.0
79040,230.0
47298,204.0
80130,420.0
11267,1102.0
21510,157.0
18015,5476.0
25074,993.0
22304,680.0
08237,637.0
31305,197.0
41297,768.0
57412,3960.0
82076,1606.0
91235,13983.0
02389,665.0
82017,1478.0
04076,801.0
16271,2388.0
47205,193.0
28423,607.0
18281,2095.0
14039,780.0
31323,396.0
57205,2550.0
52079,633.0
55311,26.0
76226,155.0
54372,527.0
02674,49.0
05149,368.0
95088,1166.0
76348,690.0
19240,303.0
71073,5454.0
38505,790.0
23009,91.0
29300,1609.0
72151,1139.0
34117,574.0
89137,465.0
05051,26.0
80222,1359.0
2B223,500.0
46208,302.0
24225,2741.0
71363,81.0
43200,2017.0
16218,409.0
95304,279.0
70380,151.0
80282,510.0
59458,1004.0
89021,285.0
55224,572.0
79191,59309.0
67135,751.0
69046,4606.0
35307,1039.0
46164,253.0
78385,216.0
88401,452.0
32372,287.0
81080,65.0
57706,539.0
24359,109.0
71558,1123.0
46043,192.0
33134,266.0
82015,163.0
58180,514.0
26213,687.0
38238,1980.0
68219,867.0
64043,285.0
67486,1824.0
53160,375.0
62146,263.0
60303,194.0
80006,247.0
57736,624.0
77481,187.0
46064,917.0
69179,4135.0
01114,685.0
60048,282.0
21675,37.0
90090,434.0
36118,370.0
24516,1185.0
43078,3177.0
47174,737.0
17458,186.0
71585,1380.0
56215,1093.0
02273,196.0
39154,1426.0
52341,130.0
14578,1332.0
77444,331.0
10217,34.0
04008,1017.0
18140,1348.0
64114,587.0
68019,558.0
50472,206.0
2A048,507.0
15019,221.0
51433,248.0
09242,54.0
60645,306.0
86242,393.0
36017,363.0
25519,939.0
02168,15204.0
62235,2469.0
01050,386.0
56130,3203.0
58024,280.0
03061,381.0
09177,261.0
40006,709.0
24194,1590.0
54598,268.0
45175,1567.0
85127,2413.0
74089,977.0
51044,776.0
02153,785.0
25019,384.0
03320,777.0
38081,1991.0
02617,501.0
58147,273.0
80501,289.0
43198,301.0
91027,36222.0
08117,161.0
23244,570.0
38427,293.0
38486,7997.0
80786,144.0
09336,960.0
59200,481.0
64236,54.0
89442,239.0
09323,88.0
81178,360.0
07086,957.0
41072,412.0
71056,2367.0
77159,2747.0
31041,109.0
51562,2187.0
19124,1511.0
52375,52.0
66021,7619.0
08390,78.0
70564,312.0
46056,107.0
70087,143.0
52414,750.0
79197,98.0
65404,156.0
34017,501.0
51230,22001.0
64522,559.0
77185,656.0
50591,1677.0
89309,3333.0
59447,8719.0
03137,269.0
49368,1986.0
23191,178.0
80445,259.0
11357,212.0
21299,88.0
71521,106.0
32388,407.0
26144,2068.0
57740,809.0
72184,359.0
81028,107.0
64115,160.0
55522,110.0
54052,151.0
45047,410.0
91216,10760.0
57217,886.0
42177,2576.0
42074,1074.0
62732,319.0
72185,659.0
45050,1323.0
64493,2052.0
80304,96.0
01345,2240.0
88031,101.0
14319,984.0
16245,903.0
22164,1874.0
11086,888.0
76716,1550.0
26321,206.0
62722,89.0
60065,1595.0
71490,1005.0
57689,340.0
28280,9341.0
56242,638.0
22219,2406.0
64414,119.0
31106,2506.0
63026,2524.0
80796,177.0
61427,189.0
11032,253.0
57105,151.0
29040,2799.0
07257,121.0
55068,104.0
58050,44.0
61001,25555.0
39206,220.0
72175,1512.0
32165,226.0
54261,4253.0
89202,249.0
76754,709.0
22249,607.0
73236,2962.0
80273,343.0
76063,463.0
27345,206.0
57569,334.0
81193,339.0
09265,2860.0
43261,626.0
77330,6800.0
53028,564.0
46176,713.0
36225,176.0
31383,1280.0
59638,1331.0
09176,515.0
61372,111.0
48067,100.0
41294,1102.0
58045,158.0
12018,181.0
27125,661.0
10260,658.0
25073,830.0
14679,669.0
60229,232.0
19027,114.0
08185,3151.0
33429,319.0
34026,218.0
55103,22.0
56174,2796.0
51599,336.0
43118,261.0
47263,603.0
76600,1713.0
23136,275.0
69005,607.0
44140,1506.0
69381,29016.0
68245,406.0
51313,339.0
30329,442.0
70036,156.0
49045,610.0
78478,219.0
44007,2450.0
53210,1528.0
11039,49.0
42232,633.0
54101,126.0
70202,266.0
33423,616.0
85305,834.0
10110,578.0
22177,1412.0
71372,2009.0
04142,47.0
02166,358.0
09200,95.0
79320,664.0
14305,661.0
58133,73.0
55316,404.0
35363,4335.0
58201,140.0
07097,693.0
27015,1310.0
29161,3247.0
47273,191.0
19209,166.0
10179,465.0
36155,794.0
72237,498.0
35165,971.0
19241,281.0
65214,45.0
66096,1043.0
23145,289.0
25183,77.0
89453,1109.0
30031,203.0
63447,66.0
59467,2410.0
84068,1042.0
77433,2035.0
50486,625.0
71241,480.0
51576,1383.0
79218,193.0
78053,498.0
16306,312.0
24574,331.0
08320,538.0
63210,3127.0
23019,28.0
80521,219.0
62425,138.0
86061,1072.0
33373,580.0
16227,137.0
60057,56677.0
83107,14448.0
80154,214.0
77233,603.0
24346,384.0
07331,3485.0
13053,6172.0
37107,237.0
05115,463.0
88238,387.0
31152,96.0
30189,148104.0
60354,29.0
42015,1448.0
65113,285.0
50536,164.0
85046,3838.0
65461,91.0
63280,343.0
21130,405.0
80036,530.0
2A357,47.0
02284,102.0
31455,2619.0
55278,196.0
2A104,1357.0
63106,1740.0
59019,1064.0
78185,382.0
39523,185.0
59378,39356.0
63469,710.0
81117,742.0
89134,326.0
65207,62.0
88233,645.0
02075,193.0
52016,67.0
16045,369.0
77465,643.0
21709,179.0
43020,4546.0
01093,5059.0
49089,1049.0
80283,161.0
11369,3064.0
24509,669.0
63412,531.0
35040,3670.0
68037,480.0
40199,269.0
60269,346.0
77021,153.0
40086,543.0
53013,557.0
26259,272.0
56143,5041.0
2B222,38.0
55263,162.0
81295,445.0
50023,692.0
88519,664.0
56048,732.0
73280,348.0
31591,78.0
32318,100.0
87149,362.0
50070,64.0
61084,176.0
32303,62.0
46066,644.0
11046,55.0
59150,544.0
15167,113.0
88366,278.0
31224,1180.0
31028,1242.0
72351,1034.0
79340,326.0
52499,44.0
23196,254.0
89015,477.0
30077,1626.0
02659,506.0
03074,641.0
02259,386.0
04135,706.0
55062,105.0
19030,967.0
76515,532.0
51106,127.0
76412,715.0
57442,245.0
70389,58.0
81161,113.0
79249,2183.0
82099,537.0
64026,377.0
32313,138.0
47293,383.0
14365,2521.0
73069,959.0
21445,148.0
54540,562.0
17426,267.0
71553,276.0
24029,542.0
15065,78.0
02461,356.0
02586,139.0
55412,188.0
24297,948.0
35330,1022.0
57373,919.0
38443,466.0
28142,185.0
42302,8042.0
01275,2538.0
66055,778.0
36052,150.0
88166,359.0
15082,291.0
76584,222.0
89043,98.0
2B346,3212.0
13086,8673.0
02369,243.0
17114,201.0
65255,31.0
64241,485.0
66187,1757.0
70020,244.0
21255,359.0
77255,2215.0
34089,1371.0
02711,279.0
84099,4746.0
64185,59.0
51514,110.0
16416,494.0
59037,3606.0
39363,83.0
07326,113.0
21071,721.0
07032,159.0
79177,202.0
26264,315.0
64448,1821.0
54376,403.0
95428,21870.0
33522,45225.0
57317,105.0
76750,1037.0
24492,71.0
08405,238.0
60391,216.0
47029,511.0
02612,121.0
03179,300.0
45313,817.0
16331,91.0
11245,37.0
62802,188.0
28026,239.0
90085,90.0
62042,1059.0
59583,476.0
84016,5410.0
83085,2968.0
22263,351.0
29158,5130.0
02773,40.0
76618,9625.0
41094,1186.0
71137,4990.0
21406,253.0
54407,94.0
66173,1231.0
25376,159.0
30234,287.0
18128,168.0
24351,323.0
39034,308.0
86075,783.0
33126,818.0
60227,224.0
07299,118.0
62248,476.0
19168,79.0
29008,1012.0
33295,88.0
40196,563.0
27306,3067.0
62017,202.0
80606,1130.0
30089,1720.0
24082,1541.0
34029,668.0
36218,145.0
08249,235.0
91112,123.0
71075,634.0
28137,823.0
50161,603.0
07294,555.0
29251,667.0
50500,654.0
27396,472.0
19273,805.0
83120,5931.0
39422,515.0
04186,92.0
60343,602.0
70493,447.0
06045,76.0
84140,557.0
26004,2645.0
43240,264.0
34338,67.0
38497,145.0
37037,204.0
59385,2654.0
32248,142.0
33337,2145.0
28047,717.0
40167,655.0
07188,1729.0
62602,201.0
61256,151.0
39582,784.0
60242,504.0
45347,808.0
36148,413.0
13212,63108.0
30005,213.0
38369,1001.0
2B172,567.0
02725,136.0
38300,369.0
40310,8421.0
22122,739.0
16123,477.0
2A254,190.0
72050,1529.0
40203,322.0
74315,1068.0
45327,3435.0
16260,263.0
12057,938.0
39263,382.0
36046,4034.0
54071,163.0
71406,123.0
19205,90.0
11186,53.0
54495,4285.0
61248,511.0
31115,57.0
34079,9269.0
2B116,30.0
01446,1569.0
89235,875.0
37144,509.0
49138,2543.0
17205,386.0
31388,356.0
71135,854.0
77450,3396.0
87124,377.0
46249,122.0
38404,284.0
81053,336.0
02786,129.0
64381,277.0
49161,341.0
36012,362.0
27338,681.0
51045,103.0
54391,1579.0
38515,2135.0
28269,1918.0
51206,116.0
71391,549.0
88215,76.0
80008,901.0
88202,193.0
32422,42.0
76606,187.0
80279,758.0
88197,353.0
15080,149.0
76570,316.0
33116,401.0
25218,167.0
57232,769.0
39027,183.0
63382,417.0
24252,829.0
74163,2249.0
26289,1405.0
69198,769.0
83016,10007.0
33539,4204.0
87094,522.0
44114,27872.0
51213,50.0
15111,206.0
03315,1268.0
84121,292.0
15121,108.0
47280,2380.0
03003,984.0
39137,423.0
67455,703.0
77397,1864.0
53140,4355.0
08163,259.0
25188,738.0
47276,296.0
93066,113942.0
02563,153.0
64456,50.0
21607,2314.0
46297,1205.0
08005,160.0
38211,349.0
59083,246.0
72034,433.0
61080,84.0
11005,1364.0
78164,840.0
30210,3373.0
22118,4222.0
21088,274.0
02766,237.0
21050,209.0
22105,1148.0
57468,658.0
83023,17664.0
18010,201.0
28135,1195.0
14346,691.0
66154,59.0
65075,140.0
32235,154.0
31529,111.0
65126,142.0
2A228,1968.0
82192,552.0
12069,259.0
60630,198.0
02681,282.0
70056,319.0
95177,1285.0
07082,200.0
77256,183.0
58231,383.0
62529,1609.0
38544,31051.0
62496,224.0
55472,114.0
76258,4208.0
18162,249.0
87062,471.0
60340,525.0
54542,2335.0
72323,445.0
47128,1090.0
91581,905.0
58252,134.0
51124,49.0
23125,96.0
01360,1988.0
42103,5026.0
38141,756.0
37177,711.0
30228,1742.0
10356,318.0
02503,826.0
21020,221.0
35066,8237.0
76551,854.0
40289,248.0
23033,453.0
01101,150.0
76650,1226.0
74206,1067.0
60141,10652.0
53141,1171.0
47131,692.0
29075,15460.0
17011,394.0
11183,265.0
58248,213.0
55080,78.0
56213,1312.0
55210,39.0
03279,554.0
76469,420.0
26140,722.0
01167,658.0
57483,3377.0
34153,2047.0
2B356,148.0
49070,690.0
27025,946.0
03015,330.0
88111,349.0
72291,965.0
77252,573.0
32124,186.0
59021,1796.0
69092,7614.0
54238,273.0
16142,208.0
04005,123.0
49100,470.0
44033,3221.0
59647,2577.0
70430,65.0
22018,304.0
21558,907.0
38073,206.0
15264,270.0
65001,300.0
38076,1918.0
55490,335.0
38192,213.0
80779,822.0
29031,4651.0
14326,843.0
25230,3245.0
55162,30.0
41059,6719.0
12222,182.0
61143,2406.0
59386,11213.0
50419,3188.0
33372,57.0
65387,122.0
60609,923.0
17085,413.0
89201,1778.0
67466,508.0
60597,1743.0
38230,1067.0
61195,201.0
14708,297.0
10428,99.0
27130,414.0
05184,214.0
02426,541.0
28259,335.0
70279,5551.0
64231,472.0
74145,629.0
972205,4499.0
88025,70.0
21102,145.0
73247,964.0
32379,213.0
54001,317.0
33017,283.0
01439,98.0
76585,392.0
62119,24992.0
89486,149.0
80090,150.0
56039,989.0
91175,1706.0
54144,365.0
76390,1119.0
31405,121.0
81146,238.0
17237,597.0
54535,197.0
78655,612.0
2B107,136.0
83147,9.0
16041,116.0
84045,452.0
16141,332.0
80238,534.0
36200,1509.0
88502,126.0
40074,574.0
81016,167.0
12288,1598.0
76121,368.0
22287,1456.0
14593,680.0
71106,2819.0
23068,516.0
62694,188.0
32133,261.0
89116,360.0
50078,427.0
43204,168.0
24421,193.0
51601,164.0
24318,317.0
17195,273.0
24533,78.0
73271,313.0
65309,14.0
89464,5136.0
41045,1086.0
62833,73.0
74285,422.0
63331,235.0
03316,1051.0
33381,3440.0
17074,1085.0
86170,364.0
07068,568.0
81138,569.0
10239,583.0
10231,623.0
54458,112.0
57067,2859.0
71291,955.0
76666,414.0
25449,138.0
19163,335.0
37165,434.0
31180,144.0
66040,43.0
59307,871.0
67106,5292.0
57297,185.0
33147,467.0
87044,316.0
84072,6269.0
10278,138.0
21420,158.0
32333,182.0
78126,20476.0
44157,1742.0
46132,516.0
28378,505.0
63265,2234.0
08458,179.0
09321,309.0
72165,1900.0
62074,230.0
2A271,3278.0
18132,138.0
81019,148.0
41046,1054.0
54311,591.0
63323,175.0
18126,1371.0
69014,1115.0
57694,465.0
40087,344.0
22316,463.0
24399,108.0
54141,154.0
48176,93.0
70433,1380.0
53162,981.0
25374,542.0
55122,5319.0
91326,18424.0
10331,573.0
89257,7068.0
23007,232.0
18082,1019.0
78072,245.0
62259,1942.0
82182,335.0
59121,645.0
68132,733.0
39078,697.0
06078,324.0
27378,1139.0
93061,16865.0
21361,508.0
28092,232.0
42007,217.0
37255,262.0
60394,104.0
79251,728.0
59339,9588.0
03159,773.0
37174,802.0
59213,455.0
72041,350.0
16191,186.0
66204,326.0
45338,6846.0
69093,1198.0
01234,167.0
17065,1863.0
86281,5620.0
55095,108.0
62598,698.0
02724,59.0
22307,2066.0
11117,131.0
27577,432.0
28245,372.0
80574,96.0
33222,643.0
19015,709.0
81022,208.0
04013,614.0
86117,518.0
07093,272.0
18013,299.0
77080,196.0
41123,682.0
11359,483.0
28062,882.0
12024,192.0
973309,27274.0
78082,632.0
52445,69.0
50115,389.0
43075,72.0
07052,637.0
68083,373.0
25014,941.0
54380,417.0
53056,960.0
76642,268.0
71071,263.0
58281,582.0
32053,188.0
57436,128.0
68258,3080.0
88148,1880.0
17421,7183.0
11293,954.0
78050,674.0
56068,312.0
59103,513.0
25091,480.0
50019,414.0
59551,1738.0
55399,113.0
76100,1227.0
82112,13748.0
57746,1529.0
54044,199.0
61071,169.0
56123,2244.0
15105,35.0
64325,202.0
88042,80.0
51262,1769.0
80585,2308.0
80604,85.0
70012,664.0
25142,328.0
62279,1383.0
70332,53.0
36164,230.0
10242,155.0
10398,73.0
27307,481.0
71527,194.0
27038,273.0
59072,250.0
60171,177.0
40138,285.0
29136,1169.0
73030,3553.0
84073,979.0
62579,546.0
51058,4011.0
31394,126.0
79310,495.0
14367,429.0
25231,120.0
62375,88.0
15236,600.0
33476,696.0
37104,6208.0
63384,134.0
60325,2264.0
90050,240.0
57153,2156.0
63174,119.0
67275,820.0
05074,203.0
57517,272.0
50568,452.0
31421,4356.0
80700,883.0
71348,137.0
41122,231.0
36131,466.0
24499,859.0
24571,1731.0
17323,1315.0
80242,404.0
88105,214.0
85164,2160.0
58150,107.0
09160,6035.0
89480,1583.0
68359,1668.0
21704,108.0
38226,1419.0
02011,1181.0
79106,405.0
26198,40399.0
57426,928.0
34120,6823.0
80595,295.0
10214,88.0
17046,369.0
60336,187.0
69278,5520.0
91654,588.0
52251,971.0
21229,97.0
70124,84.0
70005,128.0
2A089,131.0
18269,648.0
38131,2024.0
62757,5916.0
2B157,27.0
23209,183.0
80396,376.0
14118,108200.0
73004,429.0
59060,233.0
21101,170.0
33315,1646.0
14687,196.0
02809,66.0
33530,879.0
27042,83.0
26079,1531.0
63123,232.0
972227,9350.0
59063,1959.0
57334,314.0
27090,3786.0
44016,1097.0
11106,5751.0
51255,13.0
28270,222.0
35123,4309.0
80041,138.0
02782,218.0
2A358,51.0
28171,973.0
09091,196.0
46007,993.0
60702,244.0
38350,558.0
95355,5788.0
58038,151.0
61485,189.0
62690,230.0
24215,185.0
67313,6094.0
04187,39.0
47296,156.0
30162,669.0
80649,1269.0
78202,557.0
12244,895.0
63297,377.0
26343,107.0
21242,299.0
26275,1667.0
24038,425.0
88332,212.0
27602,5530.0
01135,2288.0
10280,823.0
62532,1286.0
79102,441.0
31501,467.0
59331,3435.0
65287,623.0
51407,393.0
26182,1520.0
2B329,111.0
08351,72.0
67314,528.0
57459,289.0
60588,379.0
50275,119.0
60392,790.0
21703,49.0
70432,319.0
21656,690.0
39153,809.0
07025,204.0
971125,13004.0
30009,173.0
86260,314.0
15169,823.0
62537,102.0
57475,555.0
32301,874.0
40223,234.0
35275,5402.0
33182,714.0
48095,12316.0
63104,113.0
47118,173.0
22079,2320.0
18142,661.0
72378,1405.0
25575,800.0
33486,366.0
70141,117.0
68038,1169.0
34080,480.0
73051,4933.0
14469,94.0
33230,531.0
11030,111.0
974415,105240.0
27398,1538.0
17440,376.0
53232,315.0
32415,88.0
72294,474.0
57622,1885.0
33151,927.0
24449,943.0
59615,2649.0
85152,5391.0
33226,2191.0
32025,159.0
70440,35.0
07063,413.0
32041,162.0
91553,7472.0
36120,666.0
07211,462.0
21236,256.0
68021,4102.0
69209,568.0
64175,145.0
53041,277.0
80046,53.0
48071,62.0
89324,685.0
71423,429.0
62433,81.0
33132,546.0
25102,49.0
27567,274.0
70251,101.0
85160,3012.0
55476,472.0
39252,724.0
71011,428.0
54433,227.0
76707,1193.0
76522,1285.0
11140,1267.0
22379,1541.0
24051,226.0
58176,642.0
60505,889.0
54209,64.0
88121,272.0
13037,8867.0
61167,2993.0
06002,51.0
01257,350.0
85300,4720.0
87147,45.0
65005,439.0
89006,146.0
2A092,1159.0
79269,417.0
52108,148.0
11419,65.0
70425,146.0
79225,386.0
58161,145.0
64238,2066.0
89023,971.0
89195,1235.0
02373,189.0
74135,554.0
17130,479.0
71166,111.0
45323,216.0
71033,868.0
51438,71.0
45177,240.0
34160,663.0
63180,1158.0
32167,314.0
26061,652.0
39472,213.0
09012,28.0
77230,159.0
56013,3834.0
34063,2640.0
71070,2151.0
65459,103.0
66123,152.0
43006,125.0
51453,1060.0
32212,209.0
50616,1925.0
55160,37.0
62269,721.0
45093,2644.0
85211,2522.0
30103,956.0
05050,807.0
02706,567.0
64226,194.0
28346,56.0
80336,80.0
39127,112.0
81008,295.0
26334,137.0
89005,839.0
08056,41.0
85186,1013.0
50621,66.0
70264,43.0
54053,155.0
02413,244.0
21044,101.0
62399,657.0
41253,272.0
71313,382.0
48010,364.0
02697,381.0
55562,127.0
71520,1235.0
80645,555.0
88103,82.0
57215,355.0
63046,272.0
86100,3969.0
86112,1167.0
43165,1523.0
61404,661.0
05070,3585.0
80099,219.0
76612,269.0
88469,100.0
62544,181.0
74296,947.0
46179,127.0
17212,171.0
28158,1153.0
27165,4905.0
67126,293.0
07103,308.0
80132,209.0
15199,72.0
67281,4309.0
11234,191.0
70048,135.0
34030,219.0
07067,328.0
76591,3152.0
17239,448.0
39267,92.0
45230,730.0
01106,176.0
59446,690.0
42135,542.0
46230,89.0
70322,282.0
17327,319.0
87158,1402.0
80157,92.0
28050,271.0
28070,3706.0
51195,807.0
18254,589.0
15009,183.0
39074,202.0
67066,2595.0
54456,623.0
47244,384.0
02047,108.0
50359,2943.0
25631,581.0
28383,702.0
53064,959.0
28324,887.0
47318,979.0
27359,223.0
88528,153.0
70557,126.0
86015,1262.0
67339,4192.0
57431,415.0
2B364,36.0
14126,1310.0
45083,2103.0
81302,57.0
24191,175.0
29122,685.0
14595,246.0
16104,464.0
42271,4771.0
972224,16135.0
02629,323.0
16325,128.0
61474,3660.0
31391,454.0
29033,513.0
26335,208.0
66049,7648.0
17391,2408.0
44101,6488.0
47048,1354.0
2B239,215.0
13087,5209.0
62730,1602.0
95046,147.0
31148,521.0
18054,245.0
16357,138.0
38101,1036.0
51336,57.0
03147,168.0
33451,522.0
70519,106.0
29195,6682.0
14571,306.0
31003,1280.0
18283,80.0
17355,519.0
32045,418.0
78502,5608.0
85215,3860.0
82061,151.0
02749,214.0
33210,220.0
62523,5255.0
51486,368.0
10157,214.0
42211,2431.0
55424,46.0
21622,247.0
68066,67730.0
02046,557.0
51446,431.0
62247,585.0
19035,536.0
09025,58.0
08204,76.0
94081,96205.0
95612,4589.0
74133,10175.0
44068,3480.0
09253,394.0
02290,2719.0
02264,726.0
62864,645.0
33219,2659.0
41296,1434.0
76101,2862.0
77253,330.0
32173,216.0
82059,293.0
55344,23.0
43087,2631.0
01118,1296.0
80023,281.0
50601,4439.0
71477,486.0
27376,219.0
41259,814.0
08314,845.0
39401,237.0
87122,1173.0
48108,77.0
57469,588.0
57451,167.0
02537,207.0
64149,237.0
24167,2535.0
54417,245.0
21526,41.0
80704,381.0
57649,472.0
67505,400.0
59230,5202.0
29099,825.0
57582,2116.0
10399,722.0
17486,688.0
62660,454.0
76647,4436.0
87008,146.0
70558,150.0
51602,63.0
58290,43.0
88244,518.0
02792,156.0
23060,140.0
21197,35.0
76049,269.0
93049,21415.0
49221,799.0
17250,483.0
64108,912.0
42017,502.0
45127,3263.0
51468,382.0
19170,229.0
27661,424.0
02572,501.0
12083,1469.0
03205,455.0
65195,136.0
53018,1317.0
54537,689.0
25071,479.0
43168,116.0
14205,220.0
40106,216.0
91494,4147.0
02141,1769.0
48099,2078.0
58284,39.0
34343,1226.0
45109,555.0
68223,806.0
02049,739.0
47241,679.0
38280,522.0
29066,1825.0
62441,208.0
80259,85.0
43048,601.0
17012,158.0
33211,610.0
16290,235.0
64078,221.0
45253,1726.0
07206,67.0
02516,70.0
59597,696.0
71100,205.0
23203,220.0
15194,102.0
77132,2949.0
86003,334.0
35093,10219.0
25550,245.0
16019,1283.0
03057,196.0
63391,244.0
67121,802.0
59477,4469.0
59379,762.0
57640,471.0
85269,422.0
60206,898.0
76384,8729.0
64498,391.0
89462,304.0
52423,634.0
14202,266.0
27390,1111.0
14125,1807.0
67178,285.0
66102,33.0
52344,29.0
33288,280.0
38324,703.0
47323,21629.0
52124,77.0
79263,612.0
87035,518.0
02227,121.0
56160,1286.0
81197,211.0
22061,1384.0
2A200,133.0
50471,263.0
28208,377.0
38052,3063.0
11109,51.0
80353,157.0
68061,1060.0
12118,528.0
57022,1311.0
39084,141.0
02288,347.0
29130,5138.0
27035,99.0
42194,204.0
33365,197.0
81007,97.0
10188,206.0
34217,6107.0
21335,110.0
91661,10322.0
73073,546.0
60263,264.0
24165,410.0
33383,276.0
63144,333.0
03293,291.0
25101,573.0
39419,62.0
38105,2469.0
08147,76.0
80733,317.0
59176,320.0
59124,2501.0
02546,186.0
81006,203.0
70159,95.0
57428,2802.0
78522,883.0
80790,167.0
24470,287.0
40108,897.0
11320,288.0
19076,410.0
02494,128.0
66022,61.0
09173,286.0
38465,1116.0
51404,109.0
62461,855.0
02054,524.0
31299,3818.0
70384,223.0
33135,124.0
34224,1350.0
57229,151.0
85077,507.0
76091,233.0
31009,188.0
63454,539.0
83058,4354.0
58164,657.0
36099,300.0
17109,1441.0
62044,853.0
50445,366.0
21569,206.0
02073,703.0
01383,1641.0
37092,653.0
02705,202.0
50340,186.0
52292,704.0
08361,1637.0
74280,6600.0
27006,154.0
91599,1207.0
25422,168.0
42189,9863.0
42098,571.0
57581,349.0
64014,667.0
31057,1535.0
01102,973.0
03109,792.0
62549,1061.0
78262,1263.0
85293,1568.0
32032,327.0
70289,213.0
76668,365.0
38154,224.0
36147,140.0
28405,1108.0
31468,243.0
71539,79.0
47176,169.0
67203,409.0
12240,403.0
47090,359.0
54108,150.0
80426,437.0
54567,347.0
60633,393.0
63225,1020.0
08408,562.0
27565,688.0
29248,863.0
87065,6080.0
61405,501.0
67557,808.0
69058,398.0
54533,2638.0
40294,1566.0
51091,134.0
05048,202.0
33190,96.0
25029,251.0
70115,237.0
61111,332.0
32054,375.0
36088,10992.0
30346,1773.0
51302,91.0
05142,449.0
54036,1199.0
03213,260.0
32239,446.0
12237,639.0
972230,11747.0
34157,12664.0
57120,114.0
66160,1244.0
64069,228.0
70025,241.0
51340,543.0
28124,755.0
11084,1001.0
29249,721.0
01349,524.0
64496,5822.0
34283,127.0
02776,563.0
24548,277.0
57129,775.0
89426,384.0
51519,38.0
19121,2253.0
37047,1242.0
30119,159.0
59088,1793.0
88159,505.0
92044,68009.0
39352,143.0
36006,4848.0
54370,225.0
53079,377.0
01322,5098.0
83089,639.0
14558,1121.0
55545,16689.0
36010,852.0
25508,1125.0
24288,281.0
52487,63.0
2A071,224.0
36013,409.0
21224,61.0
02489,349.0
57032,4651.0
23146,236.0
68154,14829.0
51610,390.0
60280,106.0
37188,900.0
07049,58.0
71499,4295.0
21227,495.0
70565,53.0
57624,588.0
53066,1375.0
16151,895.0
62043,2052.0
88209,8849.0
2A268,84.0
2B084,249.0
59210,2134.0
90005,432.0
59659,2821.0
57304,358.0
42149,5550.0
62883,196.0
17436,776.0
26095,974.0
54255,83.0
49253,1121.0
37210,846.0
69023,1669.0
32236,58.0
39095,120.0
80713,288.0
62180,295.0
08500,56.0
64017,320.0
60594,280.0
59614,1379.0
17404,679.0
27547,866.0
80681,305.0
07062,139.0
76620,272.0
55137,48.0
43044,205.0
88286,97.0
13103,44731.0
75105,56841.0
19067,212.0
65009,169.0
24313,47.0
21370,883.0
80813,96.0
29004,5713.0
80140,113.0
55105,175.0
68193,766.0
54264,345.0
67498,708.0
19181,417.0
26181,231.0
71494,513.0
62151,514.0
17007,316.0
18263,664.0
50274,1025.0
59433,903.0
25430,38.0
09024,198.0
52280,195.0
12098,492.0
54373,613.0
85010,1415.0
40279,14317.0
09119,535.0
79015,189.0
17063,466.0
84098,619.0
46329,332.0
14009,1383.0
19043,442.0
65314,206.0
21661,1808.0
02194,177.0
21052,26.0
12211,133.0
63264,245.0
03267,652.0
63008,580.0
08498,382.0
82072,1011.0
19164,828.0
79002,311.0
77024,395.0
16263,387.0
71370,619.0
89394,72.0
25473,701.0
89072,309.0
21338,151.0
62505,532.0
41024,179.0
48178,223.0
28368,204.0
50546,3312.0
50513,196.0
12144,128.0
60267,164.0
12047,444.0
2B168,2029.0
55448,42.0
71004,1163.0
30130,822.0
86088,913.0
974401,11434.0
24186,331.0
30335,141.0
01448,400.0
60270,332.0
71182,1464.0
10251,253.0
14588,348.0
54591,332.0
63022,1967.0
55189,0.0
71495,871.0
57547,718.0
32222,232.0
57591,9697.0
70517,414.0
29071,797.0
31478,1258.0
62562,174.0
03033,180.0
77188,1003.0
24257,227.0
21631,56.0
56156,352.0
76126,325.0
10034,2877.0
21390,5309.0
47211,203.0
62070,265.0
10094,593.0
55348,367.0
43202,60.0
62601,348.0
02040,176.0
07179,136.0
89233,202.0
10265,3267.0
83055,5890.0
88513,2112.0
33452,884.0
76592,800.0
38150,6720.0
17454,380.0
74306,623.0
71513,1127.0
94076,57753.0
21091,49.0
85304,758.0
70095,616.0
76448,1448.0
07027,1838.0
12084,1552.0
57405,52.0
62703,383.0
80421,298.0
02276,117.0
93057,24165.0
19013,866.0
09064,40.0
974405,12617.0
57126,319.0
39019,209.0
71316,367.0
59465,792.0
21682,262.0
22113,20344.0
32451,179.0
87017,490.0
32468,71.0
80103,61.0
27468,576.0
15131,276.0
89397,379.0
25442,720.0
21437,243.0
77376,779.0
54282,157.0
10068,116.0
61416,77.0
42278,141.0
64410,5846.0
81025,236.0
24413,286.0
12293,134.0
40073,119.0
47255,162.0
26373,240.0
46104,88.0
73065,59856.0
31219,449.0
71128,85.0
64072,652.0
15090,590.0
15037,1026.0
32269,509.0
01109,2249.0
80742,73.0
62483,248.0
55257,48.0
65328,94.0
65159,352.0
17403,773.0
2A215,851.0
04144,352.0
46279,204.0
58179,253.0
34056,1215.0
26276,476.0
65237,159.0
68136,335.0
80391,90.0
59616,10446.0
82152,393.0
54205,2616.0
30344,5621.0
27277,749.0
60685,1010.0
19065,66.0
80525,179.0
85235,427.0
75107,47947.0
33257,454.0
25598,522.0
17468,156.0
65296,426.0
86169,358.0
76357,351.0
28184,340.0
58311,238.0
45147,21438.0
56146,1447.0
59012,3204.0
60062,312.0
10049,530.0
64310,487.0
23240,411.0
59246,566.0
62824,225.0
53027,203.0
74067,2913.0
27163,188.0
85029,2136.0
72139,982.0
63061,492.0
46011,369.0
69162,1355.0
71130,227.0
07317,1121.0
77158,197.0
28382,882.0
37267,4732.0
07277,147.0
72003,11013.0
52120,181.0
21231,159346.0
77168,2143.0
61160,187.0
53170,1136.0
57284,108.0
86151,179.0
79255,394.0
34204,1545.0
38537,7500.0
45235,4333.0
64559,748.0
64317,2129.0
71509,471.0
62724,8797.0
17429,3641.0
25038,157.0
17283,4273.0
49003,1743.0
41136,6235.0
07001,369.0
59034,2600.0
60119,1898.0
41099,494.0
50360,278.0
77349,6739.0
09183,101.0
2B293,202.0
76669,431.0
59127,137.0
18011,2057.0
80025,326.0
57159,3799.0
72007,501.0
31546,130.0
58104,1480.0
68338,3928.0
54569,188.0
36082,249.0
45168,547.0
12021,1593.0
51200,369.0
27477,696.0
61060,146.0
58242,123.0
29268,1929.0
75106,40209.0
67134,180.0
86145,1155.0
26114,3230.0
01420,1655.0
29218,1600.0
37060,1336.0
2B106,12.0
71200,717.0
33258,317.0
27664,518.0
33528,644.0
28291,519.0
89472,438.0
80064,167.0
37198,313.0
30027,2577.0
52545,107.0
24307,246.0
81027,161.0
31286,651.0
76222,4020.0
42126,1268.0
21309,89.0
71187,1609.0
16084,342.0
80491,72.0
67330,905.0
59354,714.0
69184,992.0
67301,2259.0
17047,238.0
23152,68.0
35261,234.0
78070,287.0
86201,207.0
50453,785.0
27097,668.0
58220,628.0
63375,174.0
22320,174.0
57651,637.0
17232,1532.0
60191,622.0
61379,233.0
50639,3851.0
16335,123.0
86165,5919.0
63057,243.0
68254,823.0
62018,270.0
60389,242.0
10125,310.0
08387,182.0
16170,391.0
44176,3188.0
14214,177.0
25528,70.0
04110,984.0
27162,242.0
10270,262.0
17387,1937.0
41176,738.0
46112,255.0
43139,53.0
80109,333.0
35120,5890.0
38560,1535.0
16164,238.0
02130,200.0
65070,535.0
80561,6009.0
43216,2420.0
15041,259.0
16192,3829.0
60700,1200.0
57216,140.0
77031,961.0
66215,174.0
11051,180.0
60446,4185.0
14083,669.0
17455,659.0
10027,58.0
95429,390.0
51072,229.0
34035,1038.0
14723,265.0
17037,653.0
85176,1157.0
64187,248.0
76467,1339.0
02799,395.0
27392,141.0
48126,369.0
02550,120.0
43214,110.0
77171,6402.0
45234,116617.0
07322,1211.0
31159,479.0
53025,1092.0
33385,611.0
53118,224.0
77210,2873.0
69214,1187.0
51552,269.0
54195,175.0
32426,1099.0
88150,293.0
71252,356.0
14184,231.0
46154,352.0
62277,2943.0
77487,11174.0
30066,584.0
26170,3271.0
63158,107.0
31079,4692.0
03207,511.0
25187,501.0
59222,2251.0
21688,114.0
10063,394.0
37099,973.0
47041,710.0
27413,787.0
76740,580.0
28344,261.0
03308,150.0
42254,787.0
02800,314.0
60448,389.0
91248,158.0
10343,6745.0
69103,885.0
68173,2116.0
26217,194.0
72080,2735.0
13016,6341.0
02763,211.0
92049,47657.0
76273,563.0
09207,1472.0
02751,141.0
55301,120.0
03030,901.0
22135,2338.0
24177,661.0
30124,234.0
51326,1092.0
24481,523.0
61374,92.0
09324,3495.0
41074,1204.0
14090,810.0
02171,90.0
09098,67.0
85222,7974.0
35255,969.0
80231,166.0
35160,240.0
37097,664.0
64217,534.0
84104,1391.0
24146,259.0
86069,185.0
36026,609.0
31520,111.0
76690,665.0
08453,99.0
68102,432.0
36004,316.0
53131,189.0
53034,6211.0
95450,2070.0
09120,345.0
2B242,761.0
70500,166.0
38029,1997.0
64253,417.0
22347,1061.0
25450,89.0
50368,66.0
28403,758.0
13065,3414.0
02117,67.0
09340,157.0
24312,4674.0
42295,566.0
54278,101.0
63372,672.0
03273,479.0
70549,78.0
41291,315.0
38470,346.0
972225,4088.0
82132,1172.0
24301,379.0
43093,310.0
67527,351.0
25141,121.0
75115,227746.0
03118,5759.0
52039,86.0
52237,270.0
69127,3644.0
2A026,198.0
51061,129.0
24532,243.0
69091,20654.0
58194,32830.0
42172,1070.0
73086,381.0
58169,13.0
64316,192.0
87183,924.0
79016,770.0
07336,223.0
30282,875.0
25440,388.0
03142,242.0
39301,171.0
14501,240.0
38077,765.0
02124,653.0
53063,457.0
55114,205.0
62133,8117.0
21603,4068.0
26363,40.0
39498,637.0
25201,789.0
26147,20.0
80319,327.0
83054,9658.0
18259,290.0
81238,1501.0
89441,1241.0
60327,1058.0
35299,4591.0
29153,2700.0
27423,760.0
88165,2506.0
33039,30813.0
38339,2137.0
24236,981.0
70168,586.0
38451,3393.0
22141,235.0
04176,115.0
23144,231.0
78029,12317.0
31256,294.0
38562,7293.0
58305,135.0
33038,901.0
73031,5136.0
31489,418.0
11363,191.0
46047,166.0
25570,28.0
34036,1376.0
31321,136.0
60523,899.0
21563,114.0
85154,1770.0
82184,940.0
38531,563.0
24144,101.0
25498,49.0
23086,242.0
60289,266.0
50099,10220.0
71275,1720.0
26332,2106.0
27179,718.0
30115,250.0
06153,835.0
83057,3621.0
53223,329.0
25166,87.0
27062,1571.0
35318,977.0
53152,2780.0
16091,169.0
77172,888.0
70449,64.0
21284,269.0
60238,1827.0
84064,3836.0
08206,364.0
64113,117.0
80326,101.0
40213,645.0
63351,64.0
34113,6565.0
02031,660.0
37055,802.0
59162,656.0
48037,122.0
66230,2156.0
08355,386.0
05035,30.0
39432,125.0
46126,218.0
39448,455.0
68086,210.0
67010,1759.0
09304,20.0
64339,803.0
03112,664.0
974404,13836.0
37116,563.0
13213,92261.0
76641,194.0
88444,307.0
80356,93.0
03044,1547.0
43074,873.0
16387,463.0
60565,516.0
68266,2023.0
08194,826.0
34076,1382.0
71233,301.0
42063,394.0
51132,116.0
23184,96.0
41125,730.0
28119,148.0
62410,188.0
80263,47.0
39370,1093.0
80752,670.0
18272,618.0
63176,111.0
65382,82.0
61367,130.0
38545,8584.0
26164,58.0
62395,137.0
23172,122.0
21262,29.0
51046,990.0
44025,4005.0
65170,75.0
89436,867.0
69063,4517.0
87115,173.0
02215,846.0
77274,459.0
11402,25.0
64299,178.0
81216,212.0
46059,223.0
65478,33.0
49112,951.0
27669,421.0
02484,543.0
36229,939.0
85108,3390.0
15198,109.0
06062,310.0
11385,237.0
77115,505.0
45080,338.0
88155,98.0
73308,606.0
49310,599.0
71528,1975.0
54358,286.0
56042,2237.0
83141,6285.0
21540,7490.0
21476,166.0
27670,964.0
54197,2202.0
45283,158.0
77410,741.0
27682,632.0
65149,160.0
02816,526.0
2B123,4248.0
76549,140.0
80220,99.0
12224,2192.0
67519,5894.0
42133,691.0
11071,219.0
02222,37.0
55430,69.0
50407,958.0
21646,128.0
27219,530.0
57085,393.0
51543,69.0
50395,283.0
29233,12313.0
50398,198.0
02641,119.0
01243,1288.0
01443,4954.0
60076,511.0
26296,33.0
14291,309.0
31437,85.0
54327,623.0
07071,775.0
60590,1244.0
63275,901.0
56250,609.0
46091,212.0
28371,1099.0
68166,13178.0
31412,258.0
06143,717.0
08502,90.0
59203,1574.0
79196,2351.0
19103,67.0
60147,779.0
21364,82.0
25428,1606.0
89300,81.0
34291,356.0
11208,81.0
40216,196.0
23180,464.0
05155,32.0
45225,348.0
72183,1070.0
40124,140.0
59014,13422.0
74158,1102.0
88184,428.0
58084,106.0
2B042,9678.0
70522,158.0
42312,627.0
34240,4136.0
78451,1083.0
26353,1056.0
01266,2578.0
24401,297.0
86035,176.0
40025,856.0
21037,295.0
62470,87.0
59388,1982.0
74236,5602.0
57752,2854.0
60531,1973.0
12068,876.0
86105,363.0
54169,98.0
02585,251.0
88090,4557.0
88462,1876.0
67218,27118.0
14497,339.0
52312,56.0
18276,186.0
19133,237.0
29073,949.0
88178,1792.0
81270,167.0
12102,2370.0
37088,113.0
77466,376.0
71159,201.0
64478,741.0
57559,170.0
77529,1499.0
36182,532.0
67239,1680.0
38034,5004.0
08123,67.0
08455,91.0
59009,62067.0
78564,678.0
70372,155.0
32024,156.0
68125,532.0
88083,215.0
31474,236.0
74167,1390.0
44032,3420.0
87069,146.0
10309,92.0
77073,549.0
68200,532.0
66104,976.0
51294,82.0
60464,1138.0
01374,1899.0
22334,124.0
43097,105.0
74021,1657.0
35217,1375.0
56065,737.0
86039,752.0
73188,1012.0
02055,86.0
33004,3207.0
71359,579.0
31552,144.0
78033,1137.0
60001,594.0
88290,113.0
59426,10160.0
80123,371.0
88032,1183.0
85081,4457.0
79018,167.0
45218,120.0
65248,260.0
34132,202.0
95535,1101.0
41175,1110.0
08432,100.0
63099,3096.0
54089,1409.0
60156,2232.0
68060,1731.0
34229,721.0
39273,222.0
73249,1931.0
52483,69.0
80496,152.0
76486,860.0
70026,2451.0
08015,100.0
44153,1740.0
01183,1495.0
67308,812.0
89347,341.0
63040,4808.0
31280,416.0
09161,617.0
22165,607.0
94068,75441.0
26314,389.0
80204,745.0
34173,1386.0
22149,446.0
61460,958.0
25518,157.0
59152,12671.0
69081,18361.0
54226,174.0
07095,469.0
01098,1188.0
31238,486.0
02076,149.0
62295,1607.0
31103,60.0
10236,58.0
37134,692.0
03040,1139.0
50176,350.0
38440,770.0
01311,44.0
57493,210.0
37148,609.0
52025,84.0
80537,90.0
39041,159.0
89125,910.0
14249,1442.0
01127,504.0
72061,1714.0
27447,885.0
12299,680.0
60253,498.0
15168,714.0
14143,2417.0
51092,346.0
16358,7525.0
23117,290.0
26196,1707.0
77111,6875.0
56077,983.0
38449,6129.0
59268,5599.0
76006,184.0
57128,297.0
34316,241.0
80710,393.0
34150,7643.0
71068,57.0
02559,503.0
46265,333.0
81047,216.0
25361,855.0
80829,89.0
57720,510.0
60316,233.0
19157,220.0
68216,409.0
21653,50.0
78227,771.0
51183,1247.0
16220,719.0
45274,7654.0
88051,127.0
38112,89.0
30178,1517.0
02151,115.0
27242,1007.0
2B069,118.0
45289,1231.0
972201,1715.0
54132,56.0
52479,649.0
62800,377.0
56019,329.0
30021,318.0
17210,509.0
39015,113.0
81048,2594.0
45242,277.0
18084,200.0
22197,3025.0
2A119,141.0
31270,1023.0
50262,533.0
51662,4940.0
64322,339.0
85240,1618.0
05173,473.0
80749,321.0
50105,100.0
55434,50.0
85172,2140.0
70210,151.0
33175,767.0
58224,86.0
39353,165.0
27116,4219.0
01401,2218.0
08115,523.0
79060,176.0
70200,43.0
25555,1121.0
16152,711.0
55280,56.0
01348,3052.0
72231,5365.0
31275,160.0
88531,1488.0
91665,8080.0
77313,244.0
60403,1840.0
65467,95.0
19078,407.0
49178,885.0
68144,1351.0
69196,605.0
08102,85.0
48115,174.0
33188,183.0
74310,1304.0
22390,774.0
83014,239.0
70415,609.0
31535,706.0
57536,218.0
84027,2590.0
24131,73.0
36167,151.0
61194,873.0
28305,290.0
68242,1296.0
81158,256.0
88412,448.0
43249,528.0
36234,335.0
12170,393.0
72349,498.0
51556,296.0
12100,2348.0
54552,67.0
14728,589.0
22132,246.0
69250,4272.0
21529,51.0
22241,1025.0
69071,1179.0
89158,624.0
62463,472.0
77005,3317.0
83081,6685.0
68155,4711.0
24114,69.0
80440,152.0
34245,1740.0
24444,305.0
21350,56.0
86284,719.0
59050,339.0
30153,120.0
02339,699.0
51090,315.0
27383,359.0
46209,161.0
27641,264.0
33233,2814.0
62680,720.0
21148,337.0
71318,1091.0
01334,675.0
62813,482.0
36043,547.0
52216,52.0
36159,5840.0
67044,252.0
27429,180.0
58051,1517.0
08341,882.0
51252,519.0
35006,4549.0
80424,542.0
64320,1180.0
59059,452.0
16057,325.0
10051,1076.0
45186,589.0
09090,41.0
65305,101.0
51381,637.0
03036,2554.0
85086,1683.0
68101,811.0
39147,96.0
61481,78.0
14163,392.0
47168,3076.0
36094,456.0
46214,383.0
55061,237.0
25020,898.0
14756,228.0
76339,261.0
88377,121.0
38084,1406.0
77452,67.0
84047,3039.0
65275,75.0
56020,852.0
80597,836.0
47283,1177.0
18187,518.0
03310,25789.0
80601,368.0
25594,357.0
73100,1950.0
21534,747.0
01242,136.0
15093,99.0
24457,140.0
79200,262.0
88065,278.0
89439,1510.0
25015,719.0
67400,1126.0
61421,646.0
02498,764.0
34341,3934.0
67067,10238.0
45095,2109.0
38244,796.0
67429,613.0
38351,1135.0
88070,178.0
21692,245.0
21246,165.0
62723,243.0
69117,3188.0
35065,2252.0
77454,359.0
15248,570.0
50488,633.0
23105,639.0
38229,18573.0
24197,746.0
59398,3360.0
39177,976.0
57759,67.0
88458,283.0
17082,504.0
72193,437.0
21536,288.0
02187,1157.0
30006,5749.0
02519,190.0
41289,388.0
29210,2907.0
12213,599.0
47246,1512.0
27568,491.0
62432,410.0
26150,12.0
50167,791.0
66182,4784.0
31184,2081.0
08133,521.0
33300,1086.0
21282,108.0
17289,431.0
21077,132.0
54146,292.0
31086,83.0
55530,94.0
08248,683.0
77237,641.0
34209,3247.0
62280,312.0
39571,239.0
76755,555.0
14394,430.0
71243,367.0
14726,5699.0
67453,628.0
28411,172.0
2B149,84.0
11217,1303.0
45064,435.0
25487,45.0
09051,152.0
57065,207.0
62014,9585.0
64502,705.0
60074,1193.0
51035,244.0
67292,677.0
47186,755.0
15025,237.0
23038,255.0
60083,977.0
38212,1264.0
77032,935.0
61283,282.0
88310,885.0
14667,220.0
49110,1954.0
71086,454.0
80661,1060.0
11351,746.0
51485,318.0
54235,426.0
61263,198.0
45133,551.0
03301,1164.0
88299,161.0
88284,589.0
44099,1962.0
51354,278.0
56125,1841.0
31499,9686.0
37064,211.0
26197,4306.0
50506,469.0
15240,170.0
71268,337.0
67033,610.0
10223,719.0
73192,211.0
34281,2378.0
76183,767.0
80693,331.0
62704,581.0
83123,17268.0
36220,893.0
71045,177.0
61274,240.0
77412,377.0
23176,4933.0
64537,134.0
70487,285.0
88365,150.0
81309,328.0
76224,969.0
76228,397.0
64159,111.0
46076,353.0
17035,106.0
56193,5772.0
45052,99.0
45098,3520.0
47148,205.0
87093,282.0
68308,329.0
80211,1759.0
62320,321.0
87151,491.0
19263,294.0
39288,384.0
40141,289.0
31575,1217.0
28213,679.0
66183,70.0
38242,1447.0
17211,757.0
31572,2823.0
74284,1320.0
54424,43.0
70058,923.0
51484,268.0
81024,372.0
80769,221.0
81322,251.0
56121,57846.0
69157,5282.0
51029,1760.0
84057,352.0
02780,1348.0
71482,834.0
17328,903.0
39281,89.0
02652,101.0
21031,547.0
06141,351.0
21218,114.0
76709,4780.0
23175,114.0
05003,377.0
73194,319.0
70408,1077.0
33023,1394.0
13018,4595.0
09167,2349.0
74289,2618.0
80751,572.0
33312,10142.0
62885,251.0
44193,1529.0
21477,81.0
01105,1916.0
60264,516.0
47121,312.0
80107,633.0
67163,543.0
21699,1192.0
69197,2206.0
51477,342.0
42169,1605.0
16334,122.0
83088,2925.0
32175,214.0
19080,690.0
41152,634.0
80456,555.0
83129,36203.0
44175,5104.0
30188,751.0
2A100,68.0
76331,1005.0
80664,190.0
28386,1249.0
14645,162.0
66048,1257.0
34003,29103.0
71471,99.0
76282,994.0
12210,453.0
76211,233.0
12201,1072.0
31091,5957.0
81294,1067.0
71325,1203.0
62285,487.0
67120,513.0
04141,361.0
48130,123.0
25262,467.0
60557,322.0
56088,287.0
64470,627.0
66035,41.0
35009,1698.0
64124,657.0
08451,368.0
63213,2212.0
21597,55.0
35335,856.0
62830,185.0
72293,609.0
19102,286.0
04208,607.0
50594,1032.0
70267,503.0
70411,40.0
21226,335.0
42014,313.0
76744,185.0
28317,576.0
50108,412.0
28054,514.0
67216,2697.0
17277,1045.0
07250,499.0
88484,1045.0
17309,1888.0
24538,1067.0
60538,295.0
32306,606.0
89459,340.0
16099,224.0
64227,667.0
10238,438.0
95580,2419.0
62449,156.0
21168,36.0
88505,122.0
33459,182.0
39142,127.0
28189,171.0
42175,1206.0
39134,218.0
43063,157.0
62478,297.0
80431,743.0
85134,241.0
01123,1162.0
31387,132.0
81258,445.0
85244,809.0
57265,59.0
09218,97.0
77098,361.0
59393,981.0
25468,845.0
57479,481.0
39429,438.0
2A017,1773.0
32334,1657.0
50467,492.0
92040,68580.0
26119,822.0
59368,22488.0
39138,326.0
10306,230.0
72032,335.0
86053,1914.0
68301,1281.0
88468,3257.0
55549,86.0
63308,4403.0
60428,652.0
30176,188.0
54021,236.0
49041,2057.0
37252,390.0
63362,920.0
65306,237.0
47321,320.0
25287,1797.0
01368,848.0
57079,440.0
12287,644.0
63075,17454.0
63220,95.0
62479,1654.0
02341,257.0
69228,4249.0
06029,73255.0
68051,813.0
39131,563.0
25225,186.0
13101,3501.0
61224,465.0
55222,33.0
11200,135.0
71486,8503.0
08195,322.0
80348,188.0
15218,70.0
37247,603.0
10411,28.0
85147,1626.0
54371,1077.0
16032,515.0
85259,1348.0
19110,120.0
52037,366.0
57073,861.0
89172,510.0
55029,14668.0
32436,493.0
60024,801.0
974424,5390.0
59139,14070.0
59360,23013.0
77020,648.0
60386,478.0
40032,215.0
31020,901.0
91045,7757.0
93073,37271.0
31053,1263.0
48129,235.0
33011,6441.0
59075,716.0
21252,75.0
37181,237.0
03242,568.0
45104,2831.0
09205,90.0
46004,224.0
24305,235.0
51369,315.0
31093,940.0
25057,5308.0
51495,73.0
31072,68.0
39526,3923.0
16167,4470.0
59264,727.0
32263,125.0
31162,1119.0
73284,976.0
33449,32538.0
70273,68.0
44055,16468.0
27346,235.0
10137,31.0
51017,327.0
62738,154.0
31266,194.0
40238,614.0
31392,79.0
2A266,88.0
22348,502.0
51356,153.0
42042,1068.0
55332,237.0
50209,1508.0
80308,2454.0
57494,238.0
26046,69.0
14123,2023.0
37269,469.0
53038,135.0
03226,246.0
49341,711.0
54014,252.0
63202,126.0
43113,1938.0
61051,347.0
08452,256.0
17018,865.0
32176,122.0
67272,390.0
54510,298.0
38137,430.0
67088,347.0
27287,865.0
2A351,396.0
59188,141.0
76336,368.0
09307,157.0
2A288,1711.0
58134,3183.0
21274,164.0
69299,2757.0
03240,536.0
88093,37.0
77305,22259.0
80662,268.0
17039,215.0
71030,196.0
23223,215.0
71063,748.0
11121,112.0
76306,172.0
25392,196.0
21352,1148.0
48106,94.0
49015,14938.0
49192,3208.0
86036,907.0
55031,376.0
51104,134.0
31058,128.0
38359,1228.0
19152,464.0
85236,1952.0
17481,170.0
04164,85.0
60330,1335.0
21215,178.0
53083,819.0
53272,190.0
71207,286.0
64101,581.0
50028,105.0
29260,8358.0
11053,295.0
21137,107.0
62557,2441.0
27441,69.0
16070,1557.0
77155,3586.0
32373,219.0
65193,91.0
69192,153.0
63346,211.0
21123,33.0
83110,1686.0
92071,20488.0
46283,328.0
76259,18016.0
79339,1666.0
81040,435.0
17079,1633.0
12290,493.0
26324,8758.0
24285,405.0
33120,2132.0
82167,1921.0
33388,760.0
31458,5115.0
62234,222.0
65444,326.0
81114,529.0
74309,5635.0
10095,284.0
02828,91.0
28049,233.0
08407,59.0
59023,538.0
43039,612.0
63171,323.0
70177,596.0
51471,371.0
21029,78.0
80345,512.0
61452,158.0
72068,1370.0
32434,96.0
14041,122.0
21492,443.0
04151,525.0
89197,724.0
59247,1659.0
16056,884.0
25254,1414.0
34255,10537.0
63338,3486.0
21548,177.0
25488,108.0
66186,2785.0
47155,664.0
25330,175.0
65224,282.0
31339,485.0
21379,151.0
49257,1038.0
01141,433.0
16370,1167.0
62849,2537.0
16150,1601.0
60407,216.0
54328,6081.0
25453,1371.0
82162,268.0
69100,8867.0
63242,387.0
59453,684.0
33079,347.0
21151,92.0
77120,622.0
01045,284.0
74212,1827.0
59153,9396.0
52307,211.0
17363,547.0
91223,26529.0
28114,136.0
40201,1318.0
57441,3010.0
61206,255.0
64221,156.0
85058,767.0
09272,1346.0
61456,1615.0
38022,7740.0
10319,321.0
03060,987.0
52469,723.0
03117,480.0
64223,52.0
61063,1513.0
02767,321.0
12190,281.0
17414,5384.0
10275,597.0
59584,962.0
74261,500.0
56228,1127.0
08153,344.0
33256,5352.0
02439,1215.0
78609,998.0
56165,9879.0
24378,84.0
17101,334.0
65284,1089.0
58206,33.0
77138,554.0
70392,34.0
89438,1747.0
37145,243.0
37254,1693.0
53086,631.0
43230,1053.0
72064,520.0
09029,159.0
42230,1604.0
10211,990.0
76371,72.0
66004,539.0
55463,3924.0
46081,77.0
88452,134.0
31445,6005.0
60262,237.0
66052,357.0
74048,1109.0
02177,144.0
01333,3368.0
76166,482.0
10008,114.0
49200,6334.0
51139,313.0
50387,353.0
02467,49.0
51374,27.0
27144,272.0
33101,1261.0
76474,6957.0
24261,286.0
86098,144.0
82024,250.0
57026,1071.0
29275,747.0
10274,311.0
77001,1154.0
37004,431.0
33076,813.0
59392,29066.0
89362,177.0
46337,259.0
22209,4168.0
39366,217.0
23114,401.0
40050,207.0
54553,153.0
49307,16416.0
54038,758.0
62520,2342.0
01435,2137.0
01150,215.0
31063,172.0
21264,39.0
50102,755.0
80408,327.0
73250,1549.0
63197,114.0
30319,629.0
02050,319.0
57152,519.0
27684,839.0
14399,263.0
74104,3626.0
02357,66.0
80834,511.0
53100,1156.0
21017,503.0
16077,516.0
60680,700.0
24058,226.0
01247,297.0
70252,180.0
54102,617.0
57731,2288.0
54131,494.0
65076,54.0
61387,540.0
59439,278.0
05148,562.0
65010,225.0
39205,376.0
58021,201.0
68365,1776.0
33334,2676.0
76059,422.0
72090,2895.0
89162,391.0
28143,245.0
80116,255.0
74201,2251.0
40267,1009.0
39387,292.0
38210,920.0
74059,254.0
68027,340.0
07215,202.0
61293,3815.0
29028,910.0
58001,159.0
17176,103.0
27696,883.0
38041,110.0
76646,620.0
13036,4355.0
14022,622.0
73026,392.0
79217,945.0
09080,169.0
67079,178.0
61287,723.0
50336,214.0
84088,10636.0
54324,85.0
33187,1311.0
2A022,79.0
57356,1222.0
59432,512.0
13075,11396.0
85266,1675.0
07089,1814.0
2B315,290.0
76201,524.0
67108,1839.0
71345,668.0
78354,6155.0
27136,268.0
25344,42.0
62516,9988.0
72044,432.0
37121,246.0
50033,136.0
70400,109.0
51137,213.0
21161,78.0
26034,592.0
37086,485.0
21039,37.0
19268,36.0
44171,2056.0
42152,561.0
50251,360.0
74314,1650.0
59543,1070.0
21143,60.0
80262,370.0
62440,1117.0
82048,1634.0
62113,492.0
28256,440.0
52064,760.0
37016,354.0
49127,3351.0
07161,741.0
27048,197.0
86227,135.0
13038,3521.0
15238,127.0
57266,145.0
36154,1817.0
49321,390.0
33454,1786.0
08126,221.0
59171,40.0
03268,387.0
56243,8944.0
39042,497.0
54162,1149.0
54310,2.0
22158,2498.0
35005,284.0
39058,166.0
11108,46.0
26066,39.0
25033,507.0
26202,328.0
84059,125.0
59324,10342.0
57057,606.0
55496,1049.0
46062,427.0
89208,1151.0
14177,842.0
78401,9041.0
52492,553.0
70544,112.0
49332,4212.0
62239,2647.0
52503,25.0
54161,316.0
71226,27.0
25251,168.0
40072,185.0
76405,219.0
70153,96.0
33440,235.0
17245,918.0
39525,393.0
55243,180.0
38373,1157.0
29245,1587.0
70341,298.0
67404,910.0
09149,196.0
14216,235.0
54051,1300.0
57332,6267.0
74202,730.0
32325,126.0
74078,425.0
64485,1499.0
42274,269.0
76718,1423.0
18173,238.0
31186,2968.0
22008,1139.0
60079,968.0
71545,1065.0
14743,82.0
68017,813.0
25360,179.0
39072,311.0
37074,2089.0
39408,154.0
11031,22.0
56097,4044.0
18258,690.0
08282,1026.0
76265,161.0
64087,870.0
80590,323.0
79290,951.0
86239,178.0
65033,113.0
28073,346.0
26205,85.0
65338,250.0
52214,30.0
57543,1478.0
23011,162.0
47206,567.0
21463,61.0
56001,3875.0
14661,158.0
40160,182.0
67119,1403.0
64427,150.0
35118,1524.0
59650,40836.0
80307,154.0
27234,322.0
62870,1049.0
07203,117.0
09127,124.0
31112,183.0
93001,90071.0
21301,271.0
18243,425.0
62875,1346.0
39278,135.0
10394,168.0
57257,102.0
17188,453.0
32158,245.0
56173,4438.0
67035,490.0
70488,188.0
63357,113.0
53062,16710.0
85178,8626.0
57374,202.0
77471,341.0
72105,471.0
57555,114.0
62244,5414.0
55023,121.0
12073,631.0
65092,227.0
61107,403.0
46305,319.0
41066,428.0
02205,213.0
62219,155.0
24073,376.0
54012,357.0
55295,30.0
53144,750.0
51162,641.0
02727,209.0
82166,288.0
68065,673.0
59327,6250.0
14016,494.0
30258,14264.0
64129,13866.0
23181,153.0
80632,2468.0
49331,17699.0
54509,992.0
64544,76.0
72052,668.0
39198,23775.0
59352,8192.0
35163,1818.0
81182,2049.0
77068,214.0
30148,327.0
02396,63.0
15187,6423.0
59244,1763.0
24403,68.0
46038,1389.0
21024,114.0
07029,258.0
77531,1632.0
59530,332.0
60235,670.0
21109,215.0
38370,656.0
60282,8924.0
28052,738.0
73084,924.0
95169,502.0
31114,241.0
57728,258.0
23266,168.0
86162,116.0
90021,373.0
46282,97.0
76029,199.0
46096,95.0
77298,443.0
55339,74.0
18131,34.0
59611,2673.0
33403,137.0
80121,148.0
42259,3784.0
14436,557.0
46097,114.0
10135,92.0
58182,1384.0
71051,126.0
29090,792.0
23023,106.0
77258,14650.0
43187,325.0
61113,64.0
88113,136.0
62361,3318.0
54480,55.0
18059,929.0
60302,775.0
29139,879.0
02382,1356.0
40243,3084.0
57074,814.0
80461,228.0
13028,36987.0
52254,88.0
25351,242.0
65025,2850.0
34270,12570.0
17207,739.0
56030,1122.0
23245,1911.0
86130,370.0
44024,2811.0
02704,220.0
94028,92989.0
50084,535.0
53005,2323.0
60178,3462.0
32226,83.0
68237,560.0
58111,105.0
63145,154.0
07278,405.0
81232,625.0
2B096,7654.0
63283,649.0
33077,2404.0
30330,947.0
68010,1134.0
69292,6858.0
21140,76.0
59027,1726.0
55207,52.0
49060,3463.0
50042,439.0
65077,421.0
01423,1198.0
78643,10025.0
17290,289.0
33143,2581.0
84036,3437.0
51047,44.0
14421,574.0
69139,1386.0
32171,186.0
62648,537.0
42185,724.0
37195,10325.0
72209,309.0
29105,9192.0
67336,1736.0
91135,2893.0
07162,573.0
38499,1162.0
70427,330.0
12134,355.0
38522,155.0
59430,1093.0
30142,1096.0
21664,75.0
89332,957.0
31403,807.0
02245,1787.0
30303,836.0
89126,30.0
38042,1045.0
17302,606.0
56014,1562.0
55379,60.0
50446,550.0
18077,370.0
52294,693.0
70340,215.0
54203,149.0
19210,65.0
54335,408.0
54323,15191.0
56061,3993.0
33314,5098.0
61291,74.0
57208,1332.0
71183,152.0
60143,3346.0
64314,445.0
58126,426.0
17384,264.0
80755,142.0
58011,277.0
60292,234.0
30340,632.0
41124,324.0
10253,148.0
06135,199.0
77333,13189.0
22117,1771.0
63244,1792.0
81207,77.0
61510,219.0
08425,47.0
76268,179.0
77037,5979.0
40219,106.0
50610,202.0
31376,103.0
34071,274.0
41275,1246.0
71311,251.0
11057,27.0
67152,7603.0
84063,391.0
38540,1401.0
12212,94.0
52218,49.0
24018,401.0
12164,689.0
57102,3231.0
33195,1202.0
50626,381.0
54420,91.0
10090,225.0
27119,1625.0
63395,988.0
972228,14650.0
07094,176.0
25465,206.0
50194,374.0
46063,1835.0
24245,258.0
52439,70.0
50585,1164.0
17483,1505.0
89277,366.0
31226,81.0
46270,243.0
72236,189.0
27152,593.0
14569,241.0
11364,150.0
57077,95.0
79166,893.0
68309,4145.0
46234,100.0
62898,225.0
89450,632.0
53134,181.0
83150,4333.0
57206,14798.0
80082,730.0
59457,8519.0
01309,81.0
37182,1504.0
72168,2050.0
86171,431.0
95328,643.0
89036,229.0
77014,13660.0
59494,154.0
88278,68.0
53037,721.0
72319,731.0
02554,1108.0
32188,80.0
80275,296.0
95256,3334.0
67019,1205.0
46238,288.0
01319,467.0
71259,372.0
68366,699.0
63270,485.0
12108,371.0
48103,1180.0
46178,267.0
74073,693.0
2B236,184.0
40027,154.0
01427,6947.0
90019,299.0
52125,1029.0
89016,75.0
78296,628.0
08101,165.0
43085,56.0
28194,409.0
87129,946.0
72259,275.0
11222,175.0
02678,67.0
86268,1134.0
01285,1319.0
27183,2306.0
47215,3747.0
52489,33.0
30333,4761.0
21066,50.0
39519,173.0
54333,247.0
44106,1827.0
25411,6867.0
45059,202.0
53106,530.0
76382,1152.0
25592,638.0
95365,717.0
76756,239.0
73257,3472.0
27561,655.0
76427,943.0
50448,648.0
24028,1767.0
76212,9738.0
47074,368.0
25247,82.0
43152,2831.0
87046,1198.0
33070,849.0
04241,193.0
31166,292.0
69003,2991.0
60059,198.0
34094,1162.0
70472,441.0
58112,627.0
04201,119.0
35266,3466.0
03186,1523.0
47275,201.0
70541,203.0
43082,70.0
61281,261.0
43033,626.0
61225,29.0
28173,1482.0
21438,73.0
38214,2165.0
32114,124.0
29081,1398.0
58288,111.0
51600,101.0
27012,447.0
48174,136.0
82029,277.0
60370,1317.0
51127,86.0
04061,513.0
38146,818.0
73078,141.0
77084,1386.0
80797,143.0
45138,50.0
64260,17796.0
54580,10069.0
78417,295.0
17218,4500.0
07330,2443.0
77359,2040.0
49012,357.0
14025,307.0
84142,3084.0
77354,950.0
08020,59.0
19081,505.0
05023,10561.0
47304,62.0
15174,262.0
28008,209.0
62310,1755.0
44150,3986.0
87090,268.0
88221,217.0
82032,543.0
71481,1123.0
07054,259.0
40060,137.0
28374,539.0
47110,1625.0
31320,956.0
42153,477.0
57490,335.0
14220,3565.0
63190,286.0
54481,98.0
88268,139.0
19087,85.0
08490,4016.0
33176,356.0
15144,323.0
08082,78.0
74242,6287.0
86046,1701.0
80518,433.0
73283,744.0
90070,414.0
39129,390.0
59189,1221.0
56031,3099.0
11113,116.0
45112,354.0
77181,3841.0
47169,1193.0
17071,514.0
38057,667.0
17478,64.0
21449,173.0
19079,490.0
65065,306.0
57210,658.0
72010,358.0
61419,211.0
73246,303.0
65474,111.0
71364,173.0
37110,1386.0
51078,549.0
17066,228.0
27230,3669.0
66029,133.0
31045,503.0
23070,433.0
59563,232.0
21374,175.0
74077,1046.0
02090,199.0
81118,165.0
52013,123.0
57333,824.0
25389,112.0
55275,85.0
72170,172.0
76271,1843.0
39334,128.0
50345,699.0
89274,1325.0
95446,1803.0
24091,1194.0
09220,162.0
2A060,74.0
89123,251.0
32327,84.0
95056,2228.0
61488,80.0
67069,505.0
38498,761.0
52413,106.0
53115,314.0
47231,178.0
42118,750.0
48041,78.0
76490,1105.0
21099,305.0
65362,1111.0
51238,441.0
56172,2714.0
91570,21437.0
88410,269.0
60308,467.0
42336,626.0
22217,421.0
47190,546.0
18266,228.0
02515,52.0
76140,199.0
52115,96.0
40140,194.0
79118,285.0
50531,764.0
16136,572.0
33544,1369.0
80068,219.0
08446,83.0
60485,240.0
01227,655.0
77140,267.0
60271,82.0
17410,575.0
28252,177.0
61103,170.0
62327,619.0
12156,523.0
86138,249.0
33184,548.0
24354,3018.0
